[debug] [2023-03-13T20:07:04.694Z] ----------------------------------------------------------------------
[debug] [2023-03-13T20:07:04.695Z] Command:       /usr/local/bin/node /usr/local/bin/firebase deploy
[debug] [2023-03-13T20:07:04.695Z] CLI Version:   11.24.1
[debug] [2023-03-13T20:07:04.695Z] Platform:      darwin
[debug] [2023-03-13T20:07:04.695Z] Node Version:  v18.12.1
[debug] [2023-03-13T20:07:04.696Z] Time:          Mon Mar 13 2023 22:07:04 GMT+0200 (Eastern European Standard Time)
[debug] [2023-03-13T20:07:04.696Z] ----------------------------------------------------------------------
[debug] 
[debug] [2023-03-13T20:07:04.727Z] Object "" in "firebase.json" has unknown property: {"additionalProperty":"headers"}
[debug] [2023-03-13T20:07:04.729Z] > command requires scopes: ["email","openid","https://www.googleapis.com/auth/cloudplatformprojects.readonly","https://www.googleapis.com/auth/firebase","https://www.googleapis.com/auth/cloud-platform"]
[debug] [2023-03-13T20:07:04.729Z] > authorizing via signed-in user (dimitar.m.yanev@gmail.com)
[debug] [2023-03-13T20:07:04.730Z] [iam] checking project trucky-4ab43 for permissions ["cloudfunctions.functions.create","cloudfunctions.functions.delete","cloudfunctions.functions.get","cloudfunctions.functions.list","cloudfunctions.functions.update","cloudfunctions.operations.get","firebase.projects.get","firebasedatabase.instances.update","firebasehosting.sites.update","firebaserules.releases.create","firebaserules.releases.update","firebaserules.rulesets.create"]
[debug] [2023-03-13T20:07:04.731Z] >>> [apiv2][query] POST https://cloudresourcemanager.googleapis.com/v1/projects/trucky-4ab43:testIamPermissions [none]
[debug] [2023-03-13T20:07:04.731Z] >>> [apiv2][(partial)header] POST https://cloudresourcemanager.googleapis.com/v1/projects/trucky-4ab43:testIamPermissions x-goog-quota-user=projects/trucky-4ab43
[debug] [2023-03-13T20:07:04.731Z] >>> [apiv2][body] POST https://cloudresourcemanager.googleapis.com/v1/projects/trucky-4ab43:testIamPermissions {"permissions":["cloudfunctions.functions.create","cloudfunctions.functions.delete","cloudfunctions.functions.get","cloudfunctions.functions.list","cloudfunctions.functions.update","cloudfunctions.operations.get","firebase.projects.get","firebasedatabase.instances.update","firebasehosting.sites.update","firebaserules.releases.create","firebaserules.releases.update","firebaserules.rulesets.create"]}
[debug] [2023-03-13T20:07:06.161Z] <<< [apiv2][status] POST https://cloudresourcemanager.googleapis.com/v1/projects/trucky-4ab43:testIamPermissions 200
[debug] [2023-03-13T20:07:06.161Z] <<< [apiv2][body] POST https://cloudresourcemanager.googleapis.com/v1/projects/trucky-4ab43:testIamPermissions {"permissions":["cloudfunctions.functions.create","cloudfunctions.functions.delete","cloudfunctions.functions.get","cloudfunctions.functions.list","cloudfunctions.functions.update","cloudfunctions.operations.get","firebase.projects.get","firebasedatabase.instances.update","firebasehosting.sites.update","firebaserules.releases.create","firebaserules.releases.update","firebaserules.rulesets.create"]}
[debug] [2023-03-13T20:07:06.162Z] >>> [apiv2][query] POST https://iam.googleapis.com/v1/projects/trucky-4ab43/serviceAccounts/trucky-4ab43@appspot.gserviceaccount.com:testIamPermissions [none]
[debug] [2023-03-13T20:07:06.162Z] >>> [apiv2][body] POST https://iam.googleapis.com/v1/projects/trucky-4ab43/serviceAccounts/trucky-4ab43@appspot.gserviceaccount.com:testIamPermissions {"permissions":["iam.serviceAccounts.actAs"]}
[debug] [2023-03-13T20:07:07.181Z] <<< [apiv2][status] POST https://iam.googleapis.com/v1/projects/trucky-4ab43/serviceAccounts/trucky-4ab43@appspot.gserviceaccount.com:testIamPermissions 200
[debug] [2023-03-13T20:07:07.182Z] <<< [apiv2][body] POST https://iam.googleapis.com/v1/projects/trucky-4ab43/serviceAccounts/trucky-4ab43@appspot.gserviceaccount.com:testIamPermissions {"permissions":["iam.serviceAccounts.actAs"]}
[debug] [2023-03-13T20:07:07.183Z] >>> [apiv2][query] GET https://firebase.googleapis.com/v1beta1/projects/trucky-4ab43 [none]
[debug] [2023-03-13T20:07:07.966Z] <<< [apiv2][status] GET https://firebase.googleapis.com/v1beta1/projects/trucky-4ab43 200
[debug] [2023-03-13T20:07:07.967Z] <<< [apiv2][body] GET https://firebase.googleapis.com/v1beta1/projects/trucky-4ab43 {"projectId":"trucky-4ab43","projectNumber":"852668909766","displayName":"trucky","name":"projects/trucky-4ab43","resources":{"hostingSite":"trucky-4ab43","realtimeDatabaseInstance":"trucky-4ab43-default-rtdb","storageBucket":"trucky-4ab43.appspot.com","locationId":"europe-west"},"state":"ACTIVE","etag":"1_78c1c157-507b-4309-8efb-c3186e93aefd"}
[debug] [2023-03-13T20:07:07.967Z] >>> [apiv2][query] GET https://firebase.googleapis.com/v1beta1/projects/trucky-4ab43 [none]
[debug] [2023-03-13T20:07:08.806Z] <<< [apiv2][status] GET https://firebase.googleapis.com/v1beta1/projects/trucky-4ab43 200
[debug] [2023-03-13T20:07:08.806Z] <<< [apiv2][body] GET https://firebase.googleapis.com/v1beta1/projects/trucky-4ab43 {"projectId":"trucky-4ab43","projectNumber":"852668909766","displayName":"trucky","name":"projects/trucky-4ab43","resources":{"hostingSite":"trucky-4ab43","realtimeDatabaseInstance":"trucky-4ab43-default-rtdb","storageBucket":"trucky-4ab43.appspot.com","locationId":"europe-west"},"state":"ACTIVE","etag":"1_78c1c157-507b-4309-8efb-c3186e93aefd"}
[debug] [2023-03-13T20:07:10.472Z] >>> [apiv2][query] GET https://firebasehosting.googleapis.com/v1beta1/projects/trucky-4ab43/sites pageToken=&pageSize=10
[debug] [2023-03-13T20:07:11.840Z] <<< [apiv2][status] GET https://firebasehosting.googleapis.com/v1beta1/projects/trucky-4ab43/sites 200
[debug] [2023-03-13T20:07:11.841Z] <<< [apiv2][body] GET https://firebasehosting.googleapis.com/v1beta1/projects/trucky-4ab43/sites {"sites":[{"name":"projects/trucky-4ab43/sites/trucky-4ab43","defaultUrl":"https://trucky-4ab43.web.app","appId":"1:852668909766:web:e0a316cd85505945426fc7","type":"DEFAULT_SITE"}]}
[debug] [2023-03-13T20:07:11.841Z] >>> [apiv2][query] GET https://firebase.googleapis.com/v1beta1/projects/-/webApps/1:852668909766:web:e0a316cd85505945426fc7/config [none]
[debug] [2023-03-13T20:07:13.615Z] <<< [apiv2][status] GET https://firebase.googleapis.com/v1beta1/projects/-/webApps/1:852668909766:web:e0a316cd85505945426fc7/config 200
[debug] [2023-03-13T20:07:13.616Z] <<< [apiv2][body] GET https://firebase.googleapis.com/v1beta1/projects/-/webApps/1:852668909766:web:e0a316cd85505945426fc7/config {"projectId":"trucky-4ab43","appId":"1:852668909766:web:e0a316cd85505945426fc7","databaseURL":"https://trucky-4ab43-default-rtdb.europe-west1.firebasedatabase.app","storageBucket":"trucky-4ab43.appspot.com","locationId":"europe-west","apiKey":"AIzaSyBlwcJwGtOvk9NHLpnBfxoPeANEpibye-g","authDomain":"trucky-4ab43.firebaseapp.com","messagingSenderId":"852668909766","measurementId":"G-2PT7BKQCW9"}
[info] 
[info] === Deploying to 'trucky-4ab43'...
[info] 
[info] i  deploying database, storage, functions, hosting 
[info] Running command: npm --prefix "$RESOURCE_DIR" run lint
[info] Running command: npm --prefix "$RESOURCE_DIR" run build
[info] ✔  functions: Finished running predeploy script. 
[info] i  database: checking rules syntax... 
[debug] [2023-03-13T20:07:54.422Z] >>> [apiv2][query] GET https://firebasedatabase.googleapis.com/v1beta/projects/trucky-4ab43/locations/-/instances/trucky-4ab43-default-rtdb [none]
[debug] [2023-03-13T20:07:55.862Z] <<< [apiv2][status] GET https://firebasedatabase.googleapis.com/v1beta/projects/trucky-4ab43/locations/-/instances/trucky-4ab43-default-rtdb 200
[debug] [2023-03-13T20:07:55.862Z] <<< [apiv2][body] GET https://firebasedatabase.googleapis.com/v1beta/projects/trucky-4ab43/locations/-/instances/trucky-4ab43-default-rtdb {"name":"projects/852668909766/locations/europe-west1/instances/trucky-4ab43-default-rtdb","project":"projects/852668909766","databaseUrl":"https://trucky-4ab43-default-rtdb.europe-west1.firebasedatabase.app","type":"DEFAULT_DATABASE","state":"ACTIVE"}
[debug] [2023-03-13T20:07:55.862Z] >>> [apiv2][query] PUT https://trucky-4ab43-default-rtdb.europe-west1.firebasedatabase.app/.settings/rules.json dryRun=true
[debug] [2023-03-13T20:07:55.862Z] >>> [apiv2][body] PUT https://trucky-4ab43-default-rtdb.europe-west1.firebasedatabase.app/.settings/rules.json "{\n  \"rules\": {\n    \"vehicles\": {\n      \"$uid\": {\n        \".write\": \"$uid === auth.uid && root.child('stripe_customers/' + auth.uid + '/status').val() === 'active'\",\n        \".read\": \"$uid === auth.uid && root.child('stripe_customers/' + auth.uid + '/status').val() === 'active'\"\n      }\n    },\n    \"drivers\": {\n      \"$uid\": {\n        \".write\": \"$uid === auth.uid && root.child('stripe_customers/' + auth.uid + '/status').val() === 'active'\",\n        \".read\": \"$uid === auth.uid && root.child('stripe_customers/' + auth.uid + '/status').val() === 'active'\"\n      }\n    },\n    \"routes\": {\n      \"$uid\": {\n        \".write\": \"$uid === auth.uid && root.child('stripe_customers/' + auth.uid + '/status').val() === 'active'\",\n        \".read\": \"$uid === auth.uid && root.child('stripe_customers/' + auth.uid + '/status').val() === 'active'\"\n      }\n    },\n    \"stripe_customers\": {\n      \"$uid\": {\n        \"payment_method_id\": {\n          \".write\": \"$uid === auth.uid\"\n        },\n        \"card\": {\n          \".write\": \"$uid === auth.uid\"\n        },\n        \".write\": false,\n        \".read\": \"$uid === auth.uid\"\n      },\n      \".indexOn\": [\"customer_id\"]\n    },\n    \"settings\": {\n      \"$uid\": {\n        \".write\": \"$uid === auth.uid\",\n        \".read\": \"$uid === auth.uid\"\n      }\n    },\n    \"service\": {\n      \"$uid\": {\n        \".write\": \"$uid === auth.uid && root.child('stripe_customers/' + auth.uid + '/status').val() === 'active'\",\n        \".read\": \"$uid === auth.uid && root.child('stripe_customers/' + auth.uid + '/status').val() === 'active'\",\n        \".indexOn\": [\"vehicle\"]\n      }\n    },\n    \"time_notifications\": {\n      \".write\": false,\n      \".read\": false\n    },\n    \"milage_notifications\": {\n      \".write\": false,\n      \".read\": false\n    }\n  }\n}"
[debug] [2023-03-13T20:07:56.997Z] <<< [apiv2][status] PUT https://trucky-4ab43-default-rtdb.europe-west1.firebasedatabase.app/.settings/rules.json 200
[debug] [2023-03-13T20:07:56.998Z] <<< [apiv2][body] PUT https://trucky-4ab43-default-rtdb.europe-west1.firebasedatabase.app/.settings/rules.json {"status":"ok"}
[info] ✔  database: rules syntax for database trucky-4ab43-default-rtdb is valid 
[debug] [2023-03-13T20:07:56.999Z] >>> [apiv2][query] GET https://appengine.googleapis.com/v1/apps/trucky-4ab43 [none]
[debug] [2023-03-13T20:07:57.784Z] <<< [apiv2][status] GET https://appengine.googleapis.com/v1/apps/trucky-4ab43 200
[debug] [2023-03-13T20:07:57.784Z] <<< [apiv2][body] GET https://appengine.googleapis.com/v1/apps/trucky-4ab43 {"name":"apps/trucky-4ab43","id":"trucky-4ab43","authDomain":"gmail.com","locationId":"europe-west","codeBucket":"staging.trucky-4ab43.appspot.com","servingStatus":"SERVING","defaultHostname":"trucky-4ab43.ew.r.appspot.com","defaultBucket":"trucky-4ab43.appspot.com","serviceAccount":"trucky-4ab43@appspot.gserviceaccount.com","gcrDomain":"eu.gcr.io","databaseType":"CLOUD_DATASTORE_COMPATIBILITY","featureSettings":{"splitHealthChecks":true,"useContainerOptimizedOs":true}}
[info] i  firebase.storage: checking storage.rules for compilation errors... 
[debug] [2023-03-13T20:07:57.787Z] >>> [apiv2][query] POST https://firebaserules.googleapis.com/v1/projects/trucky-4ab43:test [none]
[debug] [2023-03-13T20:07:57.787Z] >>> [apiv2][body] POST https://firebaserules.googleapis.com/v1/projects/trucky-4ab43:test [omitted]
[debug] [2023-03-13T20:07:58.526Z] <<< [apiv2][status] POST https://firebaserules.googleapis.com/v1/projects/trucky-4ab43:test 200
[debug] [2023-03-13T20:07:58.527Z] <<< [apiv2][body] POST https://firebaserules.googleapis.com/v1/projects/trucky-4ab43:test {"issues":[{"sourcePosition":{"fileName":"storage.rules"},"description":"Ruleset uses old version (version [1]). Please update to the latest version (version [2]).","severity":"WARNING"}]}
[warn] ⚠  [W] undefined:undefined - Ruleset uses old version (version [1]). Please update to the latest version (version [2]). 
[info] ✔  firebase.storage: rules file storage.rules compiled successfully 
[debug] [2023-03-13T20:07:58.529Z] >>> [apiv2][query] GET https://firebase.googleapis.com/v1beta1/projects/trucky-4ab43 [none]
[debug] [2023-03-13T20:07:58.935Z] <<< [apiv2][status] GET https://firebase.googleapis.com/v1beta1/projects/trucky-4ab43 200
[debug] [2023-03-13T20:07:58.936Z] <<< [apiv2][body] GET https://firebase.googleapis.com/v1beta1/projects/trucky-4ab43 {"projectId":"trucky-4ab43","projectNumber":"852668909766","displayName":"trucky","name":"projects/trucky-4ab43","resources":{"hostingSite":"trucky-4ab43","realtimeDatabaseInstance":"trucky-4ab43-default-rtdb","storageBucket":"trucky-4ab43.appspot.com","locationId":"europe-west"},"state":"ACTIVE","etag":"1_78c1c157-507b-4309-8efb-c3186e93aefd"}
[info] i  functions: preparing codebase default for deployment 
[info] i  functions: preparing codebase firebase-frameworks-trucky-4ab43 for deployment 
[info] i  functions: ensuring required API cloudfunctions.googleapis.com is enabled... 
[info] i  functions: ensuring required API cloudbuild.googleapis.com is enabled... 
[info] i  artifactregistry: ensuring required API artifactregistry.googleapis.com is enabled... 
[debug] [2023-03-13T20:07:58.938Z] >>> [apiv2][query] GET https://serviceusage.googleapis.com/v1/projects/trucky-4ab43/services/cloudfunctions.googleapis.com [none]
[debug] [2023-03-13T20:07:58.938Z] >>> [apiv2][(partial)header] GET https://serviceusage.googleapis.com/v1/projects/trucky-4ab43/services/cloudfunctions.googleapis.com x-goog-quota-user=projects/trucky-4ab43
[debug] [2023-03-13T20:07:58.939Z] >>> [apiv2][query] GET https://serviceusage.googleapis.com/v1/projects/trucky-4ab43/services/runtimeconfig.googleapis.com [none]
[debug] [2023-03-13T20:07:58.939Z] >>> [apiv2][(partial)header] GET https://serviceusage.googleapis.com/v1/projects/trucky-4ab43/services/runtimeconfig.googleapis.com x-goog-quota-user=projects/trucky-4ab43
[debug] [2023-03-13T20:07:58.940Z] >>> [apiv2][query] GET https://serviceusage.googleapis.com/v1/projects/trucky-4ab43/services/cloudbuild.googleapis.com [none]
[debug] [2023-03-13T20:07:58.940Z] >>> [apiv2][(partial)header] GET https://serviceusage.googleapis.com/v1/projects/trucky-4ab43/services/cloudbuild.googleapis.com x-goog-quota-user=projects/trucky-4ab43
[debug] [2023-03-13T20:07:58.940Z] >>> [apiv2][query] GET https://serviceusage.googleapis.com/v1/projects/trucky-4ab43/services/artifactregistry.googleapis.com [none]
[debug] [2023-03-13T20:07:58.940Z] >>> [apiv2][(partial)header] GET https://serviceusage.googleapis.com/v1/projects/trucky-4ab43/services/artifactregistry.googleapis.com x-goog-quota-user=projects/trucky-4ab43
[debug] [2023-03-13T20:08:00.322Z] <<< [apiv2][status] GET https://serviceusage.googleapis.com/v1/projects/trucky-4ab43/services/runtimeconfig.googleapis.com 200
[debug] [2023-03-13T20:08:00.323Z] <<< [apiv2][body] GET https://serviceusage.googleapis.com/v1/projects/trucky-4ab43/services/runtimeconfig.googleapis.com [omitted]
[debug] [2023-03-13T20:08:00.385Z] <<< [apiv2][status] GET https://serviceusage.googleapis.com/v1/projects/trucky-4ab43/services/artifactregistry.googleapis.com 200
[debug] [2023-03-13T20:08:00.386Z] <<< [apiv2][body] GET https://serviceusage.googleapis.com/v1/projects/trucky-4ab43/services/artifactregistry.googleapis.com [omitted]
[warn] ⚠  artifactregistry: missing required API artifactregistry.googleapis.com. Enabling now... 
[debug] [2023-03-13T20:08:00.387Z] >>> [apiv2][query] POST https://serviceusage.googleapis.com/v1/projects/trucky-4ab43/services/artifactregistry.googleapis.com:enable [none]
[debug] [2023-03-13T20:08:00.387Z] >>> [apiv2][(partial)header] POST https://serviceusage.googleapis.com/v1/projects/trucky-4ab43/services/artifactregistry.googleapis.com:enable x-goog-quota-user=projects/trucky-4ab43
[debug] [2023-03-13T20:08:00.404Z] <<< [apiv2][status] GET https://serviceusage.googleapis.com/v1/projects/trucky-4ab43/services/cloudbuild.googleapis.com 200
[debug] [2023-03-13T20:08:00.404Z] <<< [apiv2][body] GET https://serviceusage.googleapis.com/v1/projects/trucky-4ab43/services/cloudbuild.googleapis.com [omitted]
[warn] ⚠  functions: missing required API cloudbuild.googleapis.com. Enabling now... 
[debug] [2023-03-13T20:08:00.405Z] >>> [apiv2][query] POST https://serviceusage.googleapis.com/v1/projects/trucky-4ab43/services/cloudbuild.googleapis.com:enable [none]
[debug] [2023-03-13T20:08:00.405Z] >>> [apiv2][(partial)header] POST https://serviceusage.googleapis.com/v1/projects/trucky-4ab43/services/cloudbuild.googleapis.com:enable x-goog-quota-user=projects/trucky-4ab43
[debug] [2023-03-13T20:08:00.415Z] <<< [apiv2][status] GET https://serviceusage.googleapis.com/v1/projects/trucky-4ab43/services/cloudfunctions.googleapis.com 200
[debug] [2023-03-13T20:08:00.415Z] <<< [apiv2][body] GET https://serviceusage.googleapis.com/v1/projects/trucky-4ab43/services/cloudfunctions.googleapis.com [omitted]
[info] ✔  functions: required API cloudfunctions.googleapis.com is enabled 
[debug] [2023-03-13T20:08:03.032Z] <<< [apiv2][status] POST https://serviceusage.googleapis.com/v1/projects/trucky-4ab43/services/artifactregistry.googleapis.com:enable 200
[debug] [2023-03-13T20:08:03.032Z] <<< [apiv2][body] POST https://serviceusage.googleapis.com/v1/projects/trucky-4ab43/services/artifactregistry.googleapis.com:enable [omitted]
[debug] [2023-03-13T20:08:03.129Z] <<< [apiv2][status] POST https://serviceusage.googleapis.com/v1/projects/trucky-4ab43/services/cloudbuild.googleapis.com:enable 200
[debug] [2023-03-13T20:08:03.130Z] <<< [apiv2][body] POST https://serviceusage.googleapis.com/v1/projects/trucky-4ab43/services/cloudbuild.googleapis.com:enable [omitted]
[debug] [2023-03-13T20:08:13.035Z] >>> [apiv2][query] GET https://serviceusage.googleapis.com/v1/projects/trucky-4ab43/services/artifactregistry.googleapis.com [none]
[debug] [2023-03-13T20:08:13.036Z] >>> [apiv2][(partial)header] GET https://serviceusage.googleapis.com/v1/projects/trucky-4ab43/services/artifactregistry.googleapis.com x-goog-quota-user=projects/trucky-4ab43
[debug] [2023-03-13T20:08:13.133Z] >>> [apiv2][query] GET https://serviceusage.googleapis.com/v1/projects/trucky-4ab43/services/cloudbuild.googleapis.com [none]
[debug] [2023-03-13T20:08:13.133Z] >>> [apiv2][(partial)header] GET https://serviceusage.googleapis.com/v1/projects/trucky-4ab43/services/cloudbuild.googleapis.com x-goog-quota-user=projects/trucky-4ab43
[debug] [2023-03-13T20:08:15.266Z] <<< [apiv2][status] GET https://serviceusage.googleapis.com/v1/projects/trucky-4ab43/services/artifactregistry.googleapis.com 200
[debug] [2023-03-13T20:08:15.266Z] <<< [apiv2][body] GET https://serviceusage.googleapis.com/v1/projects/trucky-4ab43/services/artifactregistry.googleapis.com [omitted]
[info] ✔  artifactregistry: required API artifactregistry.googleapis.com is enabled 
[debug] [2023-03-13T20:08:15.269Z] <<< [apiv2][status] GET https://serviceusage.googleapis.com/v1/projects/trucky-4ab43/services/cloudbuild.googleapis.com 200
[debug] [2023-03-13T20:08:15.270Z] <<< [apiv2][body] GET https://serviceusage.googleapis.com/v1/projects/trucky-4ab43/services/cloudbuild.googleapis.com [omitted]
[info] ✔  functions: required API cloudbuild.googleapis.com is enabled 
[debug] [2023-03-13T20:08:15.270Z] >>> [apiv2][query] GET https://firebase.googleapis.com/v1beta1/projects/trucky-4ab43/adminSdkConfig [none]
[debug] [2023-03-13T20:08:16.364Z] <<< [apiv2][status] GET https://firebase.googleapis.com/v1beta1/projects/trucky-4ab43/adminSdkConfig 200
[debug] [2023-03-13T20:08:16.364Z] <<< [apiv2][body] GET https://firebase.googleapis.com/v1beta1/projects/trucky-4ab43/adminSdkConfig {"projectId":"trucky-4ab43","databaseURL":"https://trucky-4ab43-default-rtdb.europe-west1.firebasedatabase.app","storageBucket":"trucky-4ab43.appspot.com","locationId":"europe-west"}
[debug] [2023-03-13T20:08:16.365Z] >>> [apiv2][query] GET https://runtimeconfig.googleapis.com/v1beta1/projects/trucky-4ab43/configs [none]
[debug] [2023-03-13T20:08:17.730Z] <<< [apiv2][status] GET https://runtimeconfig.googleapis.com/v1beta1/projects/trucky-4ab43/configs 200
[debug] [2023-03-13T20:08:17.730Z] <<< [apiv2][body] GET https://runtimeconfig.googleapis.com/v1beta1/projects/trucky-4ab43/configs {}
[debug] [2023-03-13T20:08:17.732Z] Validating nodejs source
[warn] ⚠  functions: package.json indicates an outdated version of firebase-functions. Please upgrade using npm install --save firebase-functions@latest in your functions directory. 
[warn] ⚠  functions: Please note that there will be breaking changes when you upgrade. 
[debug] [2023-03-13T20:08:20.576Z] > [functions] package.json contents: {
  "name": "functions",
  "scripts": {
    "lint": "eslint --ext .js,.ts .",
    "build": "tsc",
    "build:watch": "tsc --watch",
    "serve": "npm run build && firebase emulators:start --only functions",
    "shell": "npm run build && firebase functions:shell",
    "start": "npm run shell",
    "deploy": "firebase deploy --only functions",
    "logs": "firebase functions:log"
  },
  "engines": {
    "node": "16"
  },
  "main": "lib/index.js",
  "dependencies": {
    "firebase-admin": "^10.0.2",
    "firebase-functions": "^3.18.0"
  },
  "devDependencies": {
    "@typescript-eslint/eslint-plugin": "^5.12.0",
    "@typescript-eslint/parser": "^5.12.0",
    "eslint": "^8.9.0",
    "eslint-config-google": "^0.14.0",
    "eslint-plugin-import": "^2.25.4",
    "firebase-functions-test": "^0.2.0",
    "typescript": "^4.5.4"
  },
  "private": true
}
[debug] [2023-03-13T20:08:20.577Z] Building nodejs source
[debug] [2023-03-13T20:08:20.577Z] Could not find functions.yaml. Must use http discovery
[debug] [2023-03-13T20:08:20.582Z] Found firebase-functions binary at '/Users/metak/Projects/trucky/functions/node_modules/.bin/firebase-functions'
[debug] [2023-03-13T20:08:23.325Z] Serving at port 8538

[debug] [2023-03-13T20:08:23.331Z] Got response from /__/functions.yaml {"endpoints":{},"specVersion":"v1alpha1","requiredAPIs":[]}
[debug] [2023-03-13T20:08:23.335Z] shutdown requested via /__/quitquitquit

[debug] [2023-03-13T20:08:23.338Z] Validating nodejs source
[warn] ⚠  functions: package.json indicates an outdated version of firebase-functions. Please upgrade using npm install --save firebase-functions@latest in your functions directory. 
[warn] ⚠  functions: Please note that there will be breaking changes when you upgrade. 
[debug] [2023-03-13T20:08:26.192Z] > [functions] package.json contents: {
  "name": "trucky",
  "version": "0.1.0",
  "private": true,
  "type": "module",
  "scripts": {
    "build": "next build",
    "dev": "next dev",
    "lint": "next lint",
    "start": "next start"
  },
  "dependencies": {
    "@emotion/react": "^11.10.5",
    "@emotion/styled": "^11.10.5",
    "@mui/icons-material": "^5.10.16",
    "@mui/material": "^5.10.16",
    "@mui/x-date-pickers": "^5.0.12",
    "@reduxjs/toolkit": "^1.9.1",
    "@types/file-saver": "^2.0.5",
    "@types/react-detect-offline": "^2.4.1",
    "@types/react-table": "^7.7.12",
    "@types/redux-actions": "^2.6.2",
    "@types/uuid": "^9.0.0",
    "date-fns": "^2.29.3",
    "file-saver": "^2.0.5",
    "firebase": "^9.14.0",
    "fuse.js": "^6.6.2",
    "next": "^13.1.4",
    "notistack": "^2.0.8",
    "react": "^18.2.0",
    "react-detect-offline": "^2.4.5",
    "react-dom": "^18.2.0",
    "react-intl": "^6.2.5",
    "react-redux": "^8.0.5",
    "react-scripts": "^5.0.1",
    "react-table": "^7.8.0",
    "react-to-print": "^2.14.12",
    "redux": "^4.2.0",
    "uuid": "^9.0.0",
    "sharp": "latest",
    "firebase-frameworks": "^0.6.0",
    "firebase-functions": "^3.23.0",
    "firebase-admin": "^11.0.1"
  },
  "ct3aMetadata": {
    "initVersion": "6.11.0"
  },
  "main": "server.js",
  "repository": "https://github.com/dmyanev/trucky.git",
  "author": "Dimitar Yanev <dimitar.m.yanev@gmail.com>",
  "engines": {
    "node": "18"
  }
}
[debug] [2023-03-13T20:08:26.192Z] Building nodejs source
[debug] [2023-03-13T20:08:26.193Z] Could not find functions.yaml. Must use http discovery
[debug] [2023-03-13T20:08:26.193Z] Found firebase-functions binary at '/Users/metak/Projects/trucky/.firebase/trucky-4ab43/functions/node_modules/.bin/firebase-functions'
[debug] [2023-03-13T20:08:26.870Z] Serving at port 8824

[debug] [2023-03-13T20:08:26.908Z] Got response from /__/functions.yaml {"endpoints":{"ssrtrucky4ab43":{"platform":"gcfv2","region":["europe-west1"],"labels":{},"httpsTrigger":{},"entryPoint":"ssrtrucky4ab43"}},"specVersion":"v1alpha1","requiredAPIs":[]}
[debug] [2023-03-13T20:08:26.915Z] shutdown requested via /__/quitquitquit

[debug] [2023-03-13T20:08:26.951Z] Failed to validate key FIREBASE_API_KEY: Error: Key FIREBASE_API_KEY starts with a reserved prefix (X_GOOGLE_ FIREBASE_ EXT_)
[debug] [2023-03-13T20:08:26.952Z] Failed to validate key FIREBASE_AUTH_DOMAIN: Error: Key FIREBASE_AUTH_DOMAIN starts with a reserved prefix (X_GOOGLE_ FIREBASE_ EXT_)
[debug] [2023-03-13T20:08:26.952Z] Failed to validate key FIREBASE_PROJECT_ID: Error: Key FIREBASE_PROJECT_ID starts with a reserved prefix (X_GOOGLE_ FIREBASE_ EXT_)
[debug] [2023-03-13T20:08:26.952Z] Failed to validate key FIREBASE_STORAGE_BUCKET: Error: Key FIREBASE_STORAGE_BUCKET starts with a reserved prefix (X_GOOGLE_ FIREBASE_ EXT_)
[debug] [2023-03-13T20:08:26.952Z] Failed to validate key FIREBASE_MESSAGING_SENDER_ID: Error: Key FIREBASE_MESSAGING_SENDER_ID starts with a reserved prefix (X_GOOGLE_ FIREBASE_ EXT_)
[debug] [2023-03-13T20:08:26.952Z] Failed to validate key FIREBASE_APP_ID: Error: Key FIREBASE_APP_ID starts with a reserved prefix (X_GOOGLE_ FIREBASE_ EXT_)
[debug] [2023-03-13T20:08:26.952Z] Failed to validate key FIREBASE_MEASUREMENT_ID: Error: Key FIREBASE_MEASUREMENT_ID starts with a reserved prefix (X_GOOGLE_ FIREBASE_ EXT_)
[debug] [2023-03-13T20:08:26.952Z] Failed to validate key FIREBASE_DATABASE_URL: Error: Key FIREBASE_DATABASE_URL starts with a reserved prefix (X_GOOGLE_ FIREBASE_ EXT_)
[error] Error: Failed to load environment variables from .env.:
[error] - Error Key FIREBASE_API_KEY starts with a reserved prefix (X_GOOGLE_ FIREBASE_ EXT_)
[error] - Error Key FIREBASE_AUTH_DOMAIN starts with a reserved prefix (X_GOOGLE_ FIREBASE_ EXT_)
[error] - Error Key FIREBASE_PROJECT_ID starts with a reserved prefix (X_GOOGLE_ FIREBASE_ EXT_)
[error] - Error Key FIREBASE_STORAGE_BUCKET starts with a reserved prefix (X_GOOGLE_ FIREBASE_ EXT_)
[error] - Error Key FIREBASE_MESSAGING_SENDER_ID starts with a reserved prefix (X_GOOGLE_ FIREBASE_ EXT_)
[error] - Error Key FIREBASE_APP_ID starts with a reserved prefix (X_GOOGLE_ FIREBASE_ EXT_)
[error] - Error Key FIREBASE_MEASUREMENT_ID starts with a reserved prefix (X_GOOGLE_ FIREBASE_ EXT_)
[error] - Error Key FIREBASE_DATABASE_URL starts with a reserved prefix (X_GOOGLE_ FIREBASE_ EXT_)
[debug] [2023-03-13T20:27:18.687Z] ----------------------------------------------------------------------
[debug] [2023-03-13T20:27:18.688Z] Command:       /usr/local/bin/node /usr/local/bin/firebase deploy
[debug] [2023-03-13T20:27:18.688Z] CLI Version:   11.24.1
[debug] [2023-03-13T20:27:18.689Z] Platform:      darwin
[debug] [2023-03-13T20:27:18.689Z] Node Version:  v18.12.1
[debug] [2023-03-13T20:27:18.690Z] Time:          Mon Mar 13 2023 22:27:18 GMT+0200 (Eastern European Standard Time)
[debug] [2023-03-13T20:27:18.690Z] ----------------------------------------------------------------------
[debug] 
[debug] [2023-03-13T20:27:18.722Z] Object "" in "firebase.json" has unknown property: {"additionalProperty":"headers"}
[debug] [2023-03-13T20:27:18.724Z] > command requires scopes: ["email","openid","https://www.googleapis.com/auth/cloudplatformprojects.readonly","https://www.googleapis.com/auth/firebase","https://www.googleapis.com/auth/cloud-platform"]
[debug] [2023-03-13T20:27:18.724Z] > authorizing via signed-in user (dimitar.m.yanev@gmail.com)
[debug] [2023-03-13T20:27:18.724Z] [iam] checking project trucky-4ab43 for permissions ["cloudfunctions.functions.create","cloudfunctions.functions.delete","cloudfunctions.functions.get","cloudfunctions.functions.list","cloudfunctions.functions.update","cloudfunctions.operations.get","firebase.projects.get","firebasedatabase.instances.update","firebasehosting.sites.update","firebaserules.releases.create","firebaserules.releases.update","firebaserules.rulesets.create"]
[debug] [2023-03-13T20:27:18.724Z] > refreshing access token with scopes: []
[debug] [2023-03-13T20:27:18.725Z] >>> [apiv2][query] POST https://www.googleapis.com/oauth2/v3/token [none]
[debug] [2023-03-13T20:27:18.725Z] >>> [apiv2][body] POST https://www.googleapis.com/oauth2/v3/token [omitted]
[debug] [2023-03-13T20:27:19.071Z] <<< [apiv2][status] POST https://www.googleapis.com/oauth2/v3/token 200
[debug] [2023-03-13T20:27:19.071Z] <<< [apiv2][body] POST https://www.googleapis.com/oauth2/v3/token [omitted]
[debug] [2023-03-13T20:27:19.082Z] >>> [apiv2][query] POST https://cloudresourcemanager.googleapis.com/v1/projects/trucky-4ab43:testIamPermissions [none]
[debug] [2023-03-13T20:27:19.082Z] >>> [apiv2][(partial)header] POST https://cloudresourcemanager.googleapis.com/v1/projects/trucky-4ab43:testIamPermissions x-goog-quota-user=projects/trucky-4ab43
[debug] [2023-03-13T20:27:19.082Z] >>> [apiv2][body] POST https://cloudresourcemanager.googleapis.com/v1/projects/trucky-4ab43:testIamPermissions {"permissions":["cloudfunctions.functions.create","cloudfunctions.functions.delete","cloudfunctions.functions.get","cloudfunctions.functions.list","cloudfunctions.functions.update","cloudfunctions.operations.get","firebase.projects.get","firebasedatabase.instances.update","firebasehosting.sites.update","firebaserules.releases.create","firebaserules.releases.update","firebaserules.rulesets.create"]}
[debug] [2023-03-13T20:27:20.350Z] <<< [apiv2][status] POST https://cloudresourcemanager.googleapis.com/v1/projects/trucky-4ab43:testIamPermissions 200
[debug] [2023-03-13T20:27:20.350Z] <<< [apiv2][body] POST https://cloudresourcemanager.googleapis.com/v1/projects/trucky-4ab43:testIamPermissions {"permissions":["cloudfunctions.functions.create","cloudfunctions.functions.delete","cloudfunctions.functions.get","cloudfunctions.functions.list","cloudfunctions.functions.update","cloudfunctions.operations.get","firebase.projects.get","firebasedatabase.instances.update","firebasehosting.sites.update","firebaserules.releases.create","firebaserules.releases.update","firebaserules.rulesets.create"]}
[debug] [2023-03-13T20:27:20.350Z] >>> [apiv2][query] POST https://iam.googleapis.com/v1/projects/trucky-4ab43/serviceAccounts/trucky-4ab43@appspot.gserviceaccount.com:testIamPermissions [none]
[debug] [2023-03-13T20:27:20.351Z] >>> [apiv2][body] POST https://iam.googleapis.com/v1/projects/trucky-4ab43/serviceAccounts/trucky-4ab43@appspot.gserviceaccount.com:testIamPermissions {"permissions":["iam.serviceAccounts.actAs"]}
[debug] [2023-03-13T20:27:21.368Z] <<< [apiv2][status] POST https://iam.googleapis.com/v1/projects/trucky-4ab43/serviceAccounts/trucky-4ab43@appspot.gserviceaccount.com:testIamPermissions 200
[debug] [2023-03-13T20:27:21.368Z] <<< [apiv2][body] POST https://iam.googleapis.com/v1/projects/trucky-4ab43/serviceAccounts/trucky-4ab43@appspot.gserviceaccount.com:testIamPermissions {"permissions":["iam.serviceAccounts.actAs"]}
[debug] [2023-03-13T20:27:21.369Z] >>> [apiv2][query] GET https://firebase.googleapis.com/v1beta1/projects/trucky-4ab43 [none]
[debug] [2023-03-13T20:27:22.521Z] <<< [apiv2][status] GET https://firebase.googleapis.com/v1beta1/projects/trucky-4ab43 200
[debug] [2023-03-13T20:27:22.521Z] <<< [apiv2][body] GET https://firebase.googleapis.com/v1beta1/projects/trucky-4ab43 {"projectId":"trucky-4ab43","projectNumber":"852668909766","displayName":"trucky","name":"projects/trucky-4ab43","resources":{"hostingSite":"trucky-4ab43","realtimeDatabaseInstance":"trucky-4ab43-default-rtdb","storageBucket":"trucky-4ab43.appspot.com","locationId":"europe-west"},"state":"ACTIVE","etag":"1_78c1c157-507b-4309-8efb-c3186e93aefd"}
[debug] [2023-03-13T20:27:22.521Z] >>> [apiv2][query] GET https://firebase.googleapis.com/v1beta1/projects/trucky-4ab43 [none]
[debug] [2023-03-13T20:27:22.959Z] <<< [apiv2][status] GET https://firebase.googleapis.com/v1beta1/projects/trucky-4ab43 200
[debug] [2023-03-13T20:27:22.960Z] <<< [apiv2][body] GET https://firebase.googleapis.com/v1beta1/projects/trucky-4ab43 {"projectId":"trucky-4ab43","projectNumber":"852668909766","displayName":"trucky","name":"projects/trucky-4ab43","resources":{"hostingSite":"trucky-4ab43","realtimeDatabaseInstance":"trucky-4ab43-default-rtdb","storageBucket":"trucky-4ab43.appspot.com","locationId":"europe-west"},"state":"ACTIVE","etag":"1_78c1c157-507b-4309-8efb-c3186e93aefd"}
[debug] [2023-03-13T20:27:24.662Z] >>> [apiv2][query] GET https://firebasehosting.googleapis.com/v1beta1/projects/trucky-4ab43/sites pageToken=&pageSize=10
[debug] [2023-03-13T20:27:26.497Z] <<< [apiv2][status] GET https://firebasehosting.googleapis.com/v1beta1/projects/trucky-4ab43/sites 200
[debug] [2023-03-13T20:27:26.497Z] <<< [apiv2][body] GET https://firebasehosting.googleapis.com/v1beta1/projects/trucky-4ab43/sites {"sites":[{"name":"projects/trucky-4ab43/sites/trucky-4ab43","defaultUrl":"https://trucky-4ab43.web.app","appId":"1:852668909766:web:e0a316cd85505945426fc7","type":"DEFAULT_SITE"}]}
[debug] [2023-03-13T20:27:26.498Z] >>> [apiv2][query] GET https://firebase.googleapis.com/v1beta1/projects/-/webApps/1:852668909766:web:e0a316cd85505945426fc7/config [none]
[debug] [2023-03-13T20:27:28.159Z] <<< [apiv2][status] GET https://firebase.googleapis.com/v1beta1/projects/-/webApps/1:852668909766:web:e0a316cd85505945426fc7/config 200
[debug] [2023-03-13T20:27:28.160Z] <<< [apiv2][body] GET https://firebase.googleapis.com/v1beta1/projects/-/webApps/1:852668909766:web:e0a316cd85505945426fc7/config {"projectId":"trucky-4ab43","appId":"1:852668909766:web:e0a316cd85505945426fc7","databaseURL":"https://trucky-4ab43-default-rtdb.europe-west1.firebasedatabase.app","storageBucket":"trucky-4ab43.appspot.com","locationId":"europe-west","apiKey":"AIzaSyBlwcJwGtOvk9NHLpnBfxoPeANEpibye-g","authDomain":"trucky-4ab43.firebaseapp.com","messagingSenderId":"852668909766","measurementId":"G-2PT7BKQCW9"}
[info] 
[info] === Deploying to 'trucky-4ab43'...
[info] 
[info] i  deploying database, storage, functions, hosting 
[info] Running command: npm --prefix "$RESOURCE_DIR" run lint
[info] Running command: npm --prefix "$RESOURCE_DIR" run build
[info] ✔  functions: Finished running predeploy script. 
[info] i  database: checking rules syntax... 
[debug] [2023-03-13T20:28:14.092Z] >>> [apiv2][query] GET https://firebasedatabase.googleapis.com/v1beta/projects/trucky-4ab43/locations/-/instances/trucky-4ab43-default-rtdb [none]
[debug] [2023-03-13T20:28:14.778Z] <<< [apiv2][status] GET https://firebasedatabase.googleapis.com/v1beta/projects/trucky-4ab43/locations/-/instances/trucky-4ab43-default-rtdb 200
[debug] [2023-03-13T20:28:14.779Z] <<< [apiv2][body] GET https://firebasedatabase.googleapis.com/v1beta/projects/trucky-4ab43/locations/-/instances/trucky-4ab43-default-rtdb {"name":"projects/852668909766/locations/europe-west1/instances/trucky-4ab43-default-rtdb","project":"projects/852668909766","databaseUrl":"https://trucky-4ab43-default-rtdb.europe-west1.firebasedatabase.app","type":"DEFAULT_DATABASE","state":"ACTIVE"}
[debug] [2023-03-13T20:28:14.779Z] >>> [apiv2][query] PUT https://trucky-4ab43-default-rtdb.europe-west1.firebasedatabase.app/.settings/rules.json dryRun=true
[debug] [2023-03-13T20:28:14.779Z] >>> [apiv2][body] PUT https://trucky-4ab43-default-rtdb.europe-west1.firebasedatabase.app/.settings/rules.json "{\n  \"rules\": {\n    \"vehicles\": {\n      \"$uid\": {\n        \".write\": \"$uid === auth.uid && root.child('stripe_customers/' + auth.uid + '/status').val() === 'active'\",\n        \".read\": \"$uid === auth.uid && root.child('stripe_customers/' + auth.uid + '/status').val() === 'active'\"\n      }\n    },\n    \"drivers\": {\n      \"$uid\": {\n        \".write\": \"$uid === auth.uid && root.child('stripe_customers/' + auth.uid + '/status').val() === 'active'\",\n        \".read\": \"$uid === auth.uid && root.child('stripe_customers/' + auth.uid + '/status').val() === 'active'\"\n      }\n    },\n    \"routes\": {\n      \"$uid\": {\n        \".write\": \"$uid === auth.uid && root.child('stripe_customers/' + auth.uid + '/status').val() === 'active'\",\n        \".read\": \"$uid === auth.uid && root.child('stripe_customers/' + auth.uid + '/status').val() === 'active'\"\n      }\n    },\n    \"stripe_customers\": {\n      \"$uid\": {\n        \"payment_method_id\": {\n          \".write\": \"$uid === auth.uid\"\n        },\n        \"card\": {\n          \".write\": \"$uid === auth.uid\"\n        },\n        \".write\": false,\n        \".read\": \"$uid === auth.uid\"\n      },\n      \".indexOn\": [\"customer_id\"]\n    },\n    \"settings\": {\n      \"$uid\": {\n        \".write\": \"$uid === auth.uid\",\n        \".read\": \"$uid === auth.uid\"\n      }\n    },\n    \"service\": {\n      \"$uid\": {\n        \".write\": \"$uid === auth.uid && root.child('stripe_customers/' + auth.uid + '/status').val() === 'active'\",\n        \".read\": \"$uid === auth.uid && root.child('stripe_customers/' + auth.uid + '/status').val() === 'active'\",\n        \".indexOn\": [\"vehicle\"]\n      }\n    },\n    \"time_notifications\": {\n      \".write\": false,\n      \".read\": false\n    },\n    \"milage_notifications\": {\n      \".write\": false,\n      \".read\": false\n    }\n  }\n}"
[debug] [2023-03-13T20:28:14.983Z] <<< [apiv2][status] PUT https://trucky-4ab43-default-rtdb.europe-west1.firebasedatabase.app/.settings/rules.json 200
[debug] [2023-03-13T20:28:14.983Z] <<< [apiv2][body] PUT https://trucky-4ab43-default-rtdb.europe-west1.firebasedatabase.app/.settings/rules.json {"status":"ok"}
[info] ✔  database: rules syntax for database trucky-4ab43-default-rtdb is valid 
[debug] [2023-03-13T20:28:14.984Z] >>> [apiv2][query] GET https://appengine.googleapis.com/v1/apps/trucky-4ab43 [none]
[debug] [2023-03-13T20:28:15.535Z] <<< [apiv2][status] GET https://appengine.googleapis.com/v1/apps/trucky-4ab43 200
[debug] [2023-03-13T20:28:15.535Z] <<< [apiv2][body] GET https://appengine.googleapis.com/v1/apps/trucky-4ab43 {"name":"apps/trucky-4ab43","id":"trucky-4ab43","authDomain":"gmail.com","locationId":"europe-west","codeBucket":"staging.trucky-4ab43.appspot.com","servingStatus":"SERVING","defaultHostname":"trucky-4ab43.ew.r.appspot.com","defaultBucket":"trucky-4ab43.appspot.com","serviceAccount":"trucky-4ab43@appspot.gserviceaccount.com","gcrDomain":"eu.gcr.io","databaseType":"CLOUD_DATASTORE_COMPATIBILITY","featureSettings":{"splitHealthChecks":true,"useContainerOptimizedOs":true}}
[info] i  firebase.storage: checking storage.rules for compilation errors... 
[debug] [2023-03-13T20:28:15.538Z] >>> [apiv2][query] POST https://firebaserules.googleapis.com/v1/projects/trucky-4ab43:test [none]
[debug] [2023-03-13T20:28:15.540Z] >>> [apiv2][body] POST https://firebaserules.googleapis.com/v1/projects/trucky-4ab43:test [omitted]
[debug] [2023-03-13T20:28:17.746Z] <<< [apiv2][status] POST https://firebaserules.googleapis.com/v1/projects/trucky-4ab43:test 200
[debug] [2023-03-13T20:28:17.746Z] <<< [apiv2][body] POST https://firebaserules.googleapis.com/v1/projects/trucky-4ab43:test {"issues":[{"sourcePosition":{"fileName":"storage.rules"},"description":"Ruleset uses old version (version [1]). Please update to the latest version (version [2]).","severity":"WARNING"}]}
[warn] ⚠  [W] undefined:undefined - Ruleset uses old version (version [1]). Please update to the latest version (version [2]). 
[info] ✔  firebase.storage: rules file storage.rules compiled successfully 
[debug] [2023-03-13T20:28:17.749Z] >>> [apiv2][query] GET https://firebase.googleapis.com/v1beta1/projects/trucky-4ab43 [none]
[debug] [2023-03-13T20:28:18.168Z] <<< [apiv2][status] GET https://firebase.googleapis.com/v1beta1/projects/trucky-4ab43 200
[debug] [2023-03-13T20:28:18.169Z] <<< [apiv2][body] GET https://firebase.googleapis.com/v1beta1/projects/trucky-4ab43 {"projectId":"trucky-4ab43","projectNumber":"852668909766","displayName":"trucky","name":"projects/trucky-4ab43","resources":{"hostingSite":"trucky-4ab43","realtimeDatabaseInstance":"trucky-4ab43-default-rtdb","storageBucket":"trucky-4ab43.appspot.com","locationId":"europe-west"},"state":"ACTIVE","etag":"1_78c1c157-507b-4309-8efb-c3186e93aefd"}
[info] i  functions: preparing codebase default for deployment 
[info] i  functions: preparing codebase firebase-frameworks-trucky-4ab43 for deployment 
[info] i  functions: ensuring required API cloudfunctions.googleapis.com is enabled... 
[info] i  functions: ensuring required API cloudbuild.googleapis.com is enabled... 
[info] i  artifactregistry: ensuring required API artifactregistry.googleapis.com is enabled... 
[debug] [2023-03-13T20:28:18.171Z] >>> [apiv2][query] GET https://serviceusage.googleapis.com/v1/projects/trucky-4ab43/services/cloudfunctions.googleapis.com [none]
[debug] [2023-03-13T20:28:18.171Z] >>> [apiv2][(partial)header] GET https://serviceusage.googleapis.com/v1/projects/trucky-4ab43/services/cloudfunctions.googleapis.com x-goog-quota-user=projects/trucky-4ab43
[debug] [2023-03-13T20:28:18.173Z] >>> [apiv2][query] GET https://serviceusage.googleapis.com/v1/projects/trucky-4ab43/services/runtimeconfig.googleapis.com [none]
[debug] [2023-03-13T20:28:18.173Z] >>> [apiv2][(partial)header] GET https://serviceusage.googleapis.com/v1/projects/trucky-4ab43/services/runtimeconfig.googleapis.com x-goog-quota-user=projects/trucky-4ab43
[debug] [2023-03-13T20:28:18.174Z] >>> [apiv2][query] GET https://serviceusage.googleapis.com/v1/projects/trucky-4ab43/services/cloudbuild.googleapis.com [none]
[debug] [2023-03-13T20:28:18.174Z] >>> [apiv2][(partial)header] GET https://serviceusage.googleapis.com/v1/projects/trucky-4ab43/services/cloudbuild.googleapis.com x-goog-quota-user=projects/trucky-4ab43
[debug] [2023-03-13T20:28:18.174Z] >>> [apiv2][query] GET https://serviceusage.googleapis.com/v1/projects/trucky-4ab43/services/artifactregistry.googleapis.com [none]
[debug] [2023-03-13T20:28:18.174Z] >>> [apiv2][(partial)header] GET https://serviceusage.googleapis.com/v1/projects/trucky-4ab43/services/artifactregistry.googleapis.com x-goog-quota-user=projects/trucky-4ab43
[debug] [2023-03-13T20:28:21.480Z] <<< [apiv2][status] GET https://serviceusage.googleapis.com/v1/projects/trucky-4ab43/services/runtimeconfig.googleapis.com 200
[debug] [2023-03-13T20:28:21.480Z] <<< [apiv2][body] GET https://serviceusage.googleapis.com/v1/projects/trucky-4ab43/services/runtimeconfig.googleapis.com [omitted]
[debug] [2023-03-13T20:28:21.481Z] <<< [apiv2][status] GET https://serviceusage.googleapis.com/v1/projects/trucky-4ab43/services/artifactregistry.googleapis.com 200
[debug] [2023-03-13T20:28:21.481Z] <<< [apiv2][body] GET https://serviceusage.googleapis.com/v1/projects/trucky-4ab43/services/artifactregistry.googleapis.com [omitted]
[info] ✔  artifactregistry: required API artifactregistry.googleapis.com is enabled 
[debug] [2023-03-13T20:28:21.483Z] <<< [apiv2][status] GET https://serviceusage.googleapis.com/v1/projects/trucky-4ab43/services/cloudfunctions.googleapis.com 200
[debug] [2023-03-13T20:28:21.483Z] <<< [apiv2][body] GET https://serviceusage.googleapis.com/v1/projects/trucky-4ab43/services/cloudfunctions.googleapis.com [omitted]
[info] ✔  functions: required API cloudfunctions.googleapis.com is enabled 
[debug] [2023-03-13T20:28:21.483Z] <<< [apiv2][status] GET https://serviceusage.googleapis.com/v1/projects/trucky-4ab43/services/cloudbuild.googleapis.com 200
[debug] [2023-03-13T20:28:21.483Z] <<< [apiv2][body] GET https://serviceusage.googleapis.com/v1/projects/trucky-4ab43/services/cloudbuild.googleapis.com [omitted]
[info] ✔  functions: required API cloudbuild.googleapis.com is enabled 
[debug] [2023-03-13T20:28:21.484Z] >>> [apiv2][query] GET https://firebase.googleapis.com/v1beta1/projects/trucky-4ab43/adminSdkConfig [none]
[debug] [2023-03-13T20:28:21.902Z] <<< [apiv2][status] GET https://firebase.googleapis.com/v1beta1/projects/trucky-4ab43/adminSdkConfig 200
[debug] [2023-03-13T20:28:21.902Z] <<< [apiv2][body] GET https://firebase.googleapis.com/v1beta1/projects/trucky-4ab43/adminSdkConfig {"projectId":"trucky-4ab43","databaseURL":"https://trucky-4ab43-default-rtdb.europe-west1.firebasedatabase.app","storageBucket":"trucky-4ab43.appspot.com","locationId":"europe-west"}
[debug] [2023-03-13T20:28:21.903Z] >>> [apiv2][query] GET https://runtimeconfig.googleapis.com/v1beta1/projects/trucky-4ab43/configs [none]
[debug] [2023-03-13T20:28:22.394Z] <<< [apiv2][status] GET https://runtimeconfig.googleapis.com/v1beta1/projects/trucky-4ab43/configs 200
[debug] [2023-03-13T20:28:22.395Z] <<< [apiv2][body] GET https://runtimeconfig.googleapis.com/v1beta1/projects/trucky-4ab43/configs {}
[debug] [2023-03-13T20:28:22.397Z] Validating nodejs source
[warn] ⚠  functions: package.json indicates an outdated version of firebase-functions. Please upgrade using npm install --save firebase-functions@latest in your functions directory. 
[warn] ⚠  functions: Please note that there will be breaking changes when you upgrade. 
[debug] [2023-03-13T20:28:23.965Z] > [functions] package.json contents: {
  "name": "functions",
  "scripts": {
    "lint": "eslint --ext .js,.ts .",
    "build": "tsc",
    "build:watch": "tsc --watch",
    "serve": "npm run build && firebase emulators:start --only functions",
    "shell": "npm run build && firebase functions:shell",
    "start": "npm run shell",
    "deploy": "firebase deploy --only functions",
    "logs": "firebase functions:log"
  },
  "engines": {
    "node": "16"
  },
  "main": "lib/index.js",
  "dependencies": {
    "firebase-admin": "^10.0.2",
    "firebase-functions": "^3.18.0"
  },
  "devDependencies": {
    "@typescript-eslint/eslint-plugin": "^5.12.0",
    "@typescript-eslint/parser": "^5.12.0",
    "eslint": "^8.9.0",
    "eslint-config-google": "^0.14.0",
    "eslint-plugin-import": "^2.25.4",
    "firebase-functions-test": "^0.2.0",
    "typescript": "^4.5.4"
  },
  "private": true
}
[debug] [2023-03-13T20:28:23.965Z] Building nodejs source
[debug] [2023-03-13T20:28:23.966Z] Could not find functions.yaml. Must use http discovery
[debug] [2023-03-13T20:28:23.972Z] Found firebase-functions binary at '/Users/metak/Projects/trucky/functions/node_modules/.bin/firebase-functions'
[debug] [2023-03-13T20:28:24.134Z] Serving at port 8239

[debug] [2023-03-13T20:28:24.141Z] Got response from /__/functions.yaml {"endpoints":{},"specVersion":"v1alpha1","requiredAPIs":[]}
[debug] [2023-03-13T20:28:24.144Z] shutdown requested via /__/quitquitquit

[debug] [2023-03-13T20:28:24.147Z] Validating nodejs source
[warn] ⚠  functions: package.json indicates an outdated version of firebase-functions. Please upgrade using npm install --save firebase-functions@latest in your functions directory. 
[warn] ⚠  functions: Please note that there will be breaking changes when you upgrade. 
[debug] [2023-03-13T20:28:24.652Z] > [functions] package.json contents: {
  "name": "trucky",
  "version": "0.1.0",
  "private": true,
  "type": "module",
  "scripts": {
    "build": "next build",
    "dev": "next dev",
    "lint": "next lint",
    "start": "next start"
  },
  "dependencies": {
    "@emotion/react": "^11.10.5",
    "@emotion/styled": "^11.10.5",
    "@mui/icons-material": "^5.10.16",
    "@mui/material": "^5.10.16",
    "@mui/x-date-pickers": "^5.0.12",
    "@reduxjs/toolkit": "^1.9.1",
    "@types/file-saver": "^2.0.5",
    "@types/react-detect-offline": "^2.4.1",
    "@types/react-table": "^7.7.12",
    "@types/redux-actions": "^2.6.2",
    "@types/uuid": "^9.0.0",
    "date-fns": "^2.29.3",
    "file-saver": "^2.0.5",
    "firebase": "^9.14.0",
    "fuse.js": "^6.6.2",
    "next": "^13.1.4",
    "notistack": "^2.0.8",
    "react": "^18.2.0",
    "react-detect-offline": "^2.4.5",
    "react-dom": "^18.2.0",
    "react-intl": "^6.2.5",
    "react-redux": "^8.0.5",
    "react-scripts": "^5.0.1",
    "react-table": "^7.8.0",
    "react-to-print": "^2.14.12",
    "redux": "^4.2.0",
    "uuid": "^9.0.0",
    "sharp": "latest",
    "firebase-frameworks": "^0.6.0",
    "firebase-functions": "^3.23.0",
    "firebase-admin": "^11.0.1"
  },
  "ct3aMetadata": {
    "initVersion": "6.11.0"
  },
  "main": "server.js",
  "repository": "https://github.com/dmyanev/trucky.git",
  "author": "Dimitar Yanev <dimitar.m.yanev@gmail.com>",
  "engines": {
    "node": "18"
  }
}
[debug] [2023-03-13T20:28:24.652Z] Building nodejs source
[debug] [2023-03-13T20:28:24.653Z] Could not find functions.yaml. Must use http discovery
[debug] [2023-03-13T20:28:24.654Z] Found firebase-functions binary at '/Users/metak/Projects/trucky/.firebase/trucky-4ab43/functions/node_modules/.bin/firebase-functions'
[debug] [2023-03-13T20:28:24.811Z] Serving at port 8360

[debug] [2023-03-13T20:28:24.849Z] Got response from /__/functions.yaml {"endpoints":{"ssrtrucky4ab43":{"platform":"gcfv2","region":["europe-west1"],"labels":{},"httpsTrigger":{},"entryPoint":"ssrtrucky4ab43"}},"specVersion":"v1alpha1","requiredAPIs":[]}
[debug] [2023-03-13T20:28:24.855Z] shutdown requested via /__/quitquitquit

[info] i  functions: Loaded environment variables from .env. 
[info] i  functions: preparing .firebase/trucky-4ab43/functions directory for uploading... 
[info] i  functions: packaged /Users/metak/Projects/trucky/.firebase/trucky-4ab43/functions (120.11 MB) for uploading 
[debug] [2023-03-13T20:28:29.929Z] >>> [apiv2][query] GET https://cloudfunctions.googleapis.com/v1/projects/trucky-4ab43/locations/-/functions [none]
[debug] [2023-03-13T20:28:31.220Z] <<< [apiv2][status] GET https://cloudfunctions.googleapis.com/v1/projects/trucky-4ab43/locations/-/functions 200
[debug] [2023-03-13T20:28:31.220Z] <<< [apiv2][body] GET https://cloudfunctions.googleapis.com/v1/projects/trucky-4ab43/locations/-/functions {}
[debug] [2023-03-13T20:28:31.221Z] >>> [apiv2][query] GET https://cloudfunctions.googleapis.com/v2/projects/trucky-4ab43/locations/-/functions filter=environment%3D%22GEN_2%22
[debug] [2023-03-13T20:28:32.435Z] <<< [apiv2][status] GET https://cloudfunctions.googleapis.com/v2/projects/trucky-4ab43/locations/-/functions 200
[debug] [2023-03-13T20:28:32.435Z] <<< [apiv2][body] GET https://cloudfunctions.googleapis.com/v2/projects/trucky-4ab43/locations/-/functions {}
[info] i  functions: ensuring required API run.googleapis.com is enabled... 
[info] i  functions: ensuring required API eventarc.googleapis.com is enabled... 
[info] i  functions: ensuring required API pubsub.googleapis.com is enabled... 
[info] i  functions: ensuring required API storage.googleapis.com is enabled... 
[debug] [2023-03-13T20:28:32.440Z] >>> [apiv2][query] GET https://serviceusage.googleapis.com/v1/projects/trucky-4ab43/services/run.googleapis.com [none]
[debug] [2023-03-13T20:28:32.440Z] >>> [apiv2][(partial)header] GET https://serviceusage.googleapis.com/v1/projects/trucky-4ab43/services/run.googleapis.com x-goog-quota-user=projects/trucky-4ab43
[debug] [2023-03-13T20:28:32.441Z] >>> [apiv2][query] GET https://serviceusage.googleapis.com/v1/projects/trucky-4ab43/services/eventarc.googleapis.com [none]
[debug] [2023-03-13T20:28:32.441Z] >>> [apiv2][(partial)header] GET https://serviceusage.googleapis.com/v1/projects/trucky-4ab43/services/eventarc.googleapis.com x-goog-quota-user=projects/trucky-4ab43
[debug] [2023-03-13T20:28:32.441Z] >>> [apiv2][query] GET https://serviceusage.googleapis.com/v1/projects/trucky-4ab43/services/pubsub.googleapis.com [none]
[debug] [2023-03-13T20:28:32.441Z] >>> [apiv2][(partial)header] GET https://serviceusage.googleapis.com/v1/projects/trucky-4ab43/services/pubsub.googleapis.com x-goog-quota-user=projects/trucky-4ab43
[debug] [2023-03-13T20:28:32.442Z] >>> [apiv2][query] GET https://serviceusage.googleapis.com/v1/projects/trucky-4ab43/services/storage.googleapis.com [none]
[debug] [2023-03-13T20:28:32.442Z] >>> [apiv2][(partial)header] GET https://serviceusage.googleapis.com/v1/projects/trucky-4ab43/services/storage.googleapis.com x-goog-quota-user=projects/trucky-4ab43
[debug] [2023-03-13T20:28:33.719Z] <<< [apiv2][status] GET https://serviceusage.googleapis.com/v1/projects/trucky-4ab43/services/eventarc.googleapis.com 200
[debug] [2023-03-13T20:28:33.719Z] <<< [apiv2][body] GET https://serviceusage.googleapis.com/v1/projects/trucky-4ab43/services/eventarc.googleapis.com [omitted]
[warn] ⚠  functions: missing required API eventarc.googleapis.com. Enabling now... 
[debug] [2023-03-13T20:28:33.720Z] >>> [apiv2][query] POST https://serviceusage.googleapis.com/v1/projects/trucky-4ab43/services/eventarc.googleapis.com:enable [none]
[debug] [2023-03-13T20:28:33.720Z] >>> [apiv2][(partial)header] POST https://serviceusage.googleapis.com/v1/projects/trucky-4ab43/services/eventarc.googleapis.com:enable x-goog-quota-user=projects/trucky-4ab43
[debug] [2023-03-13T20:28:33.723Z] <<< [apiv2][status] GET https://serviceusage.googleapis.com/v1/projects/trucky-4ab43/services/run.googleapis.com 200
[debug] [2023-03-13T20:28:33.723Z] <<< [apiv2][body] GET https://serviceusage.googleapis.com/v1/projects/trucky-4ab43/services/run.googleapis.com [omitted]
[warn] ⚠  functions: missing required API run.googleapis.com. Enabling now... 
[debug] [2023-03-13T20:28:33.723Z] >>> [apiv2][query] POST https://serviceusage.googleapis.com/v1/projects/trucky-4ab43/services/run.googleapis.com:enable [none]
[debug] [2023-03-13T20:28:33.723Z] >>> [apiv2][(partial)header] POST https://serviceusage.googleapis.com/v1/projects/trucky-4ab43/services/run.googleapis.com:enable x-goog-quota-user=projects/trucky-4ab43
[debug] [2023-03-13T20:28:33.725Z] <<< [apiv2][status] GET https://serviceusage.googleapis.com/v1/projects/trucky-4ab43/services/storage.googleapis.com 200
[debug] [2023-03-13T20:28:33.725Z] <<< [apiv2][body] GET https://serviceusage.googleapis.com/v1/projects/trucky-4ab43/services/storage.googleapis.com [omitted]
[info] ✔  functions: required API storage.googleapis.com is enabled 
[debug] [2023-03-13T20:28:33.725Z] <<< [apiv2][status] GET https://serviceusage.googleapis.com/v1/projects/trucky-4ab43/services/pubsub.googleapis.com 200
[debug] [2023-03-13T20:28:33.725Z] <<< [apiv2][body] GET https://serviceusage.googleapis.com/v1/projects/trucky-4ab43/services/pubsub.googleapis.com [omitted]
[info] ✔  functions: required API pubsub.googleapis.com is enabled 
[debug] [2023-03-13T20:28:36.232Z] <<< [apiv2][status] POST https://serviceusage.googleapis.com/v1/projects/trucky-4ab43/services/run.googleapis.com:enable 200
[debug] [2023-03-13T20:28:36.232Z] <<< [apiv2][body] POST https://serviceusage.googleapis.com/v1/projects/trucky-4ab43/services/run.googleapis.com:enable [omitted]
[debug] [2023-03-13T20:28:36.234Z] <<< [apiv2][status] POST https://serviceusage.googleapis.com/v1/projects/trucky-4ab43/services/eventarc.googleapis.com:enable 200
[debug] [2023-03-13T20:28:36.234Z] <<< [apiv2][body] POST https://serviceusage.googleapis.com/v1/projects/trucky-4ab43/services/eventarc.googleapis.com:enable [omitted]
[debug] [2023-03-13T20:28:46.234Z] >>> [apiv2][query] GET https://serviceusage.googleapis.com/v1/projects/trucky-4ab43/services/run.googleapis.com [none]
[debug] [2023-03-13T20:28:46.235Z] >>> [apiv2][(partial)header] GET https://serviceusage.googleapis.com/v1/projects/trucky-4ab43/services/run.googleapis.com x-goog-quota-user=projects/trucky-4ab43
[debug] [2023-03-13T20:28:46.240Z] >>> [apiv2][query] GET https://serviceusage.googleapis.com/v1/projects/trucky-4ab43/services/eventarc.googleapis.com [none]
[debug] [2023-03-13T20:28:46.240Z] >>> [apiv2][(partial)header] GET https://serviceusage.googleapis.com/v1/projects/trucky-4ab43/services/eventarc.googleapis.com x-goog-quota-user=projects/trucky-4ab43
[debug] [2023-03-13T20:28:47.907Z] <<< [apiv2][status] GET https://serviceusage.googleapis.com/v1/projects/trucky-4ab43/services/eventarc.googleapis.com 200
[debug] [2023-03-13T20:28:47.907Z] <<< [apiv2][body] GET https://serviceusage.googleapis.com/v1/projects/trucky-4ab43/services/eventarc.googleapis.com [omitted]
[info] ✔  functions: required API eventarc.googleapis.com is enabled 
[debug] [2023-03-13T20:28:47.911Z] <<< [apiv2][status] GET https://serviceusage.googleapis.com/v1/projects/trucky-4ab43/services/run.googleapis.com 200
[debug] [2023-03-13T20:28:47.911Z] <<< [apiv2][body] GET https://serviceusage.googleapis.com/v1/projects/trucky-4ab43/services/run.googleapis.com [omitted]
[info] ✔  functions: required API run.googleapis.com is enabled 
[info] i  functions: generating the service identity for pubsub.googleapis.com... 
[info] i  functions: generating the service identity for eventarc.googleapis.com... 
[debug] [2023-03-13T20:28:47.913Z] >>> [apiv2][query] POST https://serviceusage.googleapis.com/v1beta1/projects/852668909766/services/pubsub.googleapis.com:generateServiceIdentity [none]
[debug] [2023-03-13T20:28:47.913Z] >>> [apiv2][query] POST https://serviceusage.googleapis.com/v1beta1/projects/852668909766/services/eventarc.googleapis.com:generateServiceIdentity [none]
[debug] [2023-03-13T20:28:49.225Z] <<< [apiv2][status] POST https://serviceusage.googleapis.com/v1beta1/projects/852668909766/services/pubsub.googleapis.com:generateServiceIdentity 200
[debug] [2023-03-13T20:28:49.226Z] <<< [apiv2][body] POST https://serviceusage.googleapis.com/v1beta1/projects/852668909766/services/pubsub.googleapis.com:generateServiceIdentity {"name":"operations/finished.DONE_OPERATION","done":true,"response":{"@type":"type.googleapis.com/google.api.serviceusage.v1beta1.ServiceIdentity","email":"service-852668909766@gcp-sa-pubsub.iam.gserviceaccount.com","uniqueId":"115506450159641131256"}}
[debug] [2023-03-13T20:28:49.503Z] <<< [apiv2][status] POST https://serviceusage.googleapis.com/v1beta1/projects/852668909766/services/eventarc.googleapis.com:generateServiceIdentity 200
[debug] [2023-03-13T20:28:49.503Z] <<< [apiv2][body] POST https://serviceusage.googleapis.com/v1beta1/projects/852668909766/services/eventarc.googleapis.com:generateServiceIdentity {"name":"operations/finished.DONE_OPERATION","done":true,"response":{"@type":"type.googleapis.com/google.api.serviceusage.v1beta1.ServiceIdentity","email":"service-852668909766@gcp-sa-eventarc.iam.gserviceaccount.com","uniqueId":"100233269108876136630"}}
[debug] [2023-03-13T20:28:49.506Z] >>> [apiv2][query] GET https://firebase.googleapis.com/v1beta1/projects/trucky-4ab43 [none]
[debug] [2023-03-13T20:28:51.103Z] <<< [apiv2][status] GET https://firebase.googleapis.com/v1beta1/projects/trucky-4ab43 200
[debug] [2023-03-13T20:28:51.104Z] <<< [apiv2][body] GET https://firebase.googleapis.com/v1beta1/projects/trucky-4ab43 {"projectId":"trucky-4ab43","projectNumber":"852668909766","displayName":"trucky","name":"projects/trucky-4ab43","resources":{"hostingSite":"trucky-4ab43","realtimeDatabaseInstance":"trucky-4ab43-default-rtdb","storageBucket":"trucky-4ab43.appspot.com","locationId":"europe-west"},"state":"ACTIVE","etag":"1_78c1c157-507b-4309-8efb-c3186e93aefd"}
[debug] [2023-03-13T20:28:51.109Z] >>> [apiv2][query] POST https://firebasehosting.googleapis.com/v1beta1/projects/-/sites/trucky-4ab43/versions [none]
[debug] [2023-03-13T20:28:51.109Z] >>> [apiv2][body] POST https://firebasehosting.googleapis.com/v1beta1/projects/-/sites/trucky-4ab43/versions {"status":"CREATED","labels":{"deployment-tool":"cli-firebase","firebase-web-framework":"next_ssr"}}
[debug] [2023-03-13T20:28:53.966Z] <<< [apiv2][status] POST https://firebasehosting.googleapis.com/v1beta1/projects/-/sites/trucky-4ab43/versions 200
[debug] [2023-03-13T20:28:53.966Z] <<< [apiv2][body] POST https://firebasehosting.googleapis.com/v1beta1/projects/-/sites/trucky-4ab43/versions {"name":"projects/852668909766/sites/trucky-4ab43/versions/11dfbe6836ad65fb","status":"CREATED","config":{},"labels":{"deployment-tool":"cli-firebase","firebase-web-framework":"next_ssr"}}
[debug] [2023-03-13T20:28:53.968Z] >>> [apiv2][query] GET https://firebaserules.googleapis.com/v1/projects/trucky-4ab43/releases pageSize=10&pageToken=
[debug] [2023-03-13T20:28:54.851Z] <<< [apiv2][status] GET https://firebaserules.googleapis.com/v1/projects/trucky-4ab43/releases 200
[debug] [2023-03-13T20:28:54.851Z] <<< [apiv2][body] GET https://firebaserules.googleapis.com/v1/projects/trucky-4ab43/releases {"releases":[{"name":"projects/trucky-4ab43/releases/firebase.storage/trucky-4ab43.appspot.com","rulesetName":"projects/trucky-4ab43/rulesets/de535799-f4f5-498d-bb6c-15903315d1c0","createTime":"2022-12-02T16:08:52.253952Z","updateTime":"2022-12-21T13:40:59.732974Z"}]}
[debug] [2023-03-13T20:28:54.852Z] >>> [apiv2][query] GET https://firebaserules.googleapis.com/v1/projects/trucky-4ab43/rulesets/de535799-f4f5-498d-bb6c-15903315d1c0 [none]
[debug] [2023-03-13T20:28:55.749Z] <<< [apiv2][status] GET https://firebaserules.googleapis.com/v1/projects/trucky-4ab43/rulesets/de535799-f4f5-498d-bb6c-15903315d1c0 200
[debug] [2023-03-13T20:28:55.749Z] <<< [apiv2][body] GET https://firebaserules.googleapis.com/v1/projects/trucky-4ab43/rulesets/de535799-f4f5-498d-bb6c-15903315d1c0 [omitted]
[info] i  storage: latest version of storage.rules already up to date, skipping upload... 
[debug] [2023-03-13T20:28:55.753Z] [functions] found 1 new HTTP functions, testing setIamPolicy permission...
[debug] [2023-03-13T20:28:55.753Z] >>> [apiv2][query] POST https://cloudresourcemanager.googleapis.com/v1/projects/trucky-4ab43:testIamPermissions [none]
[debug] [2023-03-13T20:28:55.753Z] >>> [apiv2][(partial)header] POST https://cloudresourcemanager.googleapis.com/v1/projects/trucky-4ab43:testIamPermissions x-goog-quota-user=projects/trucky-4ab43
[debug] [2023-03-13T20:28:55.754Z] >>> [apiv2][body] POST https://cloudresourcemanager.googleapis.com/v1/projects/trucky-4ab43:testIamPermissions {"permissions":["cloudfunctions.functions.setIamPolicy"]}
[debug] [2023-03-13T20:28:56.808Z] <<< [apiv2][status] POST https://cloudresourcemanager.googleapis.com/v1/projects/trucky-4ab43:testIamPermissions 200
[debug] [2023-03-13T20:28:56.809Z] <<< [apiv2][body] POST https://cloudresourcemanager.googleapis.com/v1/projects/trucky-4ab43:testIamPermissions {"permissions":["cloudfunctions.functions.setIamPolicy"]}
[debug] [2023-03-13T20:28:56.809Z] [functions] found setIamPolicy permission, proceeding with deploy
[debug] [2023-03-13T20:28:56.810Z] >>> [apiv2][query] POST https://cloudfunctions.googleapis.com/v2/projects/trucky-4ab43/locations/europe-west1/functions:generateUploadUrl [none]
[debug] [2023-03-13T20:28:58.862Z] <<< [apiv2][status] POST https://cloudfunctions.googleapis.com/v2/projects/trucky-4ab43/locations/europe-west1/functions:generateUploadUrl 200
[debug] [2023-03-13T20:28:58.862Z] <<< [apiv2][body] POST https://cloudfunctions.googleapis.com/v2/projects/trucky-4ab43/locations/europe-west1/functions:generateUploadUrl {"uploadUrl":"https://storage.googleapis.com/gcf-v2-uploads-852668909766-europe-west1/457a24ae-61c8-4ff0-8dd6-71b361859c75.zip?GoogleAccessId=service-852668909766@gcf-admin-robot.iam.gserviceaccount.com&Expires=1678741138&Signature=moq9NQ1zxTJ88HVK2cb7chga8mgBgttI4TAT3J12HRIVqpCCLBFe3%2FbO0zP6exQ7iG1Y2AHq6%2FEoQ5uHqwZSdbeTKNc9je%2BJMHYf2lbWJZ2mJWNA5jOMHgoT24TRe3ZDspf9z2LD2CaUWk5PGpxUyVC5ZKTwFMNUk4VoZ45r8ZC2Y5QRSFEeeu7dXP%2FNOKY8YDPjN57TQUc8qUAaDIxgZ5SfH3%2ByRD%2FOA3mLjNg2Vm9Rc2E6T8u64hpoFCNWkoJ1dfXtnWWolPKqB%2BKJNRCsnjliSNkFVO8V%2Fs%2Blp1MfUvjrDzcnY3T6wRk%2BlFwssu2PPmRrCckHFXdrjfCScADJAQ%3D%3D","storageSource":{"bucket":"gcf-v2-uploads-852668909766-europe-west1","object":"457a24ae-61c8-4ff0-8dd6-71b361859c75.zip"}}
[debug] [2023-03-13T20:28:58.863Z] >>> [apiv2][query] PUT https://storage.googleapis.com/gcf-v2-uploads-852668909766-europe-west1/457a24ae-61c8-4ff0-8dd6-71b361859c75.zip GoogleAccessId=service-852668909766%40gcf-admin-robot.iam.gserviceaccount.com&Expires=1678741138&Signature=moq9NQ1zxTJ88HVK2cb7chga8mgBgttI4TAT3J12HRIVqpCCLBFe3%2FbO0zP6exQ7iG1Y2AHq6%2FEoQ5uHqwZSdbeTKNc9je%2BJMHYf2lbWJZ2mJWNA5jOMHgoT24TRe3ZDspf9z2LD2CaUWk5PGpxUyVC5ZKTwFMNUk4VoZ45r8ZC2Y5QRSFEeeu7dXP%2FNOKY8YDPjN57TQUc8qUAaDIxgZ5SfH3%2ByRD%2FOA3mLjNg2Vm9Rc2E6T8u64hpoFCNWkoJ1dfXtnWWolPKqB%2BKJNRCsnjliSNkFVO8V%2Fs%2Blp1MfUvjrDzcnY3T6wRk%2BlFwssu2PPmRrCckHFXdrjfCScADJAQ%3D%3D
[debug] [2023-03-13T20:28:58.863Z] >>> [apiv2][body] PUT https://storage.googleapis.com/gcf-v2-uploads-852668909766-europe-west1/457a24ae-61c8-4ff0-8dd6-71b361859c75.zip [stream]
[debug] [2023-03-13T20:29:58.074Z] <<< [apiv2][status] PUT https://storage.googleapis.com/gcf-v2-uploads-852668909766-europe-west1/457a24ae-61c8-4ff0-8dd6-71b361859c75.zip 200
[debug] [2023-03-13T20:29:58.075Z] <<< [apiv2][body] PUT https://storage.googleapis.com/gcf-v2-uploads-852668909766-europe-west1/457a24ae-61c8-4ff0-8dd6-71b361859c75.zip [omitted]
[info] ✔  functions: .firebase/trucky-4ab43/functions folder uploaded successfully 
[info] i  hosting[trucky-4ab43]: beginning deploy... 
[info] i  hosting[trucky-4ab43]: found 91 files in .firebase/trucky-4ab43/hosting 
[debug] [2023-03-13T20:29:58.090Z] [hosting] uploading with 200 concurrency
[debug] [2023-03-13T20:29:58.090Z] [hosting] hash cache [LmZpcmViYXNlL3RydWNreS00YWI0My9ob3N0aW5n] not populated
[debug] [2023-03-13T20:29:59.131Z] [hosting] hash cache [LmZpcmViYXNlL3RydWNreS00YWI0My9ob3N0aW5n] stored for 91 files
[debug] [2023-03-13T20:29:59.132Z] [hosting][hash queue][FINAL] {"max":1038,"min":8,"avg":24.021978021978022,"active":0,"complete":91,"success":91,"errored":0,"retried":0,"total":91,"elapsed":1041}
[debug] [2023-03-13T20:29:59.132Z] >>> [apiv2][query] POST https://firebasehosting.googleapis.com/v1beta1/projects/852668909766/sites/trucky-4ab43/versions/11dfbe6836ad65fb:populateFiles [none]
[debug] [2023-03-13T20:29:59.132Z] >>> [apiv2][body] POST https://firebasehosting.googleapis.com/v1beta1/projects/852668909766/sites/trucky-4ab43/versions/11dfbe6836ad65fb:populateFiles {"files":{"/_next/static/chunks/_error.js":"ab75b2758cb657e4f8c285c1dff6885e4b04691ea0fd042552a6cf70c29bd98b","/index.html":"b4db78ef31f830735c270789fab621b933aef4a6e7ffab43cc81c4e644e9801c","/_next/static/chunks/webpack-6ef43a8d4a395f49.js":"577bb0fe89aca21fe47ed04d07c88ffff21df15c7ca67a8f24b49c8b008b0cc5","/_next/static/chunks/pages/index-836902e35346f873.js":"69c1f4433a4ca298ef02efede350013bd0e819ad6c4ff8daf36829f465720e3c","/_next/static/chunks/pages/_error-8353112a01355ec2.js":"2e49f49a804b59fb1242408c8617443cde7949a4dcc1aef00757f25b7d4f0d2e","/_next/static/chunks/webpack.js":"29b85b0a51c15f8552666969abbd4d0c30210a29e9b769ad6e80e4117e9bffa5","/_next/static/chunks/pages/clients/[[...index]]-92e26eb8f027da4f.js":"e0b827cb6a34c13659c4eae610445c16e370eda1d71701a5293f202965b7e825","/_next/static/chunks/pages/orders/[[...index]]-5908483d5f69764b.js":"f54254eaca2256b9167a9a3944ecc336d8ad45e127a1d6a031ce456101561605","/_next/static/chunks/pages/invoices/[[...index]]-5945247efb46c6e5.js":"e9abb39856a4d2dc92c9dde059179efcd06de4c28eea47a2d2137f4fe389963c","/_next/static/chunks/pages/drivers/[[...index]]-5728c2eb59ccf25a.js":"f0a3bc79b1ff54780fb0d3406d4149c8de620452865e6504309f38545489dea9","/_next/static/chunks/pages/routes/[[...index]]-ac9cc439023aa442.js":"b6f1661298aa11d264644c022f5dc5b5dcb77eff91a275ed96378a1ca5c13bd8","/_next/static/chunks/pages/stats/[[...index]]-ffca9bf213beacbb.js":"eb2a2609930b59bc23c74968f2ccd477f4a8db836ebed4b2fefa51ce4b380497","/_next/static/chunks/pages/settings/[[...index]]-8cb6704748e7803e.js":"720c2c59e814fa5d451bb270f69a5530dec56f8f08f1a598ef10a99d686bf6d9","/_next/static/development/_ssgManifest.js":"9996234df9580e246cdf04d95b16ff4e5f27caa1f1be16f1512ada380796928b","/_next/static/development/_buildManifest.js":"2269d8156fcc92b854ea19c35cabb5e2ab1f9563e6a8561a1675d1010779a4c9","/_next/static/tw6N_IC1t4T-1zdWmqHzl/_buildManifest.js":"39b95c48e165ba62b8c35a3de630733bd6a5f4511b8ecf86d11973afbdd9196f","/_next/static/webpack/58db364042dc9e78.webpack.hot-update.json":"c5b2b1b7d0d52f6f76c96db0d5d08228872aa8f86e426b2c859c977f9960a9ae","/_next/static/tw6N_IC1t4T-1zdWmqHzl/_ssgManifest.js":"5c126729f9831113842c425975615db312fa26d39f3a9e1baa47d4ad65ac2f90","/_next/static/chunks/pages/vehicles/[[...index]]-1b4d6317d2da096a.js":"9ff54e986406bfa05295264c08600dc150c087da0b80dc9710860546bb0bc7ab","/_next/static/webpack/a0a7724538761df8.webpack.hot-update.json":"b59eb07d888f6d670fd0d2a3e1adea6ec717a2365b3e2bc6e1e3919d55a8f6b6","/_next/static/webpack/7334b2534c97d978.webpack.hot-update.json":"dc69da393932df8f43c21cf5f693ef36d82dfbb2bb143d9fb2f9ce664d30aff5","/_next/static/webpack/webpack.58db364042dc9e78.hot-update.js":"71e9b5399c258163c943f84d3b7aa8bb51f3c2d0d6414b7a5fa5082816f7a9e3","/_next/static/webpack/webpack.a0a7724538761df8.hot-update.js":"ed26bdddbc387e7236a1e0aad89763718df5f026de30a49df1973df7788f5eaa","/_next/static/webpack/webpack.7334b2534c97d978.hot-update.js":"8d1e7fffee574fa8d2f1c64465cc5217502112788cb34f77eb2f97de785c63a5","/icons/logo.svg":"082f9221e726e244b271bae0ad35d2a3ca1783c57b40a704ed4e3b7570e05c2c","/_next/static/webpack/pages/_app.7334b2534c97d978.hot-update.js":"41f6bee983cb7d20dfa6643a60aa9bf331c1fcbfb121e08eb3d4b39a9df7881d","/icons/fav/android-icon-144x144.png":"36c58a28a802b1b93dcdaffcf02bd715923c08571b8572c876672d1649ce1858","/icons/logo.png":"bf63827aab1f540a8ff6799e67489b86a7a3929d2a9c7cd250f9d3d32f0396c5","/icons/fav/android-icon-192x192.png":"3087b8b5c5dfb9c7917b251f5fd5a738d1abd537675cce78d3ed20ba2531b184","/icons/fav/android-icon-36x36.png":"6678a72a33986efe1658878774d9d06b972000f09714717f1a5e75d4fb311b6d","/icons/fav/android-icon-96x96.png":"31cb8098b15893fb32360b0de9e47a84f83217520dd0cb2fccae82c156b03bbe","/icons/fav/android-icon-48x48.png":"c709f99da07de4e31a54cdcbc2f51eac6e5e18fe17f2fa758a454f49686fc7aa","/icons/fav/android-icon-72x72.png":"aab4321df790f5dc8c1a324429c0991a8b96d77ff3f8da9d054fc3df276e2547","/icons/fav/apple-icon-114x114.png":"dd6b8901fd189bc83fae3a622c289c49b732da4537c7527ad6aebf2e3c56e06b","/icons/fav/apple-icon-57x57.png":"ad102fde6a756af0a6ce7e9c69dd1c9158984656b6a7c872272af047bf244ab2","/icons/logo2.png":"ea322ccaf7744c3d135d4eed0c8e921cc1d66a889374b1f8b23c7d5db4a030e3","/icons/fav/apple-icon-120x120.png":"08132fba997deae0d7d666f9842e3da75895d4abd40d0c9347f9903b99009611","/icons/fav/apple-icon-144x144.png":"36c58a28a802b1b93dcdaffcf02bd715923c08571b8572c876672d1649ce1858","/icons/fav/apple-icon-152x152.png":"6791e218c8b6d4517d46ba979251e6ea27ff038d1a4f4ddf615bb09ba2a80a23","/icons/fav/apple-icon-60x60.png":"1c0f28bda6031b6584cfdb87e75b4f246c8b08239ca17a96e288b361322a6394","/icons/fav/apple-icon-180x180.png":"e9e1b46377648c610782c2658c7f0235176b112c071a11bc8b7c80edc3e19dcf","/_next/static/webpack/pages/vehicles/[[...index]].a0a7724538761df8.hot-update.js":"3d8100976b4bd21ff7b359c3d67e85599aa9381e09fab616a98476fe696c006b","/_next/static/chunks/polyfills-c67a75d1b6f99dc8.js":"aba23275a3c1380bfc8d467fd921b0c209e7182dbdaa02611c3a496b0b3b34ec","/_next/static/chunks/main-d3ca9fc0809a17fc.js":"03e2019d1f0fbdc43f07047a7767e6ff4389ecbd8dc3277e808675feb8527ea8","/icons/fav/apple-icon-72x72.png":"aab4321df790f5dc8c1a324429c0991a8b96d77ff3f8da9d054fc3df276e2547","/icons/fav/apple-icon-76x76.png":"45e456a30bffec52f68a06dcb964307c753c016f8031e21b39033a79229db5aa","/icons/fav/apple-icon-precomposed.png":"0fcb341a91cf66e9a3cb13134b972e33966ac228bfaab50757896747b4e3176b","/icons/fav/apple-icon.png":"0fcb341a91cf66e9a3cb13134b972e33966ac228bfaab50757896747b4e3176b","/icons/fav/browserconfig.xml":"35f7608f3758bcfaaa5fa72907ef75e7dcbb735f6f10c90cdc7f7c7d1bfbdef9","/icons/fav/favicon-32x32.png":"0b50e4d18f525aed4555ac6d3e1a43f313352120b2af41a935d7b490e2ed2643","/icons/fav/favicon.ico":"23c8783def329d922c685159e88337abe4cf0f92832830a25ab10a02df81af80","/icons/fav/favicon-96x96.png":"43570f60e394fbf91820a182af00b070a104320467955e300d5e544eef442608","/icons/fav/manifest.json":"7f9841e9432acd1985d807721546cc12fd472557df1063007b8381957fffb8ca","/icons/fav/favicon-16x16.png":"444fa4a062da5c75f2208a957651ecd757b7021aecdbfff477e50cad98ccd151","/icons/fav/ms-icon-144x144.png":"db8aef7437f9fa2fd2e4d128fce0c78728a3a4ac57e8b7600a38103f180cbcbd","/icons/fav/ms-icon-150x150.png":"f910799695efd4561854f97de346db092f7c8103fd527b2a4130d0e01fe9a6a3","/icons/notification/android-icon-144x144.png":"d3a5117a65f4e903e004dd2c3738d151264e25a6141927d7f68a94db61ead1ae","/icons/fav/ms-icon-70x70.png":"cd7151f1dd9f5111b6c65463cf8f2dee3a12e7e7fa0fa9f56a90349b3d162d6f","/icons/notification/android-icon-36x36.png":"e1697b5fd251198a75a272261478c021cc16387a51cbea546ed983967a8425fb","/icons/notification/android-icon-72x72.png":"e169f286a5c7e7b639dd2869e2b4e98d6f37a7e7155be7b6a1b8762816366bf1","/icons/notification/android-icon-48x48.png":"5bc593379724bbf90550d3a208f4e94da444076ad699113419226fc91a9cd795","/icons/notification/android-icon-192x192.png":"4682f1e3a44e3bba5430675921ab1435842ff9d4d28b8db59539e4d467601fbc","/icons/notification/android-icon-96x96.png":"d59f741de4299ae97260ebfeb9256a7f05025dd9b25b71b9396a21c7a68ae41c","/icons/notification/apple-icon-114x114.png":"d54a2021acc3797dcf937adbdea2434e474000710fc3610f55a5a9686acc8614","/icons/notification/apple-icon-120x120.png":"7c469c7681917a886f16e476b8f240d4b3c6a108b13761c33a84df044993a93f","/icons/notification/apple-icon-180x180.png":"02449bf71fa5afa3a21f52e102f6b19097e07f10d3f1218b1bb38e9acb52eb66","/icons/fav/ms-icon-310x310.png":"0938c857d7e37c9ac93fc88bae0c9f5828cbaee14b626efcb90fc21f802c922e","/icons/notification/apple-icon-152x152.png":"5787503fad55cf372fa937c6b61f3c842bbd48e26b9a294c1793dbb713fc7387","/icons/notification/apple-icon-144x144.png":"d3a5117a65f4e903e004dd2c3738d151264e25a6141927d7f68a94db61ead1ae","/icons/notification/apple-icon-57x57.png":"99f92fd0d7f838f664cbff7fee5961af805094d981c87ba3d0dce006bdc60759","/icons/notification/apple-icon-76x76.png":"b6cc5f0b586b1c421284371d2b8d9e16bb6bd5fe57223d2a7f0dc39e39b40c65","/icons/notification/browserconfig.xml":"7344965e058eca0a8e8caf02811abba4b42e5575947c49a8c1a1295dffe8fe02","/icons/notification/apple-icon-72x72.png":"e169f286a5c7e7b639dd2869e2b4e98d6f37a7e7155be7b6a1b8762816366bf1","/icons/notification/apple-icon-60x60.png":"d2ac586ea5ae6f7543098f79e8f59ea84a67b8e23c3b81510a2a2ac943b6e7a6","/icons/notification/apple-icon-precomposed.png":"64e308265c0df59f74d6d1951bae4f6e2e4fa35671fc07c2a17bad7619c1dbeb","/icons/notification/apple-icon.png":"64e308265c0df59f74d6d1951bae4f6e2e4fa35671fc07c2a17bad7619c1dbeb","/icons/notification/favicon-32x32.png":"3a2daa28804b2bc23bcd22c77e96a68ae745615ffe45bbc7006447f70efc47f0","/icons/notification/favicon-16x16.png":"6f8a5257287ce7d95aad3acf955d239c098270dedad3ed9568314659353d6b88","/icons/notification/favicon.ico":"192b8eee7af730b1d7ab7925bb8e4248cccdd1d50cbdab40a3daa7b0dcbfca6d","/icons/notification/manifest.json":"e28b783b7734dfc80261dff1528f2e06b7225321c7dace8e5e877ec6043e0e3c","/icons/notification/favicon-96x96.png":"d59f741de4299ae97260ebfeb9256a7f05025dd9b25b71b9396a21c7a68ae41c","/_next/static/chunks/framework-2c79e2a64abdb08b.js":"6bf127aee03e7634054b31718bdc831bb57db1fbf5b3f6a29279fca0233b34a7","/icons/notification/ms-icon-144x144.png":"d3a5117a65f4e903e004dd2c3738d151264e25a6141927d7f68a94db61ead1ae","/icons/notification/ms-icon-150x150.png":"1779c4c4a06e70176755df3de112dd6abddc54c7871a27372dd7a88917deb2e5","/icons/notification/ms-icon-70x70.png":"8f07285a98ac89bdfcac9f5d311c54e44975b364c4f2c5ccbaa663b4c31cd8bb","/icons/notification/ms-icon-310x310.png":"681f1c64ea8b3858270d8910afcaad0ecc78b6804987a599363ea43821aad04a","/_next/static/webpack/pages/_app.a0a7724538761df8.hot-update.js":"abb9d16d373f173738786441bcccabe317ba28bf57cc21c8655ac4094a6d6f33","/_next/static/chunks/670-0240b2e7b7869a17.js":"b852f92a723c75e5c2f052177c5fe303284d1e3020d3f566a4839e94e613059b","/_next/static/chunks/pages/_app-985e5b48c202da25.js":"ff9149515439e6962719e5afa054d337cbe76768838bdd22d676e3450365cbd8","/_next/static/chunks/pages/vehicles/[[...index]].js":"4b8b4167f5fbe4e11861f4627744f47504cbbfd45aa5a17ad7ff0fc08160d842","/_next/static/chunks/pages/_app.js":"17bf9a5b427e63346e3ddac77e2ba074ea66baa9ea929a21eaadea34cf1822d7"}}
[debug] [2023-03-13T20:30:00.490Z] <<< [apiv2][status] POST https://firebasehosting.googleapis.com/v1beta1/projects/852668909766/sites/trucky-4ab43/versions/11dfbe6836ad65fb:populateFiles 200
[debug] [2023-03-13T20:30:00.490Z] <<< [apiv2][body] POST https://firebasehosting.googleapis.com/v1beta1/projects/852668909766/sites/trucky-4ab43/versions/11dfbe6836ad65fb:populateFiles {"uploadRequiredHashes":["b852f92a723c75e5c2f052177c5fe303284d1e3020d3f566a4839e94e613059b","29b85b0a51c15f8552666969abbd4d0c30210a29e9b769ad6e80e4117e9bffa5","082f9221e726e244b271bae0ad35d2a3ca1783c57b40a704ed4e3b7570e05c2c","0b50e4d18f525aed4555ac6d3e1a43f313352120b2af41a935d7b490e2ed2643","720c2c59e814fa5d451bb270f69a5530dec56f8f08f1a598ef10a99d686bf6d9","4b8b4167f5fbe4e11861f4627744f47504cbbfd45aa5a17ad7ff0fc08160d842","ed26bdddbc387e7236a1e0aad89763718df5f026de30a49df1973df7788f5eaa","192b8eee7af730b1d7ab7925bb8e4248cccdd1d50cbdab40a3daa7b0dcbfca6d","0938c857d7e37c9ac93fc88bae0c9f5828cbaee14b626efcb90fc21f802c922e","cd7151f1dd9f5111b6c65463cf8f2dee3a12e7e7fa0fa9f56a90349b3d162d6f","1779c4c4a06e70176755df3de112dd6abddc54c7871a27372dd7a88917deb2e5","6bf127aee03e7634054b31718bdc831bb57db1fbf5b3f6a29279fca0233b34a7","0fcb341a91cf66e9a3cb13134b972e33966ac228bfaab50757896747b4e3176b","23c8783def329d922c685159e88337abe4cf0f92832830a25ab10a02df81af80","5c126729f9831113842c425975615db312fa26d39f3a9e1baa47d4ad65ac2f90","7f9841e9432acd1985d807721546cc12fd472557df1063007b8381957fffb8ca","abb9d16d373f173738786441bcccabe317ba28bf57cc21c8655ac4094a6d6f33","2269d8156fcc92b854ea19c35cabb5e2ab1f9563e6a8561a1675d1010779a4c9","e0b827cb6a34c13659c4eae610445c16e370eda1d71701a5293f202965b7e825","e9e1b46377648c610782c2658c7f0235176b112c071a11bc8b7c80edc3e19dcf","444fa4a062da5c75f2208a957651ecd757b7021aecdbfff477e50cad98ccd151","f0a3bc79b1ff54780fb0d3406d4149c8de620452865e6504309f38545489dea9","45e456a30bffec52f68a06dcb964307c753c016f8031e21b39033a79229db5aa","35f7608f3758bcfaaa5fa72907ef75e7dcbb735f6f10c90cdc7f7c7d1bfbdef9","71e9b5399c258163c943f84d3b7aa8bb51f3c2d0d6414b7a5fa5082816f7a9e3","d3a5117a65f4e903e004dd2c3738d151264e25a6141927d7f68a94db61ead1ae","b6f1661298aa11d264644c022f5dc5b5dcb77eff91a275ed96378a1ca5c13bd8","17bf9a5b427e63346e3ddac77e2ba074ea66baa9ea929a21eaadea34cf1822d7","d2ac586ea5ae6f7543098f79e8f59ea84a67b8e23c3b81510a2a2ac943b6e7a6","c709f99da07de4e31a54cdcbc2f51eac6e5e18fe17f2fa758a454f49686fc7aa","3087b8b5c5dfb9c7917b251f5fd5a738d1abd537675cce78d3ed20ba2531b184","b59eb07d888f6d670fd0d2a3e1adea6ec717a2365b3e2bc6e1e3919d55a8f6b6","681f1c64ea8b3858270d8910afcaad0ecc78b6804987a599363ea43821aad04a","08132fba997deae0d7d666f9842e3da75895d4abd40d0c9347f9903b99009611","43570f60e394fbf91820a182af00b070a104320467955e300d5e544eef442608","5787503fad55cf372fa937c6b61f3c842bbd48e26b9a294c1793dbb713fc7387","39b95c48e165ba62b8c35a3de630733bd6a5f4511b8ecf86d11973afbdd9196f","31cb8098b15893fb32360b0de9e47a84f83217520dd0cb2fccae82c156b03bbe","eb2a2609930b59bc23c74968f2ccd477f4a8db836ebed4b2fefa51ce4b380497","3d8100976b4bd21ff7b359c3d67e85599aa9381e09fab616a98476fe696c006b","f54254eaca2256b9167a9a3944ecc336d8ad45e127a1d6a031ce456101561605","e1697b5fd251198a75a272261478c021cc16387a51cbea546ed983967a8425fb","577bb0fe89aca21fe47ed04d07c88ffff21df15c7ca67a8f24b49c8b008b0cc5","b4db78ef31f830735c270789fab621b933aef4a6e7ffab43cc81c4e644e9801c","8d1e7fffee574fa8d2f1c64465cc5217502112788cb34f77eb2f97de785c63a5","b6cc5f0b586b1c421284371d2b8d9e16bb6bd5fe57223d2a7f0dc39e39b40c65","d59f741de4299ae97260ebfeb9256a7f05025dd9b25b71b9396a21c7a68ae41c","02449bf71fa5afa3a21f52e102f6b19097e07f10d3f1218b1bb38e9acb52eb66","64e308265c0df59f74d6d1951bae4f6e2e4fa35671fc07c2a17bad7619c1dbeb","7c469c7681917a886f16e476b8f240d4b3c6a108b13761c33a84df044993a93f","36c58a28a802b1b93dcdaffcf02bd715923c08571b8572c876672d1649ce1858","ff9149515439e6962719e5afa054d337cbe76768838bdd22d676e3450365cbd8","5bc593379724bbf90550d3a208f4e94da444076ad699113419226fc91a9cd795","bf63827aab1f540a8ff6799e67489b86a7a3929d2a9c7cd250f9d3d32f0396c5","9ff54e986406bfa05295264c08600dc150c087da0b80dc9710860546bb0bc7ab","aba23275a3c1380bfc8d467fd921b0c209e7182dbdaa02611c3a496b0b3b34ec","c5b2b1b7d0d52f6f76c96db0d5d08228872aa8f86e426b2c859c977f9960a9ae","2e49f49a804b59fb1242408c8617443cde7949a4dcc1aef00757f25b7d4f0d2e","f910799695efd4561854f97de346db092f7c8103fd527b2a4130d0e01fe9a6a3","6791e218c8b6d4517d46ba979251e6ea27ff038d1a4f4ddf615bb09ba2a80a23","8f07285a98ac89bdfcac9f5d311c54e44975b364c4f2c5ccbaa663b4c31cd8bb","dd6b8901fd189bc83fae3a622c289c49b732da4537c7527ad6aebf2e3c56e06b","7344965e058eca0a8e8caf02811abba4b42e5575947c49a8c1a1295dffe8fe02","dc69da393932df8f43c21cf5f693ef36d82dfbb2bb143d9fb2f9ce664d30aff5","6f8a5257287ce7d95aad3acf955d239c098270dedad3ed9568314659353d6b88","41f6bee983cb7d20dfa6643a60aa9bf331c1fcbfb121e08eb3d4b39a9df7881d","aab4321df790f5dc8c1a324429c0991a8b96d77ff3f8da9d054fc3df276e2547","03e2019d1f0fbdc43f07047a7767e6ff4389ecbd8dc3277e808675feb8527ea8","99f92fd0d7f838f664cbff7fee5961af805094d981c87ba3d0dce006bdc60759","d54a2021acc3797dcf937adbdea2434e474000710fc3610f55a5a9686acc8614","1c0f28bda6031b6584cfdb87e75b4f246c8b08239ca17a96e288b361322a6394","3a2daa28804b2bc23bcd22c77e96a68ae745615ffe45bbc7006447f70efc47f0","ab75b2758cb657e4f8c285c1dff6885e4b04691ea0fd042552a6cf70c29bd98b","ea322ccaf7744c3d135d4eed0c8e921cc1d66a889374b1f8b23c7d5db4a030e3","6678a72a33986efe1658878774d9d06b972000f09714717f1a5e75d4fb311b6d","e28b783b7734dfc80261dff1528f2e06b7225321c7dace8e5e877ec6043e0e3c","69c1f4433a4ca298ef02efede350013bd0e819ad6c4ff8daf36829f465720e3c","e169f286a5c7e7b639dd2869e2b4e98d6f37a7e7155be7b6a1b8762816366bf1","e9abb39856a4d2dc92c9dde059179efcd06de4c28eea47a2d2137f4fe389963c","db8aef7437f9fa2fd2e4d128fce0c78728a3a4ac57e8b7600a38103f180cbcbd","9996234df9580e246cdf04d95b16ff4e5f27caa1f1be16f1512ada380796928b","4682f1e3a44e3bba5430675921ab1435842ff9d4d28b8db59539e4d467601fbc","ad102fde6a756af0a6ce7e9c69dd1c9158984656b6a7c872272af047bf244ab2"],"uploadUrl":"https://upload-firebasehosting.googleapis.com/upload/sites/trucky-4ab43/versions/11dfbe6836ad65fb/files"}
[debug] [2023-03-13T20:30:00.493Z] >>> [apiv2][query] POST https://upload-firebasehosting.googleapis.com/upload/sites/trucky-4ab43/versions/11dfbe6836ad65fb/files/b852f92a723c75e5c2f052177c5fe303284d1e3020d3f566a4839e94e613059b [none]
[debug] [2023-03-13T20:30:00.493Z] >>> [apiv2][body] POST https://upload-firebasehosting.googleapis.com/upload/sites/trucky-4ab43/versions/11dfbe6836ad65fb/files/b852f92a723c75e5c2f052177c5fe303284d1e3020d3f566a4839e94e613059b [stream]
[debug] [2023-03-13T20:30:00.494Z] >>> [apiv2][query] POST https://upload-firebasehosting.googleapis.com/upload/sites/trucky-4ab43/versions/11dfbe6836ad65fb/files/29b85b0a51c15f8552666969abbd4d0c30210a29e9b769ad6e80e4117e9bffa5 [none]
[debug] [2023-03-13T20:30:00.494Z] >>> [apiv2][body] POST https://upload-firebasehosting.googleapis.com/upload/sites/trucky-4ab43/versions/11dfbe6836ad65fb/files/29b85b0a51c15f8552666969abbd4d0c30210a29e9b769ad6e80e4117e9bffa5 [stream]
[debug] [2023-03-13T20:30:00.494Z] >>> [apiv2][query] POST https://upload-firebasehosting.googleapis.com/upload/sites/trucky-4ab43/versions/11dfbe6836ad65fb/files/082f9221e726e244b271bae0ad35d2a3ca1783c57b40a704ed4e3b7570e05c2c [none]
[debug] [2023-03-13T20:30:00.494Z] >>> [apiv2][body] POST https://upload-firebasehosting.googleapis.com/upload/sites/trucky-4ab43/versions/11dfbe6836ad65fb/files/082f9221e726e244b271bae0ad35d2a3ca1783c57b40a704ed4e3b7570e05c2c [stream]
[debug] [2023-03-13T20:30:00.494Z] >>> [apiv2][query] POST https://upload-firebasehosting.googleapis.com/upload/sites/trucky-4ab43/versions/11dfbe6836ad65fb/files/0b50e4d18f525aed4555ac6d3e1a43f313352120b2af41a935d7b490e2ed2643 [none]
[debug] [2023-03-13T20:30:00.494Z] >>> [apiv2][body] POST https://upload-firebasehosting.googleapis.com/upload/sites/trucky-4ab43/versions/11dfbe6836ad65fb/files/0b50e4d18f525aed4555ac6d3e1a43f313352120b2af41a935d7b490e2ed2643 [stream]
[debug] [2023-03-13T20:30:00.495Z] >>> [apiv2][query] POST https://upload-firebasehosting.googleapis.com/upload/sites/trucky-4ab43/versions/11dfbe6836ad65fb/files/720c2c59e814fa5d451bb270f69a5530dec56f8f08f1a598ef10a99d686bf6d9 [none]
[debug] [2023-03-13T20:30:00.495Z] >>> [apiv2][body] POST https://upload-firebasehosting.googleapis.com/upload/sites/trucky-4ab43/versions/11dfbe6836ad65fb/files/720c2c59e814fa5d451bb270f69a5530dec56f8f08f1a598ef10a99d686bf6d9 [stream]
[debug] [2023-03-13T20:30:00.495Z] >>> [apiv2][query] POST https://upload-firebasehosting.googleapis.com/upload/sites/trucky-4ab43/versions/11dfbe6836ad65fb/files/4b8b4167f5fbe4e11861f4627744f47504cbbfd45aa5a17ad7ff0fc08160d842 [none]
[debug] [2023-03-13T20:30:00.495Z] >>> [apiv2][body] POST https://upload-firebasehosting.googleapis.com/upload/sites/trucky-4ab43/versions/11dfbe6836ad65fb/files/4b8b4167f5fbe4e11861f4627744f47504cbbfd45aa5a17ad7ff0fc08160d842 [stream]
[debug] [2023-03-13T20:30:00.495Z] >>> [apiv2][query] POST https://upload-firebasehosting.googleapis.com/upload/sites/trucky-4ab43/versions/11dfbe6836ad65fb/files/ed26bdddbc387e7236a1e0aad89763718df5f026de30a49df1973df7788f5eaa [none]
[debug] [2023-03-13T20:30:00.495Z] >>> [apiv2][body] POST https://upload-firebasehosting.googleapis.com/upload/sites/trucky-4ab43/versions/11dfbe6836ad65fb/files/ed26bdddbc387e7236a1e0aad89763718df5f026de30a49df1973df7788f5eaa [stream]
[debug] [2023-03-13T20:30:00.495Z] >>> [apiv2][query] POST https://upload-firebasehosting.googleapis.com/upload/sites/trucky-4ab43/versions/11dfbe6836ad65fb/files/192b8eee7af730b1d7ab7925bb8e4248cccdd1d50cbdab40a3daa7b0dcbfca6d [none]
[debug] [2023-03-13T20:30:00.495Z] >>> [apiv2][body] POST https://upload-firebasehosting.googleapis.com/upload/sites/trucky-4ab43/versions/11dfbe6836ad65fb/files/192b8eee7af730b1d7ab7925bb8e4248cccdd1d50cbdab40a3daa7b0dcbfca6d [stream]
[debug] [2023-03-13T20:30:00.496Z] >>> [apiv2][query] POST https://upload-firebasehosting.googleapis.com/upload/sites/trucky-4ab43/versions/11dfbe6836ad65fb/files/0938c857d7e37c9ac93fc88bae0c9f5828cbaee14b626efcb90fc21f802c922e [none]
[debug] [2023-03-13T20:30:00.496Z] >>> [apiv2][body] POST https://upload-firebasehosting.googleapis.com/upload/sites/trucky-4ab43/versions/11dfbe6836ad65fb/files/0938c857d7e37c9ac93fc88bae0c9f5828cbaee14b626efcb90fc21f802c922e [stream]
[debug] [2023-03-13T20:30:00.496Z] >>> [apiv2][query] POST https://upload-firebasehosting.googleapis.com/upload/sites/trucky-4ab43/versions/11dfbe6836ad65fb/files/cd7151f1dd9f5111b6c65463cf8f2dee3a12e7e7fa0fa9f56a90349b3d162d6f [none]
[debug] [2023-03-13T20:30:00.496Z] >>> [apiv2][body] POST https://upload-firebasehosting.googleapis.com/upload/sites/trucky-4ab43/versions/11dfbe6836ad65fb/files/cd7151f1dd9f5111b6c65463cf8f2dee3a12e7e7fa0fa9f56a90349b3d162d6f [stream]
[debug] [2023-03-13T20:30:00.496Z] >>> [apiv2][query] POST https://upload-firebasehosting.googleapis.com/upload/sites/trucky-4ab43/versions/11dfbe6836ad65fb/files/1779c4c4a06e70176755df3de112dd6abddc54c7871a27372dd7a88917deb2e5 [none]
[debug] [2023-03-13T20:30:00.496Z] >>> [apiv2][body] POST https://upload-firebasehosting.googleapis.com/upload/sites/trucky-4ab43/versions/11dfbe6836ad65fb/files/1779c4c4a06e70176755df3de112dd6abddc54c7871a27372dd7a88917deb2e5 [stream]
[debug] [2023-03-13T20:30:00.496Z] >>> [apiv2][query] POST https://upload-firebasehosting.googleapis.com/upload/sites/trucky-4ab43/versions/11dfbe6836ad65fb/files/6bf127aee03e7634054b31718bdc831bb57db1fbf5b3f6a29279fca0233b34a7 [none]
[debug] [2023-03-13T20:30:00.496Z] >>> [apiv2][body] POST https://upload-firebasehosting.googleapis.com/upload/sites/trucky-4ab43/versions/11dfbe6836ad65fb/files/6bf127aee03e7634054b31718bdc831bb57db1fbf5b3f6a29279fca0233b34a7 [stream]
[debug] [2023-03-13T20:30:00.497Z] >>> [apiv2][query] POST https://upload-firebasehosting.googleapis.com/upload/sites/trucky-4ab43/versions/11dfbe6836ad65fb/files/0fcb341a91cf66e9a3cb13134b972e33966ac228bfaab50757896747b4e3176b [none]
[debug] [2023-03-13T20:30:00.497Z] >>> [apiv2][body] POST https://upload-firebasehosting.googleapis.com/upload/sites/trucky-4ab43/versions/11dfbe6836ad65fb/files/0fcb341a91cf66e9a3cb13134b972e33966ac228bfaab50757896747b4e3176b [stream]
[debug] [2023-03-13T20:30:00.498Z] >>> [apiv2][query] POST https://upload-firebasehosting.googleapis.com/upload/sites/trucky-4ab43/versions/11dfbe6836ad65fb/files/23c8783def329d922c685159e88337abe4cf0f92832830a25ab10a02df81af80 [none]
[debug] [2023-03-13T20:30:00.498Z] >>> [apiv2][body] POST https://upload-firebasehosting.googleapis.com/upload/sites/trucky-4ab43/versions/11dfbe6836ad65fb/files/23c8783def329d922c685159e88337abe4cf0f92832830a25ab10a02df81af80 [stream]
[debug] [2023-03-13T20:30:00.498Z] >>> [apiv2][query] POST https://upload-firebasehosting.googleapis.com/upload/sites/trucky-4ab43/versions/11dfbe6836ad65fb/files/5c126729f9831113842c425975615db312fa26d39f3a9e1baa47d4ad65ac2f90 [none]
[debug] [2023-03-13T20:30:00.498Z] >>> [apiv2][body] POST https://upload-firebasehosting.googleapis.com/upload/sites/trucky-4ab43/versions/11dfbe6836ad65fb/files/5c126729f9831113842c425975615db312fa26d39f3a9e1baa47d4ad65ac2f90 [stream]
[debug] [2023-03-13T20:30:00.498Z] >>> [apiv2][query] POST https://upload-firebasehosting.googleapis.com/upload/sites/trucky-4ab43/versions/11dfbe6836ad65fb/files/7f9841e9432acd1985d807721546cc12fd472557df1063007b8381957fffb8ca [none]
[debug] [2023-03-13T20:30:00.498Z] >>> [apiv2][body] POST https://upload-firebasehosting.googleapis.com/upload/sites/trucky-4ab43/versions/11dfbe6836ad65fb/files/7f9841e9432acd1985d807721546cc12fd472557df1063007b8381957fffb8ca [stream]
[debug] [2023-03-13T20:30:00.498Z] >>> [apiv2][query] POST https://upload-firebasehosting.googleapis.com/upload/sites/trucky-4ab43/versions/11dfbe6836ad65fb/files/abb9d16d373f173738786441bcccabe317ba28bf57cc21c8655ac4094a6d6f33 [none]
[debug] [2023-03-13T20:30:00.498Z] >>> [apiv2][body] POST https://upload-firebasehosting.googleapis.com/upload/sites/trucky-4ab43/versions/11dfbe6836ad65fb/files/abb9d16d373f173738786441bcccabe317ba28bf57cc21c8655ac4094a6d6f33 [stream]
[debug] [2023-03-13T20:30:00.499Z] >>> [apiv2][query] POST https://upload-firebasehosting.googleapis.com/upload/sites/trucky-4ab43/versions/11dfbe6836ad65fb/files/2269d8156fcc92b854ea19c35cabb5e2ab1f9563e6a8561a1675d1010779a4c9 [none]
[debug] [2023-03-13T20:30:00.499Z] >>> [apiv2][body] POST https://upload-firebasehosting.googleapis.com/upload/sites/trucky-4ab43/versions/11dfbe6836ad65fb/files/2269d8156fcc92b854ea19c35cabb5e2ab1f9563e6a8561a1675d1010779a4c9 [stream]
[debug] [2023-03-13T20:30:00.499Z] >>> [apiv2][query] POST https://upload-firebasehosting.googleapis.com/upload/sites/trucky-4ab43/versions/11dfbe6836ad65fb/files/e0b827cb6a34c13659c4eae610445c16e370eda1d71701a5293f202965b7e825 [none]
[debug] [2023-03-13T20:30:00.499Z] >>> [apiv2][body] POST https://upload-firebasehosting.googleapis.com/upload/sites/trucky-4ab43/versions/11dfbe6836ad65fb/files/e0b827cb6a34c13659c4eae610445c16e370eda1d71701a5293f202965b7e825 [stream]
[debug] [2023-03-13T20:30:00.499Z] >>> [apiv2][query] POST https://upload-firebasehosting.googleapis.com/upload/sites/trucky-4ab43/versions/11dfbe6836ad65fb/files/e9e1b46377648c610782c2658c7f0235176b112c071a11bc8b7c80edc3e19dcf [none]
[debug] [2023-03-13T20:30:00.499Z] >>> [apiv2][body] POST https://upload-firebasehosting.googleapis.com/upload/sites/trucky-4ab43/versions/11dfbe6836ad65fb/files/e9e1b46377648c610782c2658c7f0235176b112c071a11bc8b7c80edc3e19dcf [stream]
[debug] [2023-03-13T20:30:00.499Z] >>> [apiv2][query] POST https://upload-firebasehosting.googleapis.com/upload/sites/trucky-4ab43/versions/11dfbe6836ad65fb/files/444fa4a062da5c75f2208a957651ecd757b7021aecdbfff477e50cad98ccd151 [none]
[debug] [2023-03-13T20:30:00.499Z] >>> [apiv2][body] POST https://upload-firebasehosting.googleapis.com/upload/sites/trucky-4ab43/versions/11dfbe6836ad65fb/files/444fa4a062da5c75f2208a957651ecd757b7021aecdbfff477e50cad98ccd151 [stream]
[debug] [2023-03-13T20:30:00.499Z] >>> [apiv2][query] POST https://upload-firebasehosting.googleapis.com/upload/sites/trucky-4ab43/versions/11dfbe6836ad65fb/files/f0a3bc79b1ff54780fb0d3406d4149c8de620452865e6504309f38545489dea9 [none]
[debug] [2023-03-13T20:30:00.499Z] >>> [apiv2][body] POST https://upload-firebasehosting.googleapis.com/upload/sites/trucky-4ab43/versions/11dfbe6836ad65fb/files/f0a3bc79b1ff54780fb0d3406d4149c8de620452865e6504309f38545489dea9 [stream]
[debug] [2023-03-13T20:30:00.500Z] >>> [apiv2][query] POST https://upload-firebasehosting.googleapis.com/upload/sites/trucky-4ab43/versions/11dfbe6836ad65fb/files/45e456a30bffec52f68a06dcb964307c753c016f8031e21b39033a79229db5aa [none]
[debug] [2023-03-13T20:30:00.500Z] >>> [apiv2][body] POST https://upload-firebasehosting.googleapis.com/upload/sites/trucky-4ab43/versions/11dfbe6836ad65fb/files/45e456a30bffec52f68a06dcb964307c753c016f8031e21b39033a79229db5aa [stream]
[debug] [2023-03-13T20:30:00.500Z] >>> [apiv2][query] POST https://upload-firebasehosting.googleapis.com/upload/sites/trucky-4ab43/versions/11dfbe6836ad65fb/files/35f7608f3758bcfaaa5fa72907ef75e7dcbb735f6f10c90cdc7f7c7d1bfbdef9 [none]
[debug] [2023-03-13T20:30:00.500Z] >>> [apiv2][body] POST https://upload-firebasehosting.googleapis.com/upload/sites/trucky-4ab43/versions/11dfbe6836ad65fb/files/35f7608f3758bcfaaa5fa72907ef75e7dcbb735f6f10c90cdc7f7c7d1bfbdef9 [stream]
[debug] [2023-03-13T20:30:00.500Z] >>> [apiv2][query] POST https://upload-firebasehosting.googleapis.com/upload/sites/trucky-4ab43/versions/11dfbe6836ad65fb/files/71e9b5399c258163c943f84d3b7aa8bb51f3c2d0d6414b7a5fa5082816f7a9e3 [none]
[debug] [2023-03-13T20:30:00.500Z] >>> [apiv2][body] POST https://upload-firebasehosting.googleapis.com/upload/sites/trucky-4ab43/versions/11dfbe6836ad65fb/files/71e9b5399c258163c943f84d3b7aa8bb51f3c2d0d6414b7a5fa5082816f7a9e3 [stream]
[debug] [2023-03-13T20:30:00.500Z] >>> [apiv2][query] POST https://upload-firebasehosting.googleapis.com/upload/sites/trucky-4ab43/versions/11dfbe6836ad65fb/files/d3a5117a65f4e903e004dd2c3738d151264e25a6141927d7f68a94db61ead1ae [none]
[debug] [2023-03-13T20:30:00.500Z] >>> [apiv2][body] POST https://upload-firebasehosting.googleapis.com/upload/sites/trucky-4ab43/versions/11dfbe6836ad65fb/files/d3a5117a65f4e903e004dd2c3738d151264e25a6141927d7f68a94db61ead1ae [stream]
[debug] [2023-03-13T20:30:00.501Z] >>> [apiv2][query] POST https://upload-firebasehosting.googleapis.com/upload/sites/trucky-4ab43/versions/11dfbe6836ad65fb/files/b6f1661298aa11d264644c022f5dc5b5dcb77eff91a275ed96378a1ca5c13bd8 [none]
[debug] [2023-03-13T20:30:00.501Z] >>> [apiv2][body] POST https://upload-firebasehosting.googleapis.com/upload/sites/trucky-4ab43/versions/11dfbe6836ad65fb/files/b6f1661298aa11d264644c022f5dc5b5dcb77eff91a275ed96378a1ca5c13bd8 [stream]
[debug] [2023-03-13T20:30:00.501Z] >>> [apiv2][query] POST https://upload-firebasehosting.googleapis.com/upload/sites/trucky-4ab43/versions/11dfbe6836ad65fb/files/17bf9a5b427e63346e3ddac77e2ba074ea66baa9ea929a21eaadea34cf1822d7 [none]
[debug] [2023-03-13T20:30:00.501Z] >>> [apiv2][body] POST https://upload-firebasehosting.googleapis.com/upload/sites/trucky-4ab43/versions/11dfbe6836ad65fb/files/17bf9a5b427e63346e3ddac77e2ba074ea66baa9ea929a21eaadea34cf1822d7 [stream]
[debug] [2023-03-13T20:30:00.501Z] >>> [apiv2][query] POST https://upload-firebasehosting.googleapis.com/upload/sites/trucky-4ab43/versions/11dfbe6836ad65fb/files/d2ac586ea5ae6f7543098f79e8f59ea84a67b8e23c3b81510a2a2ac943b6e7a6 [none]
[debug] [2023-03-13T20:30:00.501Z] >>> [apiv2][body] POST https://upload-firebasehosting.googleapis.com/upload/sites/trucky-4ab43/versions/11dfbe6836ad65fb/files/d2ac586ea5ae6f7543098f79e8f59ea84a67b8e23c3b81510a2a2ac943b6e7a6 [stream]
[debug] [2023-03-13T20:30:00.501Z] >>> [apiv2][query] POST https://upload-firebasehosting.googleapis.com/upload/sites/trucky-4ab43/versions/11dfbe6836ad65fb/files/c709f99da07de4e31a54cdcbc2f51eac6e5e18fe17f2fa758a454f49686fc7aa [none]
[debug] [2023-03-13T20:30:00.501Z] >>> [apiv2][body] POST https://upload-firebasehosting.googleapis.com/upload/sites/trucky-4ab43/versions/11dfbe6836ad65fb/files/c709f99da07de4e31a54cdcbc2f51eac6e5e18fe17f2fa758a454f49686fc7aa [stream]
[debug] [2023-03-13T20:30:00.502Z] >>> [apiv2][query] POST https://upload-firebasehosting.googleapis.com/upload/sites/trucky-4ab43/versions/11dfbe6836ad65fb/files/3087b8b5c5dfb9c7917b251f5fd5a738d1abd537675cce78d3ed20ba2531b184 [none]
[debug] [2023-03-13T20:30:00.502Z] >>> [apiv2][body] POST https://upload-firebasehosting.googleapis.com/upload/sites/trucky-4ab43/versions/11dfbe6836ad65fb/files/3087b8b5c5dfb9c7917b251f5fd5a738d1abd537675cce78d3ed20ba2531b184 [stream]
[debug] [2023-03-13T20:30:00.503Z] >>> [apiv2][query] POST https://upload-firebasehosting.googleapis.com/upload/sites/trucky-4ab43/versions/11dfbe6836ad65fb/files/b59eb07d888f6d670fd0d2a3e1adea6ec717a2365b3e2bc6e1e3919d55a8f6b6 [none]
[debug] [2023-03-13T20:30:00.503Z] >>> [apiv2][body] POST https://upload-firebasehosting.googleapis.com/upload/sites/trucky-4ab43/versions/11dfbe6836ad65fb/files/b59eb07d888f6d670fd0d2a3e1adea6ec717a2365b3e2bc6e1e3919d55a8f6b6 [stream]
[debug] [2023-03-13T20:30:00.503Z] >>> [apiv2][query] POST https://upload-firebasehosting.googleapis.com/upload/sites/trucky-4ab43/versions/11dfbe6836ad65fb/files/681f1c64ea8b3858270d8910afcaad0ecc78b6804987a599363ea43821aad04a [none]
[debug] [2023-03-13T20:30:00.503Z] >>> [apiv2][body] POST https://upload-firebasehosting.googleapis.com/upload/sites/trucky-4ab43/versions/11dfbe6836ad65fb/files/681f1c64ea8b3858270d8910afcaad0ecc78b6804987a599363ea43821aad04a [stream]
[debug] [2023-03-13T20:30:00.503Z] >>> [apiv2][query] POST https://upload-firebasehosting.googleapis.com/upload/sites/trucky-4ab43/versions/11dfbe6836ad65fb/files/08132fba997deae0d7d666f9842e3da75895d4abd40d0c9347f9903b99009611 [none]
[debug] [2023-03-13T20:30:00.503Z] >>> [apiv2][body] POST https://upload-firebasehosting.googleapis.com/upload/sites/trucky-4ab43/versions/11dfbe6836ad65fb/files/08132fba997deae0d7d666f9842e3da75895d4abd40d0c9347f9903b99009611 [stream]
[debug] [2023-03-13T20:30:00.503Z] >>> [apiv2][query] POST https://upload-firebasehosting.googleapis.com/upload/sites/trucky-4ab43/versions/11dfbe6836ad65fb/files/43570f60e394fbf91820a182af00b070a104320467955e300d5e544eef442608 [none]
[debug] [2023-03-13T20:30:00.503Z] >>> [apiv2][body] POST https://upload-firebasehosting.googleapis.com/upload/sites/trucky-4ab43/versions/11dfbe6836ad65fb/files/43570f60e394fbf91820a182af00b070a104320467955e300d5e544eef442608 [stream]
[debug] [2023-03-13T20:30:00.504Z] >>> [apiv2][query] POST https://upload-firebasehosting.googleapis.com/upload/sites/trucky-4ab43/versions/11dfbe6836ad65fb/files/5787503fad55cf372fa937c6b61f3c842bbd48e26b9a294c1793dbb713fc7387 [none]
[debug] [2023-03-13T20:30:00.504Z] >>> [apiv2][body] POST https://upload-firebasehosting.googleapis.com/upload/sites/trucky-4ab43/versions/11dfbe6836ad65fb/files/5787503fad55cf372fa937c6b61f3c842bbd48e26b9a294c1793dbb713fc7387 [stream]
[debug] [2023-03-13T20:30:00.504Z] >>> [apiv2][query] POST https://upload-firebasehosting.googleapis.com/upload/sites/trucky-4ab43/versions/11dfbe6836ad65fb/files/39b95c48e165ba62b8c35a3de630733bd6a5f4511b8ecf86d11973afbdd9196f [none]
[debug] [2023-03-13T20:30:00.504Z] >>> [apiv2][body] POST https://upload-firebasehosting.googleapis.com/upload/sites/trucky-4ab43/versions/11dfbe6836ad65fb/files/39b95c48e165ba62b8c35a3de630733bd6a5f4511b8ecf86d11973afbdd9196f [stream]
[debug] [2023-03-13T20:30:00.504Z] >>> [apiv2][query] POST https://upload-firebasehosting.googleapis.com/upload/sites/trucky-4ab43/versions/11dfbe6836ad65fb/files/31cb8098b15893fb32360b0de9e47a84f83217520dd0cb2fccae82c156b03bbe [none]
[debug] [2023-03-13T20:30:00.504Z] >>> [apiv2][body] POST https://upload-firebasehosting.googleapis.com/upload/sites/trucky-4ab43/versions/11dfbe6836ad65fb/files/31cb8098b15893fb32360b0de9e47a84f83217520dd0cb2fccae82c156b03bbe [stream]
[debug] [2023-03-13T20:30:00.504Z] >>> [apiv2][query] POST https://upload-firebasehosting.googleapis.com/upload/sites/trucky-4ab43/versions/11dfbe6836ad65fb/files/eb2a2609930b59bc23c74968f2ccd477f4a8db836ebed4b2fefa51ce4b380497 [none]
[debug] [2023-03-13T20:30:00.504Z] >>> [apiv2][body] POST https://upload-firebasehosting.googleapis.com/upload/sites/trucky-4ab43/versions/11dfbe6836ad65fb/files/eb2a2609930b59bc23c74968f2ccd477f4a8db836ebed4b2fefa51ce4b380497 [stream]
[debug] [2023-03-13T20:30:00.505Z] >>> [apiv2][query] POST https://upload-firebasehosting.googleapis.com/upload/sites/trucky-4ab43/versions/11dfbe6836ad65fb/files/3d8100976b4bd21ff7b359c3d67e85599aa9381e09fab616a98476fe696c006b [none]
[debug] [2023-03-13T20:30:00.505Z] >>> [apiv2][body] POST https://upload-firebasehosting.googleapis.com/upload/sites/trucky-4ab43/versions/11dfbe6836ad65fb/files/3d8100976b4bd21ff7b359c3d67e85599aa9381e09fab616a98476fe696c006b [stream]
[debug] [2023-03-13T20:30:00.505Z] >>> [apiv2][query] POST https://upload-firebasehosting.googleapis.com/upload/sites/trucky-4ab43/versions/11dfbe6836ad65fb/files/f54254eaca2256b9167a9a3944ecc336d8ad45e127a1d6a031ce456101561605 [none]
[debug] [2023-03-13T20:30:00.505Z] >>> [apiv2][body] POST https://upload-firebasehosting.googleapis.com/upload/sites/trucky-4ab43/versions/11dfbe6836ad65fb/files/f54254eaca2256b9167a9a3944ecc336d8ad45e127a1d6a031ce456101561605 [stream]
[debug] [2023-03-13T20:30:00.505Z] >>> [apiv2][query] POST https://upload-firebasehosting.googleapis.com/upload/sites/trucky-4ab43/versions/11dfbe6836ad65fb/files/e1697b5fd251198a75a272261478c021cc16387a51cbea546ed983967a8425fb [none]
[debug] [2023-03-13T20:30:00.505Z] >>> [apiv2][body] POST https://upload-firebasehosting.googleapis.com/upload/sites/trucky-4ab43/versions/11dfbe6836ad65fb/files/e1697b5fd251198a75a272261478c021cc16387a51cbea546ed983967a8425fb [stream]
[debug] [2023-03-13T20:30:00.505Z] >>> [apiv2][query] POST https://upload-firebasehosting.googleapis.com/upload/sites/trucky-4ab43/versions/11dfbe6836ad65fb/files/577bb0fe89aca21fe47ed04d07c88ffff21df15c7ca67a8f24b49c8b008b0cc5 [none]
[debug] [2023-03-13T20:30:00.505Z] >>> [apiv2][body] POST https://upload-firebasehosting.googleapis.com/upload/sites/trucky-4ab43/versions/11dfbe6836ad65fb/files/577bb0fe89aca21fe47ed04d07c88ffff21df15c7ca67a8f24b49c8b008b0cc5 [stream]
[debug] [2023-03-13T20:30:00.505Z] >>> [apiv2][query] POST https://upload-firebasehosting.googleapis.com/upload/sites/trucky-4ab43/versions/11dfbe6836ad65fb/files/b4db78ef31f830735c270789fab621b933aef4a6e7ffab43cc81c4e644e9801c [none]
[debug] [2023-03-13T20:30:00.506Z] >>> [apiv2][body] POST https://upload-firebasehosting.googleapis.com/upload/sites/trucky-4ab43/versions/11dfbe6836ad65fb/files/b4db78ef31f830735c270789fab621b933aef4a6e7ffab43cc81c4e644e9801c [stream]
[debug] [2023-03-13T20:30:00.506Z] >>> [apiv2][query] POST https://upload-firebasehosting.googleapis.com/upload/sites/trucky-4ab43/versions/11dfbe6836ad65fb/files/8d1e7fffee574fa8d2f1c64465cc5217502112788cb34f77eb2f97de785c63a5 [none]
[debug] [2023-03-13T20:30:00.506Z] >>> [apiv2][body] POST https://upload-firebasehosting.googleapis.com/upload/sites/trucky-4ab43/versions/11dfbe6836ad65fb/files/8d1e7fffee574fa8d2f1c64465cc5217502112788cb34f77eb2f97de785c63a5 [stream]
[debug] [2023-03-13T20:30:00.506Z] >>> [apiv2][query] POST https://upload-firebasehosting.googleapis.com/upload/sites/trucky-4ab43/versions/11dfbe6836ad65fb/files/b6cc5f0b586b1c421284371d2b8d9e16bb6bd5fe57223d2a7f0dc39e39b40c65 [none]
[debug] [2023-03-13T20:30:00.506Z] >>> [apiv2][body] POST https://upload-firebasehosting.googleapis.com/upload/sites/trucky-4ab43/versions/11dfbe6836ad65fb/files/b6cc5f0b586b1c421284371d2b8d9e16bb6bd5fe57223d2a7f0dc39e39b40c65 [stream]
[debug] [2023-03-13T20:30:00.506Z] >>> [apiv2][query] POST https://upload-firebasehosting.googleapis.com/upload/sites/trucky-4ab43/versions/11dfbe6836ad65fb/files/d59f741de4299ae97260ebfeb9256a7f05025dd9b25b71b9396a21c7a68ae41c [none]
[debug] [2023-03-13T20:30:00.506Z] >>> [apiv2][body] POST https://upload-firebasehosting.googleapis.com/upload/sites/trucky-4ab43/versions/11dfbe6836ad65fb/files/d59f741de4299ae97260ebfeb9256a7f05025dd9b25b71b9396a21c7a68ae41c [stream]
[debug] [2023-03-13T20:30:00.506Z] >>> [apiv2][query] POST https://upload-firebasehosting.googleapis.com/upload/sites/trucky-4ab43/versions/11dfbe6836ad65fb/files/02449bf71fa5afa3a21f52e102f6b19097e07f10d3f1218b1bb38e9acb52eb66 [none]
[debug] [2023-03-13T20:30:00.506Z] >>> [apiv2][body] POST https://upload-firebasehosting.googleapis.com/upload/sites/trucky-4ab43/versions/11dfbe6836ad65fb/files/02449bf71fa5afa3a21f52e102f6b19097e07f10d3f1218b1bb38e9acb52eb66 [stream]
[debug] [2023-03-13T20:30:00.507Z] >>> [apiv2][query] POST https://upload-firebasehosting.googleapis.com/upload/sites/trucky-4ab43/versions/11dfbe6836ad65fb/files/64e308265c0df59f74d6d1951bae4f6e2e4fa35671fc07c2a17bad7619c1dbeb [none]
[debug] [2023-03-13T20:30:00.507Z] >>> [apiv2][body] POST https://upload-firebasehosting.googleapis.com/upload/sites/trucky-4ab43/versions/11dfbe6836ad65fb/files/64e308265c0df59f74d6d1951bae4f6e2e4fa35671fc07c2a17bad7619c1dbeb [stream]
[debug] [2023-03-13T20:30:00.507Z] >>> [apiv2][query] POST https://upload-firebasehosting.googleapis.com/upload/sites/trucky-4ab43/versions/11dfbe6836ad65fb/files/7c469c7681917a886f16e476b8f240d4b3c6a108b13761c33a84df044993a93f [none]
[debug] [2023-03-13T20:30:00.507Z] >>> [apiv2][body] POST https://upload-firebasehosting.googleapis.com/upload/sites/trucky-4ab43/versions/11dfbe6836ad65fb/files/7c469c7681917a886f16e476b8f240d4b3c6a108b13761c33a84df044993a93f [stream]
[debug] [2023-03-13T20:30:00.507Z] >>> [apiv2][query] POST https://upload-firebasehosting.googleapis.com/upload/sites/trucky-4ab43/versions/11dfbe6836ad65fb/files/36c58a28a802b1b93dcdaffcf02bd715923c08571b8572c876672d1649ce1858 [none]
[debug] [2023-03-13T20:30:00.507Z] >>> [apiv2][body] POST https://upload-firebasehosting.googleapis.com/upload/sites/trucky-4ab43/versions/11dfbe6836ad65fb/files/36c58a28a802b1b93dcdaffcf02bd715923c08571b8572c876672d1649ce1858 [stream]
[debug] [2023-03-13T20:30:00.507Z] >>> [apiv2][query] POST https://upload-firebasehosting.googleapis.com/upload/sites/trucky-4ab43/versions/11dfbe6836ad65fb/files/ff9149515439e6962719e5afa054d337cbe76768838bdd22d676e3450365cbd8 [none]
[debug] [2023-03-13T20:30:00.507Z] >>> [apiv2][body] POST https://upload-firebasehosting.googleapis.com/upload/sites/trucky-4ab43/versions/11dfbe6836ad65fb/files/ff9149515439e6962719e5afa054d337cbe76768838bdd22d676e3450365cbd8 [stream]
[debug] [2023-03-13T20:30:00.507Z] >>> [apiv2][query] POST https://upload-firebasehosting.googleapis.com/upload/sites/trucky-4ab43/versions/11dfbe6836ad65fb/files/5bc593379724bbf90550d3a208f4e94da444076ad699113419226fc91a9cd795 [none]
[debug] [2023-03-13T20:30:00.507Z] >>> [apiv2][body] POST https://upload-firebasehosting.googleapis.com/upload/sites/trucky-4ab43/versions/11dfbe6836ad65fb/files/5bc593379724bbf90550d3a208f4e94da444076ad699113419226fc91a9cd795 [stream]
[debug] [2023-03-13T20:30:00.508Z] >>> [apiv2][query] POST https://upload-firebasehosting.googleapis.com/upload/sites/trucky-4ab43/versions/11dfbe6836ad65fb/files/bf63827aab1f540a8ff6799e67489b86a7a3929d2a9c7cd250f9d3d32f0396c5 [none]
[debug] [2023-03-13T20:30:00.508Z] >>> [apiv2][body] POST https://upload-firebasehosting.googleapis.com/upload/sites/trucky-4ab43/versions/11dfbe6836ad65fb/files/bf63827aab1f540a8ff6799e67489b86a7a3929d2a9c7cd250f9d3d32f0396c5 [stream]
[debug] [2023-03-13T20:30:00.508Z] >>> [apiv2][query] POST https://upload-firebasehosting.googleapis.com/upload/sites/trucky-4ab43/versions/11dfbe6836ad65fb/files/9ff54e986406bfa05295264c08600dc150c087da0b80dc9710860546bb0bc7ab [none]
[debug] [2023-03-13T20:30:00.508Z] >>> [apiv2][body] POST https://upload-firebasehosting.googleapis.com/upload/sites/trucky-4ab43/versions/11dfbe6836ad65fb/files/9ff54e986406bfa05295264c08600dc150c087da0b80dc9710860546bb0bc7ab [stream]
[debug] [2023-03-13T20:30:00.508Z] >>> [apiv2][query] POST https://upload-firebasehosting.googleapis.com/upload/sites/trucky-4ab43/versions/11dfbe6836ad65fb/files/aba23275a3c1380bfc8d467fd921b0c209e7182dbdaa02611c3a496b0b3b34ec [none]
[debug] [2023-03-13T20:30:00.508Z] >>> [apiv2][body] POST https://upload-firebasehosting.googleapis.com/upload/sites/trucky-4ab43/versions/11dfbe6836ad65fb/files/aba23275a3c1380bfc8d467fd921b0c209e7182dbdaa02611c3a496b0b3b34ec [stream]
[debug] [2023-03-13T20:30:00.508Z] >>> [apiv2][query] POST https://upload-firebasehosting.googleapis.com/upload/sites/trucky-4ab43/versions/11dfbe6836ad65fb/files/c5b2b1b7d0d52f6f76c96db0d5d08228872aa8f86e426b2c859c977f9960a9ae [none]
[debug] [2023-03-13T20:30:00.508Z] >>> [apiv2][body] POST https://upload-firebasehosting.googleapis.com/upload/sites/trucky-4ab43/versions/11dfbe6836ad65fb/files/c5b2b1b7d0d52f6f76c96db0d5d08228872aa8f86e426b2c859c977f9960a9ae [stream]
[debug] [2023-03-13T20:30:00.509Z] >>> [apiv2][query] POST https://upload-firebasehosting.googleapis.com/upload/sites/trucky-4ab43/versions/11dfbe6836ad65fb/files/2e49f49a804b59fb1242408c8617443cde7949a4dcc1aef00757f25b7d4f0d2e [none]
[debug] [2023-03-13T20:30:00.509Z] >>> [apiv2][body] POST https://upload-firebasehosting.googleapis.com/upload/sites/trucky-4ab43/versions/11dfbe6836ad65fb/files/2e49f49a804b59fb1242408c8617443cde7949a4dcc1aef00757f25b7d4f0d2e [stream]
[debug] [2023-03-13T20:30:00.509Z] >>> [apiv2][query] POST https://upload-firebasehosting.googleapis.com/upload/sites/trucky-4ab43/versions/11dfbe6836ad65fb/files/f910799695efd4561854f97de346db092f7c8103fd527b2a4130d0e01fe9a6a3 [none]
[debug] [2023-03-13T20:30:00.509Z] >>> [apiv2][body] POST https://upload-firebasehosting.googleapis.com/upload/sites/trucky-4ab43/versions/11dfbe6836ad65fb/files/f910799695efd4561854f97de346db092f7c8103fd527b2a4130d0e01fe9a6a3 [stream]
[debug] [2023-03-13T20:30:00.509Z] >>> [apiv2][query] POST https://upload-firebasehosting.googleapis.com/upload/sites/trucky-4ab43/versions/11dfbe6836ad65fb/files/6791e218c8b6d4517d46ba979251e6ea27ff038d1a4f4ddf615bb09ba2a80a23 [none]
[debug] [2023-03-13T20:30:00.509Z] >>> [apiv2][body] POST https://upload-firebasehosting.googleapis.com/upload/sites/trucky-4ab43/versions/11dfbe6836ad65fb/files/6791e218c8b6d4517d46ba979251e6ea27ff038d1a4f4ddf615bb09ba2a80a23 [stream]
[debug] [2023-03-13T20:30:00.509Z] >>> [apiv2][query] POST https://upload-firebasehosting.googleapis.com/upload/sites/trucky-4ab43/versions/11dfbe6836ad65fb/files/8f07285a98ac89bdfcac9f5d311c54e44975b364c4f2c5ccbaa663b4c31cd8bb [none]
[debug] [2023-03-13T20:30:00.509Z] >>> [apiv2][body] POST https://upload-firebasehosting.googleapis.com/upload/sites/trucky-4ab43/versions/11dfbe6836ad65fb/files/8f07285a98ac89bdfcac9f5d311c54e44975b364c4f2c5ccbaa663b4c31cd8bb [stream]
[debug] [2023-03-13T20:30:00.509Z] >>> [apiv2][query] POST https://upload-firebasehosting.googleapis.com/upload/sites/trucky-4ab43/versions/11dfbe6836ad65fb/files/dd6b8901fd189bc83fae3a622c289c49b732da4537c7527ad6aebf2e3c56e06b [none]
[debug] [2023-03-13T20:30:00.509Z] >>> [apiv2][body] POST https://upload-firebasehosting.googleapis.com/upload/sites/trucky-4ab43/versions/11dfbe6836ad65fb/files/dd6b8901fd189bc83fae3a622c289c49b732da4537c7527ad6aebf2e3c56e06b [stream]
[debug] [2023-03-13T20:30:00.510Z] >>> [apiv2][query] POST https://upload-firebasehosting.googleapis.com/upload/sites/trucky-4ab43/versions/11dfbe6836ad65fb/files/7344965e058eca0a8e8caf02811abba4b42e5575947c49a8c1a1295dffe8fe02 [none]
[debug] [2023-03-13T20:30:00.510Z] >>> [apiv2][body] POST https://upload-firebasehosting.googleapis.com/upload/sites/trucky-4ab43/versions/11dfbe6836ad65fb/files/7344965e058eca0a8e8caf02811abba4b42e5575947c49a8c1a1295dffe8fe02 [stream]
[debug] [2023-03-13T20:30:00.510Z] >>> [apiv2][query] POST https://upload-firebasehosting.googleapis.com/upload/sites/trucky-4ab43/versions/11dfbe6836ad65fb/files/dc69da393932df8f43c21cf5f693ef36d82dfbb2bb143d9fb2f9ce664d30aff5 [none]
[debug] [2023-03-13T20:30:00.510Z] >>> [apiv2][body] POST https://upload-firebasehosting.googleapis.com/upload/sites/trucky-4ab43/versions/11dfbe6836ad65fb/files/dc69da393932df8f43c21cf5f693ef36d82dfbb2bb143d9fb2f9ce664d30aff5 [stream]
[debug] [2023-03-13T20:30:00.510Z] >>> [apiv2][query] POST https://upload-firebasehosting.googleapis.com/upload/sites/trucky-4ab43/versions/11dfbe6836ad65fb/files/6f8a5257287ce7d95aad3acf955d239c098270dedad3ed9568314659353d6b88 [none]
[debug] [2023-03-13T20:30:00.510Z] >>> [apiv2][body] POST https://upload-firebasehosting.googleapis.com/upload/sites/trucky-4ab43/versions/11dfbe6836ad65fb/files/6f8a5257287ce7d95aad3acf955d239c098270dedad3ed9568314659353d6b88 [stream]
[debug] [2023-03-13T20:30:00.511Z] >>> [apiv2][query] POST https://upload-firebasehosting.googleapis.com/upload/sites/trucky-4ab43/versions/11dfbe6836ad65fb/files/41f6bee983cb7d20dfa6643a60aa9bf331c1fcbfb121e08eb3d4b39a9df7881d [none]
[debug] [2023-03-13T20:30:00.511Z] >>> [apiv2][body] POST https://upload-firebasehosting.googleapis.com/upload/sites/trucky-4ab43/versions/11dfbe6836ad65fb/files/41f6bee983cb7d20dfa6643a60aa9bf331c1fcbfb121e08eb3d4b39a9df7881d [stream]
[debug] [2023-03-13T20:30:00.511Z] >>> [apiv2][query] POST https://upload-firebasehosting.googleapis.com/upload/sites/trucky-4ab43/versions/11dfbe6836ad65fb/files/aab4321df790f5dc8c1a324429c0991a8b96d77ff3f8da9d054fc3df276e2547 [none]
[debug] [2023-03-13T20:30:00.511Z] >>> [apiv2][body] POST https://upload-firebasehosting.googleapis.com/upload/sites/trucky-4ab43/versions/11dfbe6836ad65fb/files/aab4321df790f5dc8c1a324429c0991a8b96d77ff3f8da9d054fc3df276e2547 [stream]
[debug] [2023-03-13T20:30:00.511Z] >>> [apiv2][query] POST https://upload-firebasehosting.googleapis.com/upload/sites/trucky-4ab43/versions/11dfbe6836ad65fb/files/03e2019d1f0fbdc43f07047a7767e6ff4389ecbd8dc3277e808675feb8527ea8 [none]
[debug] [2023-03-13T20:30:00.511Z] >>> [apiv2][body] POST https://upload-firebasehosting.googleapis.com/upload/sites/trucky-4ab43/versions/11dfbe6836ad65fb/files/03e2019d1f0fbdc43f07047a7767e6ff4389ecbd8dc3277e808675feb8527ea8 [stream]
[debug] [2023-03-13T20:30:00.511Z] >>> [apiv2][query] POST https://upload-firebasehosting.googleapis.com/upload/sites/trucky-4ab43/versions/11dfbe6836ad65fb/files/99f92fd0d7f838f664cbff7fee5961af805094d981c87ba3d0dce006bdc60759 [none]
[debug] [2023-03-13T20:30:00.511Z] >>> [apiv2][body] POST https://upload-firebasehosting.googleapis.com/upload/sites/trucky-4ab43/versions/11dfbe6836ad65fb/files/99f92fd0d7f838f664cbff7fee5961af805094d981c87ba3d0dce006bdc60759 [stream]
[debug] [2023-03-13T20:30:00.511Z] >>> [apiv2][query] POST https://upload-firebasehosting.googleapis.com/upload/sites/trucky-4ab43/versions/11dfbe6836ad65fb/files/d54a2021acc3797dcf937adbdea2434e474000710fc3610f55a5a9686acc8614 [none]
[debug] [2023-03-13T20:30:00.511Z] >>> [apiv2][body] POST https://upload-firebasehosting.googleapis.com/upload/sites/trucky-4ab43/versions/11dfbe6836ad65fb/files/d54a2021acc3797dcf937adbdea2434e474000710fc3610f55a5a9686acc8614 [stream]
[debug] [2023-03-13T20:30:00.512Z] >>> [apiv2][query] POST https://upload-firebasehosting.googleapis.com/upload/sites/trucky-4ab43/versions/11dfbe6836ad65fb/files/1c0f28bda6031b6584cfdb87e75b4f246c8b08239ca17a96e288b361322a6394 [none]
[debug] [2023-03-13T20:30:00.512Z] >>> [apiv2][body] POST https://upload-firebasehosting.googleapis.com/upload/sites/trucky-4ab43/versions/11dfbe6836ad65fb/files/1c0f28bda6031b6584cfdb87e75b4f246c8b08239ca17a96e288b361322a6394 [stream]
[debug] [2023-03-13T20:30:00.512Z] >>> [apiv2][query] POST https://upload-firebasehosting.googleapis.com/upload/sites/trucky-4ab43/versions/11dfbe6836ad65fb/files/3a2daa28804b2bc23bcd22c77e96a68ae745615ffe45bbc7006447f70efc47f0 [none]
[debug] [2023-03-13T20:30:00.512Z] >>> [apiv2][body] POST https://upload-firebasehosting.googleapis.com/upload/sites/trucky-4ab43/versions/11dfbe6836ad65fb/files/3a2daa28804b2bc23bcd22c77e96a68ae745615ffe45bbc7006447f70efc47f0 [stream]
[debug] [2023-03-13T20:30:00.512Z] >>> [apiv2][query] POST https://upload-firebasehosting.googleapis.com/upload/sites/trucky-4ab43/versions/11dfbe6836ad65fb/files/ab75b2758cb657e4f8c285c1dff6885e4b04691ea0fd042552a6cf70c29bd98b [none]
[debug] [2023-03-13T20:30:00.512Z] >>> [apiv2][body] POST https://upload-firebasehosting.googleapis.com/upload/sites/trucky-4ab43/versions/11dfbe6836ad65fb/files/ab75b2758cb657e4f8c285c1dff6885e4b04691ea0fd042552a6cf70c29bd98b [stream]
[debug] [2023-03-13T20:30:00.512Z] >>> [apiv2][query] POST https://upload-firebasehosting.googleapis.com/upload/sites/trucky-4ab43/versions/11dfbe6836ad65fb/files/ea322ccaf7744c3d135d4eed0c8e921cc1d66a889374b1f8b23c7d5db4a030e3 [none]
[debug] [2023-03-13T20:30:00.512Z] >>> [apiv2][body] POST https://upload-firebasehosting.googleapis.com/upload/sites/trucky-4ab43/versions/11dfbe6836ad65fb/files/ea322ccaf7744c3d135d4eed0c8e921cc1d66a889374b1f8b23c7d5db4a030e3 [stream]
[debug] [2023-03-13T20:30:00.513Z] >>> [apiv2][query] POST https://upload-firebasehosting.googleapis.com/upload/sites/trucky-4ab43/versions/11dfbe6836ad65fb/files/6678a72a33986efe1658878774d9d06b972000f09714717f1a5e75d4fb311b6d [none]
[debug] [2023-03-13T20:30:00.513Z] >>> [apiv2][body] POST https://upload-firebasehosting.googleapis.com/upload/sites/trucky-4ab43/versions/11dfbe6836ad65fb/files/6678a72a33986efe1658878774d9d06b972000f09714717f1a5e75d4fb311b6d [stream]
[debug] [2023-03-13T20:30:00.513Z] >>> [apiv2][query] POST https://upload-firebasehosting.googleapis.com/upload/sites/trucky-4ab43/versions/11dfbe6836ad65fb/files/e28b783b7734dfc80261dff1528f2e06b7225321c7dace8e5e877ec6043e0e3c [none]
[debug] [2023-03-13T20:30:00.513Z] >>> [apiv2][body] POST https://upload-firebasehosting.googleapis.com/upload/sites/trucky-4ab43/versions/11dfbe6836ad65fb/files/e28b783b7734dfc80261dff1528f2e06b7225321c7dace8e5e877ec6043e0e3c [stream]
[debug] [2023-03-13T20:30:00.513Z] >>> [apiv2][query] POST https://upload-firebasehosting.googleapis.com/upload/sites/trucky-4ab43/versions/11dfbe6836ad65fb/files/69c1f4433a4ca298ef02efede350013bd0e819ad6c4ff8daf36829f465720e3c [none]
[debug] [2023-03-13T20:30:00.513Z] >>> [apiv2][body] POST https://upload-firebasehosting.googleapis.com/upload/sites/trucky-4ab43/versions/11dfbe6836ad65fb/files/69c1f4433a4ca298ef02efede350013bd0e819ad6c4ff8daf36829f465720e3c [stream]
[debug] [2023-03-13T20:30:00.513Z] >>> [apiv2][query] POST https://upload-firebasehosting.googleapis.com/upload/sites/trucky-4ab43/versions/11dfbe6836ad65fb/files/e169f286a5c7e7b639dd2869e2b4e98d6f37a7e7155be7b6a1b8762816366bf1 [none]
[debug] [2023-03-13T20:30:00.513Z] >>> [apiv2][body] POST https://upload-firebasehosting.googleapis.com/upload/sites/trucky-4ab43/versions/11dfbe6836ad65fb/files/e169f286a5c7e7b639dd2869e2b4e98d6f37a7e7155be7b6a1b8762816366bf1 [stream]
[debug] [2023-03-13T20:30:00.513Z] >>> [apiv2][query] POST https://upload-firebasehosting.googleapis.com/upload/sites/trucky-4ab43/versions/11dfbe6836ad65fb/files/e9abb39856a4d2dc92c9dde059179efcd06de4c28eea47a2d2137f4fe389963c [none]
[debug] [2023-03-13T20:30:00.513Z] >>> [apiv2][body] POST https://upload-firebasehosting.googleapis.com/upload/sites/trucky-4ab43/versions/11dfbe6836ad65fb/files/e9abb39856a4d2dc92c9dde059179efcd06de4c28eea47a2d2137f4fe389963c [stream]
[debug] [2023-03-13T20:30:00.514Z] >>> [apiv2][query] POST https://upload-firebasehosting.googleapis.com/upload/sites/trucky-4ab43/versions/11dfbe6836ad65fb/files/db8aef7437f9fa2fd2e4d128fce0c78728a3a4ac57e8b7600a38103f180cbcbd [none]
[debug] [2023-03-13T20:30:00.514Z] >>> [apiv2][body] POST https://upload-firebasehosting.googleapis.com/upload/sites/trucky-4ab43/versions/11dfbe6836ad65fb/files/db8aef7437f9fa2fd2e4d128fce0c78728a3a4ac57e8b7600a38103f180cbcbd [stream]
[debug] [2023-03-13T20:30:00.514Z] >>> [apiv2][query] POST https://upload-firebasehosting.googleapis.com/upload/sites/trucky-4ab43/versions/11dfbe6836ad65fb/files/9996234df9580e246cdf04d95b16ff4e5f27caa1f1be16f1512ada380796928b [none]
[debug] [2023-03-13T20:30:00.514Z] >>> [apiv2][body] POST https://upload-firebasehosting.googleapis.com/upload/sites/trucky-4ab43/versions/11dfbe6836ad65fb/files/9996234df9580e246cdf04d95b16ff4e5f27caa1f1be16f1512ada380796928b [stream]
[debug] [2023-03-13T20:30:00.514Z] >>> [apiv2][query] POST https://upload-firebasehosting.googleapis.com/upload/sites/trucky-4ab43/versions/11dfbe6836ad65fb/files/4682f1e3a44e3bba5430675921ab1435842ff9d4d28b8db59539e4d467601fbc [none]
[debug] [2023-03-13T20:30:00.514Z] >>> [apiv2][body] POST https://upload-firebasehosting.googleapis.com/upload/sites/trucky-4ab43/versions/11dfbe6836ad65fb/files/4682f1e3a44e3bba5430675921ab1435842ff9d4d28b8db59539e4d467601fbc [stream]
[debug] [2023-03-13T20:30:00.514Z] >>> [apiv2][query] POST https://upload-firebasehosting.googleapis.com/upload/sites/trucky-4ab43/versions/11dfbe6836ad65fb/files/ad102fde6a756af0a6ce7e9c69dd1c9158984656b6a7c872272af047bf244ab2 [none]
[debug] [2023-03-13T20:30:00.514Z] >>> [apiv2][body] POST https://upload-firebasehosting.googleapis.com/upload/sites/trucky-4ab43/versions/11dfbe6836ad65fb/files/ad102fde6a756af0a6ce7e9c69dd1c9158984656b6a7c872272af047bf244ab2 [stream]
[debug] [2023-03-13T20:30:00.515Z] [hosting][populate queue][FINAL] {"max":1363,"min":1363,"avg":1363,"active":0,"complete":1,"success":1,"errored":0,"retried":0,"total":1,"elapsed":1385}
[debug] [2023-03-13T20:30:00.515Z] [hosting] uploads queued: 83
[debug] [2023-03-13T20:30:01.678Z] <<< [apiv2][status] POST https://upload-firebasehosting.googleapis.com/upload/sites/trucky-4ab43/versions/11dfbe6836ad65fb/files/082f9221e726e244b271bae0ad35d2a3ca1783c57b40a704ed4e3b7570e05c2c 200
[debug] [2023-03-13T20:30:01.678Z] <<< [apiv2][body] POST https://upload-firebasehosting.googleapis.com/upload/sites/trucky-4ab43/versions/11dfbe6836ad65fb/files/082f9221e726e244b271bae0ad35d2a3ca1783c57b40a704ed4e3b7570e05c2c [stream]
[debug] [2023-03-13T20:30:01.781Z] <<< [apiv2][status] POST https://upload-firebasehosting.googleapis.com/upload/sites/trucky-4ab43/versions/11dfbe6836ad65fb/files/29b85b0a51c15f8552666969abbd4d0c30210a29e9b769ad6e80e4117e9bffa5 200
[debug] [2023-03-13T20:30:01.781Z] <<< [apiv2][body] POST https://upload-firebasehosting.googleapis.com/upload/sites/trucky-4ab43/versions/11dfbe6836ad65fb/files/29b85b0a51c15f8552666969abbd4d0c30210a29e9b769ad6e80e4117e9bffa5 [stream]
[debug] [2023-03-13T20:30:01.781Z] <<< [apiv2][status] POST https://upload-firebasehosting.googleapis.com/upload/sites/trucky-4ab43/versions/11dfbe6836ad65fb/files/e9e1b46377648c610782c2658c7f0235176b112c071a11bc8b7c80edc3e19dcf 200
[debug] [2023-03-13T20:30:01.781Z] <<< [apiv2][body] POST https://upload-firebasehosting.googleapis.com/upload/sites/trucky-4ab43/versions/11dfbe6836ad65fb/files/e9e1b46377648c610782c2658c7f0235176b112c071a11bc8b7c80edc3e19dcf [stream]
[debug] [2023-03-13T20:30:01.794Z] <<< [apiv2][status] POST https://upload-firebasehosting.googleapis.com/upload/sites/trucky-4ab43/versions/11dfbe6836ad65fb/files/1779c4c4a06e70176755df3de112dd6abddc54c7871a27372dd7a88917deb2e5 200
[debug] [2023-03-13T20:30:01.794Z] <<< [apiv2][body] POST https://upload-firebasehosting.googleapis.com/upload/sites/trucky-4ab43/versions/11dfbe6836ad65fb/files/1779c4c4a06e70176755df3de112dd6abddc54c7871a27372dd7a88917deb2e5 [stream]
[debug] [2023-03-13T20:30:01.827Z] <<< [apiv2][status] POST https://upload-firebasehosting.googleapis.com/upload/sites/trucky-4ab43/versions/11dfbe6836ad65fb/files/cd7151f1dd9f5111b6c65463cf8f2dee3a12e7e7fa0fa9f56a90349b3d162d6f 200
[debug] [2023-03-13T20:30:01.827Z] <<< [apiv2][body] POST https://upload-firebasehosting.googleapis.com/upload/sites/trucky-4ab43/versions/11dfbe6836ad65fb/files/cd7151f1dd9f5111b6c65463cf8f2dee3a12e7e7fa0fa9f56a90349b3d162d6f [stream]
[debug] [2023-03-13T20:30:01.844Z] <<< [apiv2][status] POST https://upload-firebasehosting.googleapis.com/upload/sites/trucky-4ab43/versions/11dfbe6836ad65fb/files/45e456a30bffec52f68a06dcb964307c753c016f8031e21b39033a79229db5aa 200
[debug] [2023-03-13T20:30:01.844Z] <<< [apiv2][body] POST https://upload-firebasehosting.googleapis.com/upload/sites/trucky-4ab43/versions/11dfbe6836ad65fb/files/45e456a30bffec52f68a06dcb964307c753c016f8031e21b39033a79229db5aa [stream]
[debug] [2023-03-13T20:30:01.844Z] <<< [apiv2][status] POST https://upload-firebasehosting.googleapis.com/upload/sites/trucky-4ab43/versions/11dfbe6836ad65fb/files/08132fba997deae0d7d666f9842e3da75895d4abd40d0c9347f9903b99009611 200
[debug] [2023-03-13T20:30:01.844Z] <<< [apiv2][body] POST https://upload-firebasehosting.googleapis.com/upload/sites/trucky-4ab43/versions/11dfbe6836ad65fb/files/08132fba997deae0d7d666f9842e3da75895d4abd40d0c9347f9903b99009611 [stream]
[debug] [2023-03-13T20:30:01.883Z] <<< [apiv2][status] POST https://upload-firebasehosting.googleapis.com/upload/sites/trucky-4ab43/versions/11dfbe6836ad65fb/files/192b8eee7af730b1d7ab7925bb8e4248cccdd1d50cbdab40a3daa7b0dcbfca6d 200
[debug] [2023-03-13T20:30:01.883Z] <<< [apiv2][body] POST https://upload-firebasehosting.googleapis.com/upload/sites/trucky-4ab43/versions/11dfbe6836ad65fb/files/192b8eee7af730b1d7ab7925bb8e4248cccdd1d50cbdab40a3daa7b0dcbfca6d [stream]
[debug] [2023-03-13T20:30:01.883Z] <<< [apiv2][status] POST https://upload-firebasehosting.googleapis.com/upload/sites/trucky-4ab43/versions/11dfbe6836ad65fb/files/5c126729f9831113842c425975615db312fa26d39f3a9e1baa47d4ad65ac2f90 200
[debug] [2023-03-13T20:30:01.884Z] <<< [apiv2][body] POST https://upload-firebasehosting.googleapis.com/upload/sites/trucky-4ab43/versions/11dfbe6836ad65fb/files/5c126729f9831113842c425975615db312fa26d39f3a9e1baa47d4ad65ac2f90 [stream]
[debug] [2023-03-13T20:30:01.884Z] <<< [apiv2][status] POST https://upload-firebasehosting.googleapis.com/upload/sites/trucky-4ab43/versions/11dfbe6836ad65fb/files/b4db78ef31f830735c270789fab621b933aef4a6e7ffab43cc81c4e644e9801c 200
[debug] [2023-03-13T20:30:01.884Z] <<< [apiv2][body] POST https://upload-firebasehosting.googleapis.com/upload/sites/trucky-4ab43/versions/11dfbe6836ad65fb/files/b4db78ef31f830735c270789fab621b933aef4a6e7ffab43cc81c4e644e9801c [stream]
[debug] [2023-03-13T20:30:01.897Z] <<< [apiv2][status] POST https://upload-firebasehosting.googleapis.com/upload/sites/trucky-4ab43/versions/11dfbe6836ad65fb/files/f0a3bc79b1ff54780fb0d3406d4149c8de620452865e6504309f38545489dea9 200
[debug] [2023-03-13T20:30:01.897Z] <<< [apiv2][body] POST https://upload-firebasehosting.googleapis.com/upload/sites/trucky-4ab43/versions/11dfbe6836ad65fb/files/f0a3bc79b1ff54780fb0d3406d4149c8de620452865e6504309f38545489dea9 [stream]
[debug] [2023-03-13T20:30:01.897Z] <<< [apiv2][status] POST https://upload-firebasehosting.googleapis.com/upload/sites/trucky-4ab43/versions/11dfbe6836ad65fb/files/e0b827cb6a34c13659c4eae610445c16e370eda1d71701a5293f202965b7e825 200
[debug] [2023-03-13T20:30:01.897Z] <<< [apiv2][body] POST https://upload-firebasehosting.googleapis.com/upload/sites/trucky-4ab43/versions/11dfbe6836ad65fb/files/e0b827cb6a34c13659c4eae610445c16e370eda1d71701a5293f202965b7e825 [stream]
[debug] [2023-03-13T20:30:01.897Z] <<< [apiv2][status] POST https://upload-firebasehosting.googleapis.com/upload/sites/trucky-4ab43/versions/11dfbe6836ad65fb/files/0fcb341a91cf66e9a3cb13134b972e33966ac228bfaab50757896747b4e3176b 200
[debug] [2023-03-13T20:30:01.897Z] <<< [apiv2][body] POST https://upload-firebasehosting.googleapis.com/upload/sites/trucky-4ab43/versions/11dfbe6836ad65fb/files/0fcb341a91cf66e9a3cb13134b972e33966ac228bfaab50757896747b4e3176b [stream]
[debug] [2023-03-13T20:30:01.897Z] <<< [apiv2][status] POST https://upload-firebasehosting.googleapis.com/upload/sites/trucky-4ab43/versions/11dfbe6836ad65fb/files/e1697b5fd251198a75a272261478c021cc16387a51cbea546ed983967a8425fb 200
[debug] [2023-03-13T20:30:01.897Z] <<< [apiv2][body] POST https://upload-firebasehosting.googleapis.com/upload/sites/trucky-4ab43/versions/11dfbe6836ad65fb/files/e1697b5fd251198a75a272261478c021cc16387a51cbea546ed983967a8425fb [stream]
[debug] [2023-03-13T20:30:01.904Z] <<< [apiv2][status] POST https://upload-firebasehosting.googleapis.com/upload/sites/trucky-4ab43/versions/11dfbe6836ad65fb/files/577bb0fe89aca21fe47ed04d07c88ffff21df15c7ca67a8f24b49c8b008b0cc5 200
[debug] [2023-03-13T20:30:01.904Z] <<< [apiv2][body] POST https://upload-firebasehosting.googleapis.com/upload/sites/trucky-4ab43/versions/11dfbe6836ad65fb/files/577bb0fe89aca21fe47ed04d07c88ffff21df15c7ca67a8f24b49c8b008b0cc5 [stream]
[debug] [2023-03-13T20:30:01.919Z] <<< [apiv2][status] POST https://upload-firebasehosting.googleapis.com/upload/sites/trucky-4ab43/versions/11dfbe6836ad65fb/files/d59f741de4299ae97260ebfeb9256a7f05025dd9b25b71b9396a21c7a68ae41c 200
[debug] [2023-03-13T20:30:01.919Z] <<< [apiv2][body] POST https://upload-firebasehosting.googleapis.com/upload/sites/trucky-4ab43/versions/11dfbe6836ad65fb/files/d59f741de4299ae97260ebfeb9256a7f05025dd9b25b71b9396a21c7a68ae41c [stream]
[debug] [2023-03-13T20:30:01.920Z] <<< [apiv2][status] POST https://upload-firebasehosting.googleapis.com/upload/sites/trucky-4ab43/versions/11dfbe6836ad65fb/files/0938c857d7e37c9ac93fc88bae0c9f5828cbaee14b626efcb90fc21f802c922e 200
[debug] [2023-03-13T20:30:01.920Z] <<< [apiv2][body] POST https://upload-firebasehosting.googleapis.com/upload/sites/trucky-4ab43/versions/11dfbe6836ad65fb/files/0938c857d7e37c9ac93fc88bae0c9f5828cbaee14b626efcb90fc21f802c922e [stream]
[debug] [2023-03-13T20:30:01.920Z] <<< [apiv2][status] POST https://upload-firebasehosting.googleapis.com/upload/sites/trucky-4ab43/versions/11dfbe6836ad65fb/files/1c0f28bda6031b6584cfdb87e75b4f246c8b08239ca17a96e288b361322a6394 200
[debug] [2023-03-13T20:30:01.920Z] <<< [apiv2][body] POST https://upload-firebasehosting.googleapis.com/upload/sites/trucky-4ab43/versions/11dfbe6836ad65fb/files/1c0f28bda6031b6584cfdb87e75b4f246c8b08239ca17a96e288b361322a6394 [stream]
[debug] [2023-03-13T20:30:01.985Z] <<< [apiv2][status] POST https://upload-firebasehosting.googleapis.com/upload/sites/trucky-4ab43/versions/11dfbe6836ad65fb/files/3087b8b5c5dfb9c7917b251f5fd5a738d1abd537675cce78d3ed20ba2531b184 200
[debug] [2023-03-13T20:30:01.985Z] <<< [apiv2][body] POST https://upload-firebasehosting.googleapis.com/upload/sites/trucky-4ab43/versions/11dfbe6836ad65fb/files/3087b8b5c5dfb9c7917b251f5fd5a738d1abd537675cce78d3ed20ba2531b184 [stream]
[debug] [2023-03-13T20:30:01.985Z] <<< [apiv2][status] POST https://upload-firebasehosting.googleapis.com/upload/sites/trucky-4ab43/versions/11dfbe6836ad65fb/files/6bf127aee03e7634054b31718bdc831bb57db1fbf5b3f6a29279fca0233b34a7 200
[debug] [2023-03-13T20:30:01.985Z] <<< [apiv2][body] POST https://upload-firebasehosting.googleapis.com/upload/sites/trucky-4ab43/versions/11dfbe6836ad65fb/files/6bf127aee03e7634054b31718bdc831bb57db1fbf5b3f6a29279fca0233b34a7 [stream]
[debug] [2023-03-13T20:30:01.986Z] <<< [apiv2][status] POST https://upload-firebasehosting.googleapis.com/upload/sites/trucky-4ab43/versions/11dfbe6836ad65fb/files/ea322ccaf7744c3d135d4eed0c8e921cc1d66a889374b1f8b23c7d5db4a030e3 200
[debug] [2023-03-13T20:30:01.986Z] <<< [apiv2][body] POST https://upload-firebasehosting.googleapis.com/upload/sites/trucky-4ab43/versions/11dfbe6836ad65fb/files/ea322ccaf7744c3d135d4eed0c8e921cc1d66a889374b1f8b23c7d5db4a030e3 [stream]
[debug] [2023-03-13T20:30:01.986Z] <<< [apiv2][status] POST https://upload-firebasehosting.googleapis.com/upload/sites/trucky-4ab43/versions/11dfbe6836ad65fb/files/7f9841e9432acd1985d807721546cc12fd472557df1063007b8381957fffb8ca 200
[debug] [2023-03-13T20:30:01.986Z] <<< [apiv2][body] POST https://upload-firebasehosting.googleapis.com/upload/sites/trucky-4ab43/versions/11dfbe6836ad65fb/files/7f9841e9432acd1985d807721546cc12fd472557df1063007b8381957fffb8ca [stream]
[debug] [2023-03-13T20:30:01.986Z] <<< [apiv2][status] POST https://upload-firebasehosting.googleapis.com/upload/sites/trucky-4ab43/versions/11dfbe6836ad65fb/files/d3a5117a65f4e903e004dd2c3738d151264e25a6141927d7f68a94db61ead1ae 200
[debug] [2023-03-13T20:30:01.986Z] <<< [apiv2][body] POST https://upload-firebasehosting.googleapis.com/upload/sites/trucky-4ab43/versions/11dfbe6836ad65fb/files/d3a5117a65f4e903e004dd2c3738d151264e25a6141927d7f68a94db61ead1ae [stream]
[debug] [2023-03-13T20:30:01.986Z] <<< [apiv2][status] POST https://upload-firebasehosting.googleapis.com/upload/sites/trucky-4ab43/versions/11dfbe6836ad65fb/files/43570f60e394fbf91820a182af00b070a104320467955e300d5e544eef442608 200
[debug] [2023-03-13T20:30:01.986Z] <<< [apiv2][body] POST https://upload-firebasehosting.googleapis.com/upload/sites/trucky-4ab43/versions/11dfbe6836ad65fb/files/43570f60e394fbf91820a182af00b070a104320467955e300d5e544eef442608 [stream]
[debug] [2023-03-13T20:30:01.986Z] <<< [apiv2][status] POST https://upload-firebasehosting.googleapis.com/upload/sites/trucky-4ab43/versions/11dfbe6836ad65fb/files/720c2c59e814fa5d451bb270f69a5530dec56f8f08f1a598ef10a99d686bf6d9 200
[debug] [2023-03-13T20:30:01.986Z] <<< [apiv2][body] POST https://upload-firebasehosting.googleapis.com/upload/sites/trucky-4ab43/versions/11dfbe6836ad65fb/files/720c2c59e814fa5d451bb270f69a5530dec56f8f08f1a598ef10a99d686bf6d9 [stream]
[debug] [2023-03-13T20:30:01.986Z] <<< [apiv2][status] POST https://upload-firebasehosting.googleapis.com/upload/sites/trucky-4ab43/versions/11dfbe6836ad65fb/files/c5b2b1b7d0d52f6f76c96db0d5d08228872aa8f86e426b2c859c977f9960a9ae 200
[debug] [2023-03-13T20:30:01.986Z] <<< [apiv2][body] POST https://upload-firebasehosting.googleapis.com/upload/sites/trucky-4ab43/versions/11dfbe6836ad65fb/files/c5b2b1b7d0d52f6f76c96db0d5d08228872aa8f86e426b2c859c977f9960a9ae [stream]
[debug] [2023-03-13T20:30:01.986Z] <<< [apiv2][status] POST https://upload-firebasehosting.googleapis.com/upload/sites/trucky-4ab43/versions/11dfbe6836ad65fb/files/9996234df9580e246cdf04d95b16ff4e5f27caa1f1be16f1512ada380796928b 200
[debug] [2023-03-13T20:30:01.986Z] <<< [apiv2][body] POST https://upload-firebasehosting.googleapis.com/upload/sites/trucky-4ab43/versions/11dfbe6836ad65fb/files/9996234df9580e246cdf04d95b16ff4e5f27caa1f1be16f1512ada380796928b [stream]
[debug] [2023-03-13T20:30:01.987Z] <<< [apiv2][status] POST https://upload-firebasehosting.googleapis.com/upload/sites/trucky-4ab43/versions/11dfbe6836ad65fb/files/d2ac586ea5ae6f7543098f79e8f59ea84a67b8e23c3b81510a2a2ac943b6e7a6 200
[debug] [2023-03-13T20:30:01.987Z] <<< [apiv2][body] POST https://upload-firebasehosting.googleapis.com/upload/sites/trucky-4ab43/versions/11dfbe6836ad65fb/files/d2ac586ea5ae6f7543098f79e8f59ea84a67b8e23c3b81510a2a2ac943b6e7a6 [stream]
[debug] [2023-03-13T20:30:01.987Z] <<< [apiv2][status] POST https://upload-firebasehosting.googleapis.com/upload/sites/trucky-4ab43/versions/11dfbe6836ad65fb/files/f910799695efd4561854f97de346db092f7c8103fd527b2a4130d0e01fe9a6a3 200
[debug] [2023-03-13T20:30:01.987Z] <<< [apiv2][body] POST https://upload-firebasehosting.googleapis.com/upload/sites/trucky-4ab43/versions/11dfbe6836ad65fb/files/f910799695efd4561854f97de346db092f7c8103fd527b2a4130d0e01fe9a6a3 [stream]
[debug] [2023-03-13T20:30:01.987Z] <<< [apiv2][status] POST https://upload-firebasehosting.googleapis.com/upload/sites/trucky-4ab43/versions/11dfbe6836ad65fb/files/03e2019d1f0fbdc43f07047a7767e6ff4389ecbd8dc3277e808675feb8527ea8 200
[debug] [2023-03-13T20:30:01.987Z] <<< [apiv2][body] POST https://upload-firebasehosting.googleapis.com/upload/sites/trucky-4ab43/versions/11dfbe6836ad65fb/files/03e2019d1f0fbdc43f07047a7767e6ff4389ecbd8dc3277e808675feb8527ea8 [stream]
[debug] [2023-03-13T20:30:01.987Z] <<< [apiv2][status] POST https://upload-firebasehosting.googleapis.com/upload/sites/trucky-4ab43/versions/11dfbe6836ad65fb/files/c709f99da07de4e31a54cdcbc2f51eac6e5e18fe17f2fa758a454f49686fc7aa 200
[debug] [2023-03-13T20:30:01.987Z] <<< [apiv2][body] POST https://upload-firebasehosting.googleapis.com/upload/sites/trucky-4ab43/versions/11dfbe6836ad65fb/files/c709f99da07de4e31a54cdcbc2f51eac6e5e18fe17f2fa758a454f49686fc7aa [stream]
[debug] [2023-03-13T20:30:01.987Z] <<< [apiv2][status] POST https://upload-firebasehosting.googleapis.com/upload/sites/trucky-4ab43/versions/11dfbe6836ad65fb/files/36c58a28a802b1b93dcdaffcf02bd715923c08571b8572c876672d1649ce1858 200
[debug] [2023-03-13T20:30:01.987Z] <<< [apiv2][body] POST https://upload-firebasehosting.googleapis.com/upload/sites/trucky-4ab43/versions/11dfbe6836ad65fb/files/36c58a28a802b1b93dcdaffcf02bd715923c08571b8572c876672d1649ce1858 [stream]
[debug] [2023-03-13T20:30:01.987Z] <<< [apiv2][status] POST https://upload-firebasehosting.googleapis.com/upload/sites/trucky-4ab43/versions/11dfbe6836ad65fb/files/5787503fad55cf372fa937c6b61f3c842bbd48e26b9a294c1793dbb713fc7387 200
[debug] [2023-03-13T20:30:01.987Z] <<< [apiv2][body] POST https://upload-firebasehosting.googleapis.com/upload/sites/trucky-4ab43/versions/11dfbe6836ad65fb/files/5787503fad55cf372fa937c6b61f3c842bbd48e26b9a294c1793dbb713fc7387 [stream]
[debug] [2023-03-13T20:30:01.996Z] <<< [apiv2][status] POST https://upload-firebasehosting.googleapis.com/upload/sites/trucky-4ab43/versions/11dfbe6836ad65fb/files/aba23275a3c1380bfc8d467fd921b0c209e7182dbdaa02611c3a496b0b3b34ec 200
[debug] [2023-03-13T20:30:01.996Z] <<< [apiv2][body] POST https://upload-firebasehosting.googleapis.com/upload/sites/trucky-4ab43/versions/11dfbe6836ad65fb/files/aba23275a3c1380bfc8d467fd921b0c209e7182dbdaa02611c3a496b0b3b34ec [stream]
[debug] [2023-03-13T20:30:01.996Z] <<< [apiv2][status] POST https://upload-firebasehosting.googleapis.com/upload/sites/trucky-4ab43/versions/11dfbe6836ad65fb/files/e169f286a5c7e7b639dd2869e2b4e98d6f37a7e7155be7b6a1b8762816366bf1 200
[debug] [2023-03-13T20:30:01.996Z] <<< [apiv2][body] POST https://upload-firebasehosting.googleapis.com/upload/sites/trucky-4ab43/versions/11dfbe6836ad65fb/files/e169f286a5c7e7b639dd2869e2b4e98d6f37a7e7155be7b6a1b8762816366bf1 [stream]
[debug] [2023-03-13T20:30:02.016Z] <<< [apiv2][status] POST https://upload-firebasehosting.googleapis.com/upload/sites/trucky-4ab43/versions/11dfbe6836ad65fb/files/7c469c7681917a886f16e476b8f240d4b3c6a108b13761c33a84df044993a93f 200
[debug] [2023-03-13T20:30:02.016Z] <<< [apiv2][body] POST https://upload-firebasehosting.googleapis.com/upload/sites/trucky-4ab43/versions/11dfbe6836ad65fb/files/7c469c7681917a886f16e476b8f240d4b3c6a108b13761c33a84df044993a93f [stream]
[debug] [2023-03-13T20:30:02.016Z] <<< [apiv2][status] POST https://upload-firebasehosting.googleapis.com/upload/sites/trucky-4ab43/versions/11dfbe6836ad65fb/files/b852f92a723c75e5c2f052177c5fe303284d1e3020d3f566a4839e94e613059b 200
[debug] [2023-03-13T20:30:02.016Z] <<< [apiv2][body] POST https://upload-firebasehosting.googleapis.com/upload/sites/trucky-4ab43/versions/11dfbe6836ad65fb/files/b852f92a723c75e5c2f052177c5fe303284d1e3020d3f566a4839e94e613059b [stream]
[debug] [2023-03-13T20:30:02.017Z] <<< [apiv2][status] POST https://upload-firebasehosting.googleapis.com/upload/sites/trucky-4ab43/versions/11dfbe6836ad65fb/files/0b50e4d18f525aed4555ac6d3e1a43f313352120b2af41a935d7b490e2ed2643 200
[debug] [2023-03-13T20:30:02.017Z] <<< [apiv2][body] POST https://upload-firebasehosting.googleapis.com/upload/sites/trucky-4ab43/versions/11dfbe6836ad65fb/files/0b50e4d18f525aed4555ac6d3e1a43f313352120b2af41a935d7b490e2ed2643 [stream]
[debug] [2023-03-13T20:30:02.017Z] <<< [apiv2][status] POST https://upload-firebasehosting.googleapis.com/upload/sites/trucky-4ab43/versions/11dfbe6836ad65fb/files/db8aef7437f9fa2fd2e4d128fce0c78728a3a4ac57e8b7600a38103f180cbcbd 200
[debug] [2023-03-13T20:30:02.017Z] <<< [apiv2][body] POST https://upload-firebasehosting.googleapis.com/upload/sites/trucky-4ab43/versions/11dfbe6836ad65fb/files/db8aef7437f9fa2fd2e4d128fce0c78728a3a4ac57e8b7600a38103f180cbcbd [stream]
[debug] [2023-03-13T20:30:02.018Z] <<< [apiv2][status] POST https://upload-firebasehosting.googleapis.com/upload/sites/trucky-4ab43/versions/11dfbe6836ad65fb/files/31cb8098b15893fb32360b0de9e47a84f83217520dd0cb2fccae82c156b03bbe 200
[debug] [2023-03-13T20:30:02.018Z] <<< [apiv2][body] POST https://upload-firebasehosting.googleapis.com/upload/sites/trucky-4ab43/versions/11dfbe6836ad65fb/files/31cb8098b15893fb32360b0de9e47a84f83217520dd0cb2fccae82c156b03bbe [stream]
[debug] [2023-03-13T20:30:02.047Z] <<< [apiv2][status] POST https://upload-firebasehosting.googleapis.com/upload/sites/trucky-4ab43/versions/11dfbe6836ad65fb/files/bf63827aab1f540a8ff6799e67489b86a7a3929d2a9c7cd250f9d3d32f0396c5 200
[debug] [2023-03-13T20:30:02.047Z] <<< [apiv2][body] POST https://upload-firebasehosting.googleapis.com/upload/sites/trucky-4ab43/versions/11dfbe6836ad65fb/files/bf63827aab1f540a8ff6799e67489b86a7a3929d2a9c7cd250f9d3d32f0396c5 [stream]
[debug] [2023-03-13T20:30:02.048Z] <<< [apiv2][status] POST https://upload-firebasehosting.googleapis.com/upload/sites/trucky-4ab43/versions/11dfbe6836ad65fb/files/ed26bdddbc387e7236a1e0aad89763718df5f026de30a49df1973df7788f5eaa 200
[debug] [2023-03-13T20:30:02.048Z] <<< [apiv2][body] POST https://upload-firebasehosting.googleapis.com/upload/sites/trucky-4ab43/versions/11dfbe6836ad65fb/files/ed26bdddbc387e7236a1e0aad89763718df5f026de30a49df1973df7788f5eaa [stream]
[debug] [2023-03-13T20:30:02.048Z] <<< [apiv2][status] POST https://upload-firebasehosting.googleapis.com/upload/sites/trucky-4ab43/versions/11dfbe6836ad65fb/files/41f6bee983cb7d20dfa6643a60aa9bf331c1fcbfb121e08eb3d4b39a9df7881d 200
[debug] [2023-03-13T20:30:02.048Z] <<< [apiv2][body] POST https://upload-firebasehosting.googleapis.com/upload/sites/trucky-4ab43/versions/11dfbe6836ad65fb/files/41f6bee983cb7d20dfa6643a60aa9bf331c1fcbfb121e08eb3d4b39a9df7881d [stream]
[debug] [2023-03-13T20:30:02.049Z] <<< [apiv2][status] POST https://upload-firebasehosting.googleapis.com/upload/sites/trucky-4ab43/versions/11dfbe6836ad65fb/files/02449bf71fa5afa3a21f52e102f6b19097e07f10d3f1218b1bb38e9acb52eb66 200
[debug] [2023-03-13T20:30:02.049Z] <<< [apiv2][body] POST https://upload-firebasehosting.googleapis.com/upload/sites/trucky-4ab43/versions/11dfbe6836ad65fb/files/02449bf71fa5afa3a21f52e102f6b19097e07f10d3f1218b1bb38e9acb52eb66 [stream]
[debug] [2023-03-13T20:30:02.049Z] <<< [apiv2][status] POST https://upload-firebasehosting.googleapis.com/upload/sites/trucky-4ab43/versions/11dfbe6836ad65fb/files/d54a2021acc3797dcf937adbdea2434e474000710fc3610f55a5a9686acc8614 200
[debug] [2023-03-13T20:30:02.049Z] <<< [apiv2][body] POST https://upload-firebasehosting.googleapis.com/upload/sites/trucky-4ab43/versions/11dfbe6836ad65fb/files/d54a2021acc3797dcf937adbdea2434e474000710fc3610f55a5a9686acc8614 [stream]
[debug] [2023-03-13T20:30:02.049Z] <<< [apiv2][status] POST https://upload-firebasehosting.googleapis.com/upload/sites/trucky-4ab43/versions/11dfbe6836ad65fb/files/f54254eaca2256b9167a9a3944ecc336d8ad45e127a1d6a031ce456101561605 200
[debug] [2023-03-13T20:30:02.049Z] <<< [apiv2][body] POST https://upload-firebasehosting.googleapis.com/upload/sites/trucky-4ab43/versions/11dfbe6836ad65fb/files/f54254eaca2256b9167a9a3944ecc336d8ad45e127a1d6a031ce456101561605 [stream]
[debug] [2023-03-13T20:30:02.057Z] <<< [apiv2][status] POST https://upload-firebasehosting.googleapis.com/upload/sites/trucky-4ab43/versions/11dfbe6836ad65fb/files/aab4321df790f5dc8c1a324429c0991a8b96d77ff3f8da9d054fc3df276e2547 200
[debug] [2023-03-13T20:30:02.057Z] <<< [apiv2][body] POST https://upload-firebasehosting.googleapis.com/upload/sites/trucky-4ab43/versions/11dfbe6836ad65fb/files/aab4321df790f5dc8c1a324429c0991a8b96d77ff3f8da9d054fc3df276e2547 [stream]
[debug] [2023-03-13T20:30:02.058Z] <<< [apiv2][status] POST https://upload-firebasehosting.googleapis.com/upload/sites/trucky-4ab43/versions/11dfbe6836ad65fb/files/dd6b8901fd189bc83fae3a622c289c49b732da4537c7527ad6aebf2e3c56e06b 200
[debug] [2023-03-13T20:30:02.058Z] <<< [apiv2][body] POST https://upload-firebasehosting.googleapis.com/upload/sites/trucky-4ab43/versions/11dfbe6836ad65fb/files/dd6b8901fd189bc83fae3a622c289c49b732da4537c7527ad6aebf2e3c56e06b [stream]
[debug] [2023-03-13T20:30:02.088Z] <<< [apiv2][status] POST https://upload-firebasehosting.googleapis.com/upload/sites/trucky-4ab43/versions/11dfbe6836ad65fb/files/99f92fd0d7f838f664cbff7fee5961af805094d981c87ba3d0dce006bdc60759 200
[debug] [2023-03-13T20:30:02.088Z] <<< [apiv2][body] POST https://upload-firebasehosting.googleapis.com/upload/sites/trucky-4ab43/versions/11dfbe6836ad65fb/files/99f92fd0d7f838f664cbff7fee5961af805094d981c87ba3d0dce006bdc60759 [stream]
[debug] [2023-03-13T20:30:02.089Z] <<< [apiv2][status] POST https://upload-firebasehosting.googleapis.com/upload/sites/trucky-4ab43/versions/11dfbe6836ad65fb/files/23c8783def329d922c685159e88337abe4cf0f92832830a25ab10a02df81af80 200
[debug] [2023-03-13T20:30:02.089Z] <<< [apiv2][body] POST https://upload-firebasehosting.googleapis.com/upload/sites/trucky-4ab43/versions/11dfbe6836ad65fb/files/23c8783def329d922c685159e88337abe4cf0f92832830a25ab10a02df81af80 [stream]
[debug] [2023-03-13T20:30:02.089Z] <<< [apiv2][status] POST https://upload-firebasehosting.googleapis.com/upload/sites/trucky-4ab43/versions/11dfbe6836ad65fb/files/64e308265c0df59f74d6d1951bae4f6e2e4fa35671fc07c2a17bad7619c1dbeb 200
[debug] [2023-03-13T20:30:02.089Z] <<< [apiv2][body] POST https://upload-firebasehosting.googleapis.com/upload/sites/trucky-4ab43/versions/11dfbe6836ad65fb/files/64e308265c0df59f74d6d1951bae4f6e2e4fa35671fc07c2a17bad7619c1dbeb [stream]
[debug] [2023-03-13T20:30:02.096Z] <<< [apiv2][status] POST https://upload-firebasehosting.googleapis.com/upload/sites/trucky-4ab43/versions/11dfbe6836ad65fb/files/ab75b2758cb657e4f8c285c1dff6885e4b04691ea0fd042552a6cf70c29bd98b 200
[debug] [2023-03-13T20:30:02.096Z] <<< [apiv2][body] POST https://upload-firebasehosting.googleapis.com/upload/sites/trucky-4ab43/versions/11dfbe6836ad65fb/files/ab75b2758cb657e4f8c285c1dff6885e4b04691ea0fd042552a6cf70c29bd98b [stream]
[debug] [2023-03-13T20:30:02.097Z] <<< [apiv2][status] POST https://upload-firebasehosting.googleapis.com/upload/sites/trucky-4ab43/versions/11dfbe6836ad65fb/files/2269d8156fcc92b854ea19c35cabb5e2ab1f9563e6a8561a1675d1010779a4c9 200
[debug] [2023-03-13T20:30:02.097Z] <<< [apiv2][body] POST https://upload-firebasehosting.googleapis.com/upload/sites/trucky-4ab43/versions/11dfbe6836ad65fb/files/2269d8156fcc92b854ea19c35cabb5e2ab1f9563e6a8561a1675d1010779a4c9 [stream]
[debug] [2023-03-13T20:30:02.097Z] <<< [apiv2][status] POST https://upload-firebasehosting.googleapis.com/upload/sites/trucky-4ab43/versions/11dfbe6836ad65fb/files/e9abb39856a4d2dc92c9dde059179efcd06de4c28eea47a2d2137f4fe389963c 200
[debug] [2023-03-13T20:30:02.097Z] <<< [apiv2][body] POST https://upload-firebasehosting.googleapis.com/upload/sites/trucky-4ab43/versions/11dfbe6836ad65fb/files/e9abb39856a4d2dc92c9dde059179efcd06de4c28eea47a2d2137f4fe389963c [stream]
[debug] [2023-03-13T20:30:02.100Z] <<< [apiv2][status] POST https://upload-firebasehosting.googleapis.com/upload/sites/trucky-4ab43/versions/11dfbe6836ad65fb/files/6791e218c8b6d4517d46ba979251e6ea27ff038d1a4f4ddf615bb09ba2a80a23 200
[debug] [2023-03-13T20:30:02.100Z] <<< [apiv2][body] POST https://upload-firebasehosting.googleapis.com/upload/sites/trucky-4ab43/versions/11dfbe6836ad65fb/files/6791e218c8b6d4517d46ba979251e6ea27ff038d1a4f4ddf615bb09ba2a80a23 [stream]
[debug] [2023-03-13T20:30:02.101Z] <<< [apiv2][status] POST https://upload-firebasehosting.googleapis.com/upload/sites/trucky-4ab43/versions/11dfbe6836ad65fb/files/444fa4a062da5c75f2208a957651ecd757b7021aecdbfff477e50cad98ccd151 200
[debug] [2023-03-13T20:30:02.101Z] <<< [apiv2][body] POST https://upload-firebasehosting.googleapis.com/upload/sites/trucky-4ab43/versions/11dfbe6836ad65fb/files/444fa4a062da5c75f2208a957651ecd757b7021aecdbfff477e50cad98ccd151 [stream]
[debug] [2023-03-13T20:30:02.101Z] <<< [apiv2][status] POST https://upload-firebasehosting.googleapis.com/upload/sites/trucky-4ab43/versions/11dfbe6836ad65fb/files/8f07285a98ac89bdfcac9f5d311c54e44975b364c4f2c5ccbaa663b4c31cd8bb 200
[debug] [2023-03-13T20:30:02.101Z] <<< [apiv2][body] POST https://upload-firebasehosting.googleapis.com/upload/sites/trucky-4ab43/versions/11dfbe6836ad65fb/files/8f07285a98ac89bdfcac9f5d311c54e44975b364c4f2c5ccbaa663b4c31cd8bb [stream]
[debug] [2023-03-13T20:30:02.116Z] <<< [apiv2][status] POST https://upload-firebasehosting.googleapis.com/upload/sites/trucky-4ab43/versions/11dfbe6836ad65fb/files/9ff54e986406bfa05295264c08600dc150c087da0b80dc9710860546bb0bc7ab 200
[debug] [2023-03-13T20:30:02.116Z] <<< [apiv2][body] POST https://upload-firebasehosting.googleapis.com/upload/sites/trucky-4ab43/versions/11dfbe6836ad65fb/files/9ff54e986406bfa05295264c08600dc150c087da0b80dc9710860546bb0bc7ab [stream]
[debug] [2023-03-13T20:30:02.138Z] <<< [apiv2][status] POST https://upload-firebasehosting.googleapis.com/upload/sites/trucky-4ab43/versions/11dfbe6836ad65fb/files/eb2a2609930b59bc23c74968f2ccd477f4a8db836ebed4b2fefa51ce4b380497 200
[debug] [2023-03-13T20:30:02.138Z] <<< [apiv2][body] POST https://upload-firebasehosting.googleapis.com/upload/sites/trucky-4ab43/versions/11dfbe6836ad65fb/files/eb2a2609930b59bc23c74968f2ccd477f4a8db836ebed4b2fefa51ce4b380497 [stream]
[debug] [2023-03-13T20:30:02.138Z] <<< [apiv2][status] POST https://upload-firebasehosting.googleapis.com/upload/sites/trucky-4ab43/versions/11dfbe6836ad65fb/files/681f1c64ea8b3858270d8910afcaad0ecc78b6804987a599363ea43821aad04a 200
[debug] [2023-03-13T20:30:02.138Z] <<< [apiv2][body] POST https://upload-firebasehosting.googleapis.com/upload/sites/trucky-4ab43/versions/11dfbe6836ad65fb/files/681f1c64ea8b3858270d8910afcaad0ecc78b6804987a599363ea43821aad04a [stream]
[debug] [2023-03-13T20:30:02.151Z] <<< [apiv2][status] POST https://upload-firebasehosting.googleapis.com/upload/sites/trucky-4ab43/versions/11dfbe6836ad65fb/files/39b95c48e165ba62b8c35a3de630733bd6a5f4511b8ecf86d11973afbdd9196f 200
[debug] [2023-03-13T20:30:02.151Z] <<< [apiv2][body] POST https://upload-firebasehosting.googleapis.com/upload/sites/trucky-4ab43/versions/11dfbe6836ad65fb/files/39b95c48e165ba62b8c35a3de630733bd6a5f4511b8ecf86d11973afbdd9196f [stream]
[debug] [2023-03-13T20:30:02.152Z] <<< [apiv2][status] POST https://upload-firebasehosting.googleapis.com/upload/sites/trucky-4ab43/versions/11dfbe6836ad65fb/files/3a2daa28804b2bc23bcd22c77e96a68ae745615ffe45bbc7006447f70efc47f0 200
[debug] [2023-03-13T20:30:02.152Z] <<< [apiv2][body] POST https://upload-firebasehosting.googleapis.com/upload/sites/trucky-4ab43/versions/11dfbe6836ad65fb/files/3a2daa28804b2bc23bcd22c77e96a68ae745615ffe45bbc7006447f70efc47f0 [stream]
[debug] [2023-03-13T20:30:02.152Z] <<< [apiv2][status] POST https://upload-firebasehosting.googleapis.com/upload/sites/trucky-4ab43/versions/11dfbe6836ad65fb/files/b6cc5f0b586b1c421284371d2b8d9e16bb6bd5fe57223d2a7f0dc39e39b40c65 200
[debug] [2023-03-13T20:30:02.152Z] <<< [apiv2][body] POST https://upload-firebasehosting.googleapis.com/upload/sites/trucky-4ab43/versions/11dfbe6836ad65fb/files/b6cc5f0b586b1c421284371d2b8d9e16bb6bd5fe57223d2a7f0dc39e39b40c65 [stream]
[debug] [2023-03-13T20:30:02.163Z] <<< [apiv2][status] POST https://upload-firebasehosting.googleapis.com/upload/sites/trucky-4ab43/versions/11dfbe6836ad65fb/files/7344965e058eca0a8e8caf02811abba4b42e5575947c49a8c1a1295dffe8fe02 200
[debug] [2023-03-13T20:30:02.163Z] <<< [apiv2][body] POST https://upload-firebasehosting.googleapis.com/upload/sites/trucky-4ab43/versions/11dfbe6836ad65fb/files/7344965e058eca0a8e8caf02811abba4b42e5575947c49a8c1a1295dffe8fe02 [stream]
[debug] [2023-03-13T20:30:02.164Z] <<< [apiv2][status] POST https://upload-firebasehosting.googleapis.com/upload/sites/trucky-4ab43/versions/11dfbe6836ad65fb/files/dc69da393932df8f43c21cf5f693ef36d82dfbb2bb143d9fb2f9ce664d30aff5 200
[debug] [2023-03-13T20:30:02.164Z] <<< [apiv2][body] POST https://upload-firebasehosting.googleapis.com/upload/sites/trucky-4ab43/versions/11dfbe6836ad65fb/files/dc69da393932df8f43c21cf5f693ef36d82dfbb2bb143d9fb2f9ce664d30aff5 [stream]
[debug] [2023-03-13T20:30:02.164Z] <<< [apiv2][status] POST https://upload-firebasehosting.googleapis.com/upload/sites/trucky-4ab43/versions/11dfbe6836ad65fb/files/ad102fde6a756af0a6ce7e9c69dd1c9158984656b6a7c872272af047bf244ab2 200
[debug] [2023-03-13T20:30:02.164Z] <<< [apiv2][body] POST https://upload-firebasehosting.googleapis.com/upload/sites/trucky-4ab43/versions/11dfbe6836ad65fb/files/ad102fde6a756af0a6ce7e9c69dd1c9158984656b6a7c872272af047bf244ab2 [stream]
[debug] [2023-03-13T20:30:02.164Z] <<< [apiv2][status] POST https://upload-firebasehosting.googleapis.com/upload/sites/trucky-4ab43/versions/11dfbe6836ad65fb/files/5bc593379724bbf90550d3a208f4e94da444076ad699113419226fc91a9cd795 200
[debug] [2023-03-13T20:30:02.164Z] <<< [apiv2][body] POST https://upload-firebasehosting.googleapis.com/upload/sites/trucky-4ab43/versions/11dfbe6836ad65fb/files/5bc593379724bbf90550d3a208f4e94da444076ad699113419226fc91a9cd795 [stream]
[debug] [2023-03-13T20:30:02.164Z] <<< [apiv2][status] POST https://upload-firebasehosting.googleapis.com/upload/sites/trucky-4ab43/versions/11dfbe6836ad65fb/files/8d1e7fffee574fa8d2f1c64465cc5217502112788cb34f77eb2f97de785c63a5 200
[debug] [2023-03-13T20:30:02.164Z] <<< [apiv2][body] POST https://upload-firebasehosting.googleapis.com/upload/sites/trucky-4ab43/versions/11dfbe6836ad65fb/files/8d1e7fffee574fa8d2f1c64465cc5217502112788cb34f77eb2f97de785c63a5 [stream]
[debug] [2023-03-13T20:30:02.164Z] <<< [apiv2][status] POST https://upload-firebasehosting.googleapis.com/upload/sites/trucky-4ab43/versions/11dfbe6836ad65fb/files/b59eb07d888f6d670fd0d2a3e1adea6ec717a2365b3e2bc6e1e3919d55a8f6b6 200
[debug] [2023-03-13T20:30:02.164Z] <<< [apiv2][body] POST https://upload-firebasehosting.googleapis.com/upload/sites/trucky-4ab43/versions/11dfbe6836ad65fb/files/b59eb07d888f6d670fd0d2a3e1adea6ec717a2365b3e2bc6e1e3919d55a8f6b6 [stream]
[debug] [2023-03-13T20:30:02.190Z] <<< [apiv2][status] POST https://upload-firebasehosting.googleapis.com/upload/sites/trucky-4ab43/versions/11dfbe6836ad65fb/files/e28b783b7734dfc80261dff1528f2e06b7225321c7dace8e5e877ec6043e0e3c 200
[debug] [2023-03-13T20:30:02.190Z] <<< [apiv2][body] POST https://upload-firebasehosting.googleapis.com/upload/sites/trucky-4ab43/versions/11dfbe6836ad65fb/files/e28b783b7734dfc80261dff1528f2e06b7225321c7dace8e5e877ec6043e0e3c [stream]
[debug] [2023-03-13T20:30:02.191Z] <<< [apiv2][status] POST https://upload-firebasehosting.googleapis.com/upload/sites/trucky-4ab43/versions/11dfbe6836ad65fb/files/6678a72a33986efe1658878774d9d06b972000f09714717f1a5e75d4fb311b6d 200
[debug] [2023-03-13T20:30:02.191Z] <<< [apiv2][body] POST https://upload-firebasehosting.googleapis.com/upload/sites/trucky-4ab43/versions/11dfbe6836ad65fb/files/6678a72a33986efe1658878774d9d06b972000f09714717f1a5e75d4fb311b6d [stream]
[debug] [2023-03-13T20:30:02.203Z] <<< [apiv2][status] POST https://upload-firebasehosting.googleapis.com/upload/sites/trucky-4ab43/versions/11dfbe6836ad65fb/files/35f7608f3758bcfaaa5fa72907ef75e7dcbb735f6f10c90cdc7f7c7d1bfbdef9 200
[debug] [2023-03-13T20:30:02.203Z] <<< [apiv2][body] POST https://upload-firebasehosting.googleapis.com/upload/sites/trucky-4ab43/versions/11dfbe6836ad65fb/files/35f7608f3758bcfaaa5fa72907ef75e7dcbb735f6f10c90cdc7f7c7d1bfbdef9 [stream]
[debug] [2023-03-13T20:30:02.203Z] <<< [apiv2][status] POST https://upload-firebasehosting.googleapis.com/upload/sites/trucky-4ab43/versions/11dfbe6836ad65fb/files/6f8a5257287ce7d95aad3acf955d239c098270dedad3ed9568314659353d6b88 200
[debug] [2023-03-13T20:30:02.203Z] <<< [apiv2][body] POST https://upload-firebasehosting.googleapis.com/upload/sites/trucky-4ab43/versions/11dfbe6836ad65fb/files/6f8a5257287ce7d95aad3acf955d239c098270dedad3ed9568314659353d6b88 [stream]
[debug] [2023-03-13T20:30:02.204Z] <<< [apiv2][status] POST https://upload-firebasehosting.googleapis.com/upload/sites/trucky-4ab43/versions/11dfbe6836ad65fb/files/b6f1661298aa11d264644c022f5dc5b5dcb77eff91a275ed96378a1ca5c13bd8 200
[debug] [2023-03-13T20:30:02.204Z] <<< [apiv2][body] POST https://upload-firebasehosting.googleapis.com/upload/sites/trucky-4ab43/versions/11dfbe6836ad65fb/files/b6f1661298aa11d264644c022f5dc5b5dcb77eff91a275ed96378a1ca5c13bd8 [stream]
[debug] [2023-03-13T20:30:02.214Z] <<< [apiv2][status] POST https://upload-firebasehosting.googleapis.com/upload/sites/trucky-4ab43/versions/11dfbe6836ad65fb/files/71e9b5399c258163c943f84d3b7aa8bb51f3c2d0d6414b7a5fa5082816f7a9e3 200
[debug] [2023-03-13T20:30:02.214Z] <<< [apiv2][body] POST https://upload-firebasehosting.googleapis.com/upload/sites/trucky-4ab43/versions/11dfbe6836ad65fb/files/71e9b5399c258163c943f84d3b7aa8bb51f3c2d0d6414b7a5fa5082816f7a9e3 [stream]
[debug] [2023-03-13T20:30:02.221Z] <<< [apiv2][status] POST https://upload-firebasehosting.googleapis.com/upload/sites/trucky-4ab43/versions/11dfbe6836ad65fb/files/69c1f4433a4ca298ef02efede350013bd0e819ad6c4ff8daf36829f465720e3c 200
[debug] [2023-03-13T20:30:02.221Z] <<< [apiv2][body] POST https://upload-firebasehosting.googleapis.com/upload/sites/trucky-4ab43/versions/11dfbe6836ad65fb/files/69c1f4433a4ca298ef02efede350013bd0e819ad6c4ff8daf36829f465720e3c [stream]
[debug] [2023-03-13T20:30:02.233Z] <<< [apiv2][status] POST https://upload-firebasehosting.googleapis.com/upload/sites/trucky-4ab43/versions/11dfbe6836ad65fb/files/4682f1e3a44e3bba5430675921ab1435842ff9d4d28b8db59539e4d467601fbc 200
[debug] [2023-03-13T20:30:02.233Z] <<< [apiv2][body] POST https://upload-firebasehosting.googleapis.com/upload/sites/trucky-4ab43/versions/11dfbe6836ad65fb/files/4682f1e3a44e3bba5430675921ab1435842ff9d4d28b8db59539e4d467601fbc [stream]
[debug] [2023-03-13T20:30:02.313Z] <<< [apiv2][status] POST https://upload-firebasehosting.googleapis.com/upload/sites/trucky-4ab43/versions/11dfbe6836ad65fb/files/3d8100976b4bd21ff7b359c3d67e85599aa9381e09fab616a98476fe696c006b 200
[debug] [2023-03-13T20:30:02.313Z] <<< [apiv2][body] POST https://upload-firebasehosting.googleapis.com/upload/sites/trucky-4ab43/versions/11dfbe6836ad65fb/files/3d8100976b4bd21ff7b359c3d67e85599aa9381e09fab616a98476fe696c006b [stream]
[debug] [2023-03-13T20:30:02.314Z] <<< [apiv2][status] POST https://upload-firebasehosting.googleapis.com/upload/sites/trucky-4ab43/versions/11dfbe6836ad65fb/files/abb9d16d373f173738786441bcccabe317ba28bf57cc21c8655ac4094a6d6f33 200
[debug] [2023-03-13T20:30:02.314Z] <<< [apiv2][body] POST https://upload-firebasehosting.googleapis.com/upload/sites/trucky-4ab43/versions/11dfbe6836ad65fb/files/abb9d16d373f173738786441bcccabe317ba28bf57cc21c8655ac4094a6d6f33 [stream]
[debug] [2023-03-13T20:30:02.397Z] <<< [apiv2][status] POST https://upload-firebasehosting.googleapis.com/upload/sites/trucky-4ab43/versions/11dfbe6836ad65fb/files/2e49f49a804b59fb1242408c8617443cde7949a4dcc1aef00757f25b7d4f0d2e 200
[debug] [2023-03-13T20:30:02.398Z] <<< [apiv2][body] POST https://upload-firebasehosting.googleapis.com/upload/sites/trucky-4ab43/versions/11dfbe6836ad65fb/files/2e49f49a804b59fb1242408c8617443cde7949a4dcc1aef00757f25b7d4f0d2e [stream]
[debug] [2023-03-13T20:30:02.463Z] <<< [apiv2][status] POST https://upload-firebasehosting.googleapis.com/upload/sites/trucky-4ab43/versions/11dfbe6836ad65fb/files/4b8b4167f5fbe4e11861f4627744f47504cbbfd45aa5a17ad7ff0fc08160d842 200
[debug] [2023-03-13T20:30:02.463Z] <<< [apiv2][body] POST https://upload-firebasehosting.googleapis.com/upload/sites/trucky-4ab43/versions/11dfbe6836ad65fb/files/4b8b4167f5fbe4e11861f4627744f47504cbbfd45aa5a17ad7ff0fc08160d842 [stream]
[debug] [2023-03-13T20:30:02.652Z] <<< [apiv2][status] POST https://upload-firebasehosting.googleapis.com/upload/sites/trucky-4ab43/versions/11dfbe6836ad65fb/files/ff9149515439e6962719e5afa054d337cbe76768838bdd22d676e3450365cbd8 200
[debug] [2023-03-13T20:30:02.652Z] <<< [apiv2][body] POST https://upload-firebasehosting.googleapis.com/upload/sites/trucky-4ab43/versions/11dfbe6836ad65fb/files/ff9149515439e6962719e5afa054d337cbe76768838bdd22d676e3450365cbd8 [stream]
[debug] [2023-03-13T20:30:06.844Z] <<< [apiv2][status] POST https://upload-firebasehosting.googleapis.com/upload/sites/trucky-4ab43/versions/11dfbe6836ad65fb/files/17bf9a5b427e63346e3ddac77e2ba074ea66baa9ea929a21eaadea34cf1822d7 200
[debug] [2023-03-13T20:30:06.844Z] <<< [apiv2][body] POST https://upload-firebasehosting.googleapis.com/upload/sites/trucky-4ab43/versions/11dfbe6836ad65fb/files/17bf9a5b427e63346e3ddac77e2ba074ea66baa9ea929a21eaadea34cf1822d7 [stream]
[debug] [2023-03-13T20:30:06.845Z] [hosting][upload queue][FINAL] {"max":6352,"min":1187,"avg":1617.1807228915666,"active":0,"complete":83,"success":83,"errored":0,"retried":0,"total":83,"elapsed":6355}
[info] ✔  hosting[trucky-4ab43]: file upload complete 
[debug] [2023-03-13T20:30:06.846Z] [hosting] deploy completed after 8769ms
[info] i  database: releasing rules... 
[debug] [2023-03-13T20:30:06.849Z] >>> [apiv2][query] GET https://firebasedatabase.googleapis.com/v1beta/projects/trucky-4ab43/locations/-/instances/trucky-4ab43-default-rtdb [none]
[debug] [2023-03-13T20:30:07.314Z] <<< [apiv2][status] GET https://firebasedatabase.googleapis.com/v1beta/projects/trucky-4ab43/locations/-/instances/trucky-4ab43-default-rtdb 200
[debug] [2023-03-13T20:30:07.314Z] <<< [apiv2][body] GET https://firebasedatabase.googleapis.com/v1beta/projects/trucky-4ab43/locations/-/instances/trucky-4ab43-default-rtdb {"name":"projects/852668909766/locations/europe-west1/instances/trucky-4ab43-default-rtdb","project":"projects/852668909766","databaseUrl":"https://trucky-4ab43-default-rtdb.europe-west1.firebasedatabase.app","type":"DEFAULT_DATABASE","state":"ACTIVE"}
[debug] [2023-03-13T20:30:07.315Z] >>> [apiv2][query] PUT https://trucky-4ab43-default-rtdb.europe-west1.firebasedatabase.app/.settings/rules.json 
[debug] [2023-03-13T20:30:07.315Z] >>> [apiv2][body] PUT https://trucky-4ab43-default-rtdb.europe-west1.firebasedatabase.app/.settings/rules.json "{\n  \"rules\": {\n    \"vehicles\": {\n      \"$uid\": {\n        \".write\": \"$uid === auth.uid && root.child('stripe_customers/' + auth.uid + '/status').val() === 'active'\",\n        \".read\": \"$uid === auth.uid && root.child('stripe_customers/' + auth.uid + '/status').val() === 'active'\"\n      }\n    },\n    \"drivers\": {\n      \"$uid\": {\n        \".write\": \"$uid === auth.uid && root.child('stripe_customers/' + auth.uid + '/status').val() === 'active'\",\n        \".read\": \"$uid === auth.uid && root.child('stripe_customers/' + auth.uid + '/status').val() === 'active'\"\n      }\n    },\n    \"routes\": {\n      \"$uid\": {\n        \".write\": \"$uid === auth.uid && root.child('stripe_customers/' + auth.uid + '/status').val() === 'active'\",\n        \".read\": \"$uid === auth.uid && root.child('stripe_customers/' + auth.uid + '/status').val() === 'active'\"\n      }\n    },\n    \"stripe_customers\": {\n      \"$uid\": {\n        \"payment_method_id\": {\n          \".write\": \"$uid === auth.uid\"\n        },\n        \"card\": {\n          \".write\": \"$uid === auth.uid\"\n        },\n        \".write\": false,\n        \".read\": \"$uid === auth.uid\"\n      },\n      \".indexOn\": [\"customer_id\"]\n    },\n    \"settings\": {\n      \"$uid\": {\n        \".write\": \"$uid === auth.uid\",\n        \".read\": \"$uid === auth.uid\"\n      }\n    },\n    \"service\": {\n      \"$uid\": {\n        \".write\": \"$uid === auth.uid && root.child('stripe_customers/' + auth.uid + '/status').val() === 'active'\",\n        \".read\": \"$uid === auth.uid && root.child('stripe_customers/' + auth.uid + '/status').val() === 'active'\",\n        \".indexOn\": [\"vehicle\"]\n      }\n    },\n    \"time_notifications\": {\n      \".write\": false,\n      \".read\": false\n    },\n    \"milage_notifications\": {\n      \".write\": false,\n      \".read\": false\n    }\n  }\n}"
[debug] [2023-03-13T20:30:07.774Z] <<< [apiv2][status] PUT https://trucky-4ab43-default-rtdb.europe-west1.firebasedatabase.app/.settings/rules.json 200
[debug] [2023-03-13T20:30:07.774Z] <<< [apiv2][body] PUT https://trucky-4ab43-default-rtdb.europe-west1.firebasedatabase.app/.settings/rules.json {"status":"ok"}
[info] ✔  database: rules for database trucky-4ab43-default-rtdb released successfully 
[debug] [2023-03-13T20:30:07.775Z] [rules] releasing firebase.storage/trucky-4ab43.appspot.com with ruleset projects/trucky-4ab43/rulesets/de535799-f4f5-498d-bb6c-15903315d1c0
[debug] [2023-03-13T20:30:07.776Z] >>> [apiv2][query] PATCH https://firebaserules.googleapis.com/v1/projects/trucky-4ab43/releases/firebase.storage/trucky-4ab43.appspot.com [none]
[debug] [2023-03-13T20:30:07.776Z] >>> [apiv2][body] PATCH https://firebaserules.googleapis.com/v1/projects/trucky-4ab43/releases/firebase.storage/trucky-4ab43.appspot.com {"release":{"name":"projects/trucky-4ab43/releases/firebase.storage/trucky-4ab43.appspot.com","rulesetName":"projects/trucky-4ab43/rulesets/de535799-f4f5-498d-bb6c-15903315d1c0"}}
[debug] [2023-03-13T20:30:09.305Z] <<< [apiv2][status] PATCH https://firebaserules.googleapis.com/v1/projects/trucky-4ab43/releases/firebase.storage/trucky-4ab43.appspot.com 200
[debug] [2023-03-13T20:30:09.305Z] <<< [apiv2][body] PATCH https://firebaserules.googleapis.com/v1/projects/trucky-4ab43/releases/firebase.storage/trucky-4ab43.appspot.com {"name":"projects/trucky-4ab43/releases/firebase.storage/trucky-4ab43.appspot.com","rulesetName":"projects/trucky-4ab43/rulesets/de535799-f4f5-498d-bb6c-15903315d1c0","createTime":"2022-12-02T16:08:52.253952Z","updateTime":"2023-03-13T20:30:08.868793Z"}
[debug] [2023-03-13T20:30:09.305Z] [rules] updated release projects/trucky-4ab43/releases/firebase.storage/trucky-4ab43.appspot.com
[info] ✔  storage: released rules storage.rules to firebase.storage 
[info] i  functions: creating Node.js 18 function firebase-frameworks-trucky-4ab43:ssrtrucky4ab43(europe-west1)... 
[debug] [2023-03-13T20:30:09.311Z] >>> [apiv2][query] POST https://cloudfunctions.googleapis.com/v2/projects/trucky-4ab43/locations/europe-west1/functions functionId=ssrtrucky4ab43
[debug] [2023-03-13T20:30:09.311Z] >>> [apiv2][body] POST https://cloudfunctions.googleapis.com/v2/projects/trucky-4ab43/locations/europe-west1/functions {"name":"projects/trucky-4ab43/locations/europe-west1/functions/ssrtrucky4ab43","buildConfig":{"runtime":"nodejs18","entryPoint":"ssrtrucky4ab43","source":{"storageSource":{"bucket":"gcf-v2-uploads-852668909766-europe-west1","object":"457a24ae-61c8-4ff0-8dd6-71b361859c75.zip"}},"environmentVariables":{}},"serviceConfig":{"environmentVariables":{"TRUCKY_API_KEY":"AIzaSyBlwcJwGtOvk9NHLpnBfxoPeANEpibye-g","TRUCKY_AUTH_DOMAIN":"trucky-4ab43.firebaseapp.com","TRUCKY_PROJECT_ID":"trucky-4ab43","TRUCKY_STORAGE_BUCKET":"trucky-4ab43.appspot.com","TRUCKY_MESSAGING_SENDER_ID":"852668909766","TRUCKY_APP_ID":"1:852668909766:web:e0a316cd85505945426fc7","TRUCKY_MEASUREMENT_ID":"G-2PT7BKQCW9","TRUCKY_DATABASE_URL":"https://trucky-4ab43-default-rtdb.europe-west1.firebasedatabase.app","__FIREBASE_FRAMEWORKS_ENTRY__":"next.js","__FIREBASE_DEFAULTS__":"{\"config\":{\"projectId\":\"trucky-4ab43\",\"appId\":\"1:852668909766:web:e0a316cd85505945426fc7\",\"databaseURL\":\"https://trucky-4ab43-default-rtdb.europe-west1.firebasedatabase.app\",\"storageBucket\":\"trucky-4ab43.appspot.com\",\"locationId\":\"europe-west\",\"apiKey\":\"AIzaSyBlwcJwGtOvk9NHLpnBfxoPeANEpibye-g\",\"authDomain\":\"trucky-4ab43.firebaseapp.com\",\"messagingSenderId\":\"852668909766\",\"measurementId\":\"G-2PT7BKQCW9\"},\"_authTokenSyncURL\":\"/__session\"}","FIREBASE_CONFIG":"{\"projectId\":\"trucky-4ab43\",\"databaseURL\":\"https://trucky-4ab43-default-rtdb.europe-west1.firebasedatabase.app\",\"storageBucket\":\"trucky-4ab43.appspot.com\",\"locationId\":\"europe-west\"}","GCLOUD_PROJECT":"trucky-4ab43","EVENTARC_CLOUD_EVENT_SOURCE":"projects/trucky-4ab43/locations/europe-west1/services/ssrtrucky4ab43"},"availableMemory":"256Mi"},"labels":{"deployment-tool":"cli-firebase","firebase-functions-codebase":"firebase-frameworks-trucky-4ab43","firebase-functions-hash":"e8ef7013e972022e97221525c4a22556ed0ffd16"}}
[debug] [2023-03-13T20:30:11.838Z] <<< [apiv2][status] POST https://cloudfunctions.googleapis.com/v2/projects/trucky-4ab43/locations/europe-west1/functions 200
[debug] [2023-03-13T20:30:11.838Z] <<< [apiv2][body] POST https://cloudfunctions.googleapis.com/v2/projects/trucky-4ab43/locations/europe-west1/functions {"name":"projects/trucky-4ab43/locations/europe-west1/operations/operation-1678739409765-5f6cdfa308509-02ea8b81-a825eea3","metadata":{"@type":"type.googleapis.com/google.cloud.functions.v2.OperationMetadata","createTime":"2023-03-13T20:30:11.931962890Z","target":"projects/trucky-4ab43/locations/europe-west1/functions/ssrtrucky4ab43","verb":"create","cancelRequested":false,"apiVersion":"v2"},"done":false}
[debug] [2023-03-13T20:30:11.839Z] >>> [apiv2][query] GET https://cloudfunctions.googleapis.com/v2/projects/trucky-4ab43/locations/europe-west1/operations/operation-1678739409765-5f6cdfa308509-02ea8b81-a825eea3 [none]
[debug] [2023-03-13T20:30:12.131Z] <<< [apiv2][status] GET https://cloudfunctions.googleapis.com/v2/projects/trucky-4ab43/locations/europe-west1/operations/operation-1678739409765-5f6cdfa308509-02ea8b81-a825eea3 200
[debug] [2023-03-13T20:30:12.131Z] <<< [apiv2][body] GET https://cloudfunctions.googleapis.com/v2/projects/trucky-4ab43/locations/europe-west1/operations/operation-1678739409765-5f6cdfa308509-02ea8b81-a825eea3 {"name":"projects/trucky-4ab43/locations/europe-west1/operations/operation-1678739409765-5f6cdfa308509-02ea8b81-a825eea3","metadata":{"@type":"type.googleapis.com/google.cloud.functions.v2.OperationMetadata","createTime":"2023-03-13T20:30:11.931962890Z","target":"projects/trucky-4ab43/locations/europe-west1/functions/ssrtrucky4ab43","verb":"create","cancelRequested":false,"apiVersion":"v2"},"done":false}
[debug] [2023-03-13T20:30:12.633Z] [create-firebase-frameworks-trucky-4ab43-europe-west1-ssrtrucky4ab43] Retrying task index 0
[debug] [2023-03-13T20:30:12.633Z] >>> [apiv2][query] GET https://cloudfunctions.googleapis.com/v2/projects/trucky-4ab43/locations/europe-west1/operations/operation-1678739409765-5f6cdfa308509-02ea8b81-a825eea3 [none]
[debug] [2023-03-13T20:30:13.481Z] <<< [apiv2][status] GET https://cloudfunctions.googleapis.com/v2/projects/trucky-4ab43/locations/europe-west1/operations/operation-1678739409765-5f6cdfa308509-02ea8b81-a825eea3 200
[debug] [2023-03-13T20:30:13.481Z] <<< [apiv2][body] GET https://cloudfunctions.googleapis.com/v2/projects/trucky-4ab43/locations/europe-west1/operations/operation-1678739409765-5f6cdfa308509-02ea8b81-a825eea3 {"name":"projects/trucky-4ab43/locations/europe-west1/operations/operation-1678739409765-5f6cdfa308509-02ea8b81-a825eea3","metadata":{"@type":"type.googleapis.com/google.cloud.functions.v2.OperationMetadata","createTime":"2023-03-13T20:30:11.931962890Z","target":"projects/trucky-4ab43/locations/europe-west1/functions/ssrtrucky4ab43","verb":"create","cancelRequested":false,"apiVersion":"v2","requestResource":{"@type":"type.googleapis.com/google.cloud.functions.v2.Function","name":"projects/trucky-4ab43/locations/europe-west1/functions/ssrtrucky4ab43","buildConfig":{"runtime":"nodejs18","entryPoint":"ssrtrucky4ab43","source":{"storageSource":{"bucket":"gcf-v2-sources-852668909766-europe-west1","object":"ssrtrucky4ab43/function-source.zip"}}},"serviceConfig":{"service":"projects/trucky-4ab43/locations/europe-west1/services/ssrtrucky4ab43","timeoutSeconds":60,"environmentVariables":{"TRUCKY_API_KEY":"AIzaSyBlwcJwGtOvk9NHLpnBfxoPeANEpibye-g","TRUCKY_AUTH_DOMAIN":"trucky-4ab43.firebaseapp.com","TRUCKY_PROJECT_ID":"trucky-4ab43","TRUCKY_STORAGE_BUCKET":"trucky-4ab43.appspot.com","TRUCKY_MESSAGING_SENDER_ID":"852668909766","TRUCKY_APP_ID":"1:852668909766:web:e0a316cd85505945426fc7","TRUCKY_MEASUREMENT_ID":"G-2PT7BKQCW9","TRUCKY_DATABASE_URL":"https://trucky-4ab43-default-rtdb.europe-west1.firebasedatabase.app","__FIREBASE_FRAMEWORKS_ENTRY__":"next.js","__FIREBASE_DEFAULTS__":"{\"config\":{\"projectId\":\"trucky-4ab43\",\"appId\":\"1:852668909766:web:e0a316cd85505945426fc7\",\"databaseURL\":\"https://trucky-4ab43-default-rtdb.europe-west1.firebasedatabase.app\",\"storageBucket\":\"trucky-4ab43.appspot.com\",\"locationId\":\"europe-west\",\"apiKey\":\"AIzaSyBlwcJwGtOvk9NHLpnBfxoPeANEpibye-g\",\"authDomain\":\"trucky-4ab43.firebaseapp.com\",\"messagingSenderId\":\"852668909766\",\"measurementId\":\"G-2PT7BKQCW9\"},\"_authTokenSyncURL\":\"/__session\"}","FIREBASE_CONFIG":"{\"projectId\":\"trucky-4ab43\",\"databaseURL\":\"https://trucky-4ab43-default-rtdb.europe-west1.firebasedatabase.app\",\"storageBucket\":\"trucky-4ab43.appspot.com\",\"locationId\":\"europe-west\"}","GCLOUD_PROJECT":"trucky-4ab43","EVENTARC_CLOUD_EVENT_SOURCE":"projects/trucky-4ab43/locations/europe-west1/services/ssrtrucky4ab43"},"maxInstanceCount":100,"ingressSettings":"ALLOW_ALL","serviceAccountEmail":"852668909766-compute@developer.gserviceaccount.com","availableMemory":"256Mi","maxInstanceRequestConcurrency":1},"labels":{"deployment-tool":"cli-firebase","firebase-functions-codebase":"firebase-frameworks-trucky-4ab43","firebase-functions-hash":"e8ef7013e972022e97221525c4a22556ed0ffd16"},"environment":"GEN_2"},"stages":[{"name":"BUILD","state":"NOT_STARTED"},{"name":"SERVICE","state":"NOT_STARTED"}]},"done":false}
[debug] [2023-03-13T20:30:14.482Z] [create-firebase-frameworks-trucky-4ab43-europe-west1-ssrtrucky4ab43] Retrying task index 0
[debug] [2023-03-13T20:30:14.482Z] >>> [apiv2][query] GET https://cloudfunctions.googleapis.com/v2/projects/trucky-4ab43/locations/europe-west1/operations/operation-1678739409765-5f6cdfa308509-02ea8b81-a825eea3 [none]
[debug] [2023-03-13T20:30:14.753Z] <<< [apiv2][status] GET https://cloudfunctions.googleapis.com/v2/projects/trucky-4ab43/locations/europe-west1/operations/operation-1678739409765-5f6cdfa308509-02ea8b81-a825eea3 200
[debug] [2023-03-13T20:30:14.753Z] <<< [apiv2][body] GET https://cloudfunctions.googleapis.com/v2/projects/trucky-4ab43/locations/europe-west1/operations/operation-1678739409765-5f6cdfa308509-02ea8b81-a825eea3 {"name":"projects/trucky-4ab43/locations/europe-west1/operations/operation-1678739409765-5f6cdfa308509-02ea8b81-a825eea3","metadata":{"@type":"type.googleapis.com/google.cloud.functions.v2.OperationMetadata","createTime":"2023-03-13T20:30:11.931962890Z","target":"projects/trucky-4ab43/locations/europe-west1/functions/ssrtrucky4ab43","verb":"create","cancelRequested":false,"apiVersion":"v2","requestResource":{"@type":"type.googleapis.com/google.cloud.functions.v2.Function","name":"projects/trucky-4ab43/locations/europe-west1/functions/ssrtrucky4ab43","buildConfig":{"runtime":"nodejs18","entryPoint":"ssrtrucky4ab43","source":{"storageSource":{"bucket":"gcf-v2-sources-852668909766-europe-west1","object":"ssrtrucky4ab43/function-source.zip"}}},"serviceConfig":{"service":"projects/trucky-4ab43/locations/europe-west1/services/ssrtrucky4ab43","timeoutSeconds":60,"environmentVariables":{"TRUCKY_API_KEY":"AIzaSyBlwcJwGtOvk9NHLpnBfxoPeANEpibye-g","TRUCKY_AUTH_DOMAIN":"trucky-4ab43.firebaseapp.com","TRUCKY_PROJECT_ID":"trucky-4ab43","TRUCKY_STORAGE_BUCKET":"trucky-4ab43.appspot.com","TRUCKY_MESSAGING_SENDER_ID":"852668909766","TRUCKY_APP_ID":"1:852668909766:web:e0a316cd85505945426fc7","TRUCKY_MEASUREMENT_ID":"G-2PT7BKQCW9","TRUCKY_DATABASE_URL":"https://trucky-4ab43-default-rtdb.europe-west1.firebasedatabase.app","__FIREBASE_FRAMEWORKS_ENTRY__":"next.js","__FIREBASE_DEFAULTS__":"{\"config\":{\"projectId\":\"trucky-4ab43\",\"appId\":\"1:852668909766:web:e0a316cd85505945426fc7\",\"databaseURL\":\"https://trucky-4ab43-default-rtdb.europe-west1.firebasedatabase.app\",\"storageBucket\":\"trucky-4ab43.appspot.com\",\"locationId\":\"europe-west\",\"apiKey\":\"AIzaSyBlwcJwGtOvk9NHLpnBfxoPeANEpibye-g\",\"authDomain\":\"trucky-4ab43.firebaseapp.com\",\"messagingSenderId\":\"852668909766\",\"measurementId\":\"G-2PT7BKQCW9\"},\"_authTokenSyncURL\":\"/__session\"}","FIREBASE_CONFIG":"{\"projectId\":\"trucky-4ab43\",\"databaseURL\":\"https://trucky-4ab43-default-rtdb.europe-west1.firebasedatabase.app\",\"storageBucket\":\"trucky-4ab43.appspot.com\",\"locationId\":\"europe-west\"}","GCLOUD_PROJECT":"trucky-4ab43","EVENTARC_CLOUD_EVENT_SOURCE":"projects/trucky-4ab43/locations/europe-west1/services/ssrtrucky4ab43"},"maxInstanceCount":100,"ingressSettings":"ALLOW_ALL","serviceAccountEmail":"852668909766-compute@developer.gserviceaccount.com","availableMemory":"256Mi","maxInstanceRequestConcurrency":1},"labels":{"deployment-tool":"cli-firebase","firebase-functions-codebase":"firebase-frameworks-trucky-4ab43","firebase-functions-hash":"e8ef7013e972022e97221525c4a22556ed0ffd16"},"environment":"GEN_2"},"stages":[{"name":"BUILD","state":"NOT_STARTED"},{"name":"SERVICE","state":"NOT_STARTED"}]},"done":false}
[debug] [2023-03-13T20:30:16.755Z] [create-firebase-frameworks-trucky-4ab43-europe-west1-ssrtrucky4ab43] Retrying task index 0
[debug] [2023-03-13T20:30:16.755Z] >>> [apiv2][query] GET https://cloudfunctions.googleapis.com/v2/projects/trucky-4ab43/locations/europe-west1/operations/operation-1678739409765-5f6cdfa308509-02ea8b81-a825eea3 [none]
[debug] [2023-03-13T20:30:17.004Z] <<< [apiv2][status] GET https://cloudfunctions.googleapis.com/v2/projects/trucky-4ab43/locations/europe-west1/operations/operation-1678739409765-5f6cdfa308509-02ea8b81-a825eea3 200
[debug] [2023-03-13T20:30:17.005Z] <<< [apiv2][body] GET https://cloudfunctions.googleapis.com/v2/projects/trucky-4ab43/locations/europe-west1/operations/operation-1678739409765-5f6cdfa308509-02ea8b81-a825eea3 {"name":"projects/trucky-4ab43/locations/europe-west1/operations/operation-1678739409765-5f6cdfa308509-02ea8b81-a825eea3","metadata":{"@type":"type.googleapis.com/google.cloud.functions.v2.OperationMetadata","createTime":"2023-03-13T20:30:11.931962890Z","target":"projects/trucky-4ab43/locations/europe-west1/functions/ssrtrucky4ab43","verb":"create","cancelRequested":false,"apiVersion":"v2","requestResource":{"@type":"type.googleapis.com/google.cloud.functions.v2.Function","name":"projects/trucky-4ab43/locations/europe-west1/functions/ssrtrucky4ab43","buildConfig":{"runtime":"nodejs18","entryPoint":"ssrtrucky4ab43","source":{"storageSource":{"bucket":"gcf-v2-sources-852668909766-europe-west1","object":"ssrtrucky4ab43/function-source.zip"}}},"serviceConfig":{"service":"projects/trucky-4ab43/locations/europe-west1/services/ssrtrucky4ab43","timeoutSeconds":60,"environmentVariables":{"TRUCKY_API_KEY":"AIzaSyBlwcJwGtOvk9NHLpnBfxoPeANEpibye-g","TRUCKY_AUTH_DOMAIN":"trucky-4ab43.firebaseapp.com","TRUCKY_PROJECT_ID":"trucky-4ab43","TRUCKY_STORAGE_BUCKET":"trucky-4ab43.appspot.com","TRUCKY_MESSAGING_SENDER_ID":"852668909766","TRUCKY_APP_ID":"1:852668909766:web:e0a316cd85505945426fc7","TRUCKY_MEASUREMENT_ID":"G-2PT7BKQCW9","TRUCKY_DATABASE_URL":"https://trucky-4ab43-default-rtdb.europe-west1.firebasedatabase.app","__FIREBASE_FRAMEWORKS_ENTRY__":"next.js","__FIREBASE_DEFAULTS__":"{\"config\":{\"projectId\":\"trucky-4ab43\",\"appId\":\"1:852668909766:web:e0a316cd85505945426fc7\",\"databaseURL\":\"https://trucky-4ab43-default-rtdb.europe-west1.firebasedatabase.app\",\"storageBucket\":\"trucky-4ab43.appspot.com\",\"locationId\":\"europe-west\",\"apiKey\":\"AIzaSyBlwcJwGtOvk9NHLpnBfxoPeANEpibye-g\",\"authDomain\":\"trucky-4ab43.firebaseapp.com\",\"messagingSenderId\":\"852668909766\",\"measurementId\":\"G-2PT7BKQCW9\"},\"_authTokenSyncURL\":\"/__session\"}","FIREBASE_CONFIG":"{\"projectId\":\"trucky-4ab43\",\"databaseURL\":\"https://trucky-4ab43-default-rtdb.europe-west1.firebasedatabase.app\",\"storageBucket\":\"trucky-4ab43.appspot.com\",\"locationId\":\"europe-west\"}","GCLOUD_PROJECT":"trucky-4ab43","EVENTARC_CLOUD_EVENT_SOURCE":"projects/trucky-4ab43/locations/europe-west1/services/ssrtrucky4ab43"},"maxInstanceCount":100,"ingressSettings":"ALLOW_ALL","serviceAccountEmail":"852668909766-compute@developer.gserviceaccount.com","availableMemory":"256Mi","maxInstanceRequestConcurrency":1},"labels":{"deployment-tool":"cli-firebase","firebase-functions-codebase":"firebase-frameworks-trucky-4ab43","firebase-functions-hash":"e8ef7013e972022e97221525c4a22556ed0ffd16"},"environment":"GEN_2"},"stages":[{"name":"BUILD","state":"NOT_STARTED"},{"name":"SERVICE","state":"NOT_STARTED"}]},"done":false}
[debug] [2023-03-13T20:30:21.005Z] [create-firebase-frameworks-trucky-4ab43-europe-west1-ssrtrucky4ab43] Retrying task index 0
[debug] [2023-03-13T20:30:21.006Z] >>> [apiv2][query] GET https://cloudfunctions.googleapis.com/v2/projects/trucky-4ab43/locations/europe-west1/operations/operation-1678739409765-5f6cdfa308509-02ea8b81-a825eea3 [none]
[debug] [2023-03-13T20:30:21.318Z] <<< [apiv2][status] GET https://cloudfunctions.googleapis.com/v2/projects/trucky-4ab43/locations/europe-west1/operations/operation-1678739409765-5f6cdfa308509-02ea8b81-a825eea3 200
[debug] [2023-03-13T20:30:21.318Z] <<< [apiv2][body] GET https://cloudfunctions.googleapis.com/v2/projects/trucky-4ab43/locations/europe-west1/operations/operation-1678739409765-5f6cdfa308509-02ea8b81-a825eea3 {"name":"projects/trucky-4ab43/locations/europe-west1/operations/operation-1678739409765-5f6cdfa308509-02ea8b81-a825eea3","metadata":{"@type":"type.googleapis.com/google.cloud.functions.v2.OperationMetadata","createTime":"2023-03-13T20:30:11.931962890Z","target":"projects/trucky-4ab43/locations/europe-west1/functions/ssrtrucky4ab43","verb":"create","cancelRequested":false,"apiVersion":"v2","requestResource":{"@type":"type.googleapis.com/google.cloud.functions.v2.Function","name":"projects/trucky-4ab43/locations/europe-west1/functions/ssrtrucky4ab43","buildConfig":{"runtime":"nodejs18","entryPoint":"ssrtrucky4ab43","source":{"storageSource":{"bucket":"gcf-v2-sources-852668909766-europe-west1","object":"ssrtrucky4ab43/function-source.zip"}}},"serviceConfig":{"service":"projects/trucky-4ab43/locations/europe-west1/services/ssrtrucky4ab43","timeoutSeconds":60,"environmentVariables":{"TRUCKY_API_KEY":"AIzaSyBlwcJwGtOvk9NHLpnBfxoPeANEpibye-g","TRUCKY_AUTH_DOMAIN":"trucky-4ab43.firebaseapp.com","TRUCKY_PROJECT_ID":"trucky-4ab43","TRUCKY_STORAGE_BUCKET":"trucky-4ab43.appspot.com","TRUCKY_MESSAGING_SENDER_ID":"852668909766","TRUCKY_APP_ID":"1:852668909766:web:e0a316cd85505945426fc7","TRUCKY_MEASUREMENT_ID":"G-2PT7BKQCW9","TRUCKY_DATABASE_URL":"https://trucky-4ab43-default-rtdb.europe-west1.firebasedatabase.app","__FIREBASE_FRAMEWORKS_ENTRY__":"next.js","__FIREBASE_DEFAULTS__":"{\"config\":{\"projectId\":\"trucky-4ab43\",\"appId\":\"1:852668909766:web:e0a316cd85505945426fc7\",\"databaseURL\":\"https://trucky-4ab43-default-rtdb.europe-west1.firebasedatabase.app\",\"storageBucket\":\"trucky-4ab43.appspot.com\",\"locationId\":\"europe-west\",\"apiKey\":\"AIzaSyBlwcJwGtOvk9NHLpnBfxoPeANEpibye-g\",\"authDomain\":\"trucky-4ab43.firebaseapp.com\",\"messagingSenderId\":\"852668909766\",\"measurementId\":\"G-2PT7BKQCW9\"},\"_authTokenSyncURL\":\"/__session\"}","FIREBASE_CONFIG":"{\"projectId\":\"trucky-4ab43\",\"databaseURL\":\"https://trucky-4ab43-default-rtdb.europe-west1.firebasedatabase.app\",\"storageBucket\":\"trucky-4ab43.appspot.com\",\"locationId\":\"europe-west\"}","GCLOUD_PROJECT":"trucky-4ab43","EVENTARC_CLOUD_EVENT_SOURCE":"projects/trucky-4ab43/locations/europe-west1/services/ssrtrucky4ab43"},"maxInstanceCount":100,"ingressSettings":"ALLOW_ALL","serviceAccountEmail":"852668909766-compute@developer.gserviceaccount.com","availableMemory":"256Mi","maxInstanceRequestConcurrency":1},"labels":{"deployment-tool":"cli-firebase","firebase-functions-codebase":"firebase-frameworks-trucky-4ab43","firebase-functions-hash":"e8ef7013e972022e97221525c4a22556ed0ffd16"},"environment":"GEN_2"},"stages":[{"name":"BUILD","state":"NOT_STARTED"},{"name":"SERVICE","state":"NOT_STARTED"}]},"done":false}
[debug] [2023-03-13T20:30:29.319Z] [create-firebase-frameworks-trucky-4ab43-europe-west1-ssrtrucky4ab43] Retrying task index 0
[debug] [2023-03-13T20:30:29.320Z] >>> [apiv2][query] GET https://cloudfunctions.googleapis.com/v2/projects/trucky-4ab43/locations/europe-west1/operations/operation-1678739409765-5f6cdfa308509-02ea8b81-a825eea3 [none]
[debug] [2023-03-13T20:30:29.571Z] <<< [apiv2][status] GET https://cloudfunctions.googleapis.com/v2/projects/trucky-4ab43/locations/europe-west1/operations/operation-1678739409765-5f6cdfa308509-02ea8b81-a825eea3 200
[debug] [2023-03-13T20:30:29.571Z] <<< [apiv2][body] GET https://cloudfunctions.googleapis.com/v2/projects/trucky-4ab43/locations/europe-west1/operations/operation-1678739409765-5f6cdfa308509-02ea8b81-a825eea3 {"name":"projects/trucky-4ab43/locations/europe-west1/operations/operation-1678739409765-5f6cdfa308509-02ea8b81-a825eea3","metadata":{"@type":"type.googleapis.com/google.cloud.functions.v2.OperationMetadata","createTime":"2023-03-13T20:30:11.931962890Z","target":"projects/trucky-4ab43/locations/europe-west1/functions/ssrtrucky4ab43","verb":"create","cancelRequested":false,"apiVersion":"v2","requestResource":{"@type":"type.googleapis.com/google.cloud.functions.v2.Function","name":"projects/trucky-4ab43/locations/europe-west1/functions/ssrtrucky4ab43","buildConfig":{"runtime":"nodejs18","entryPoint":"ssrtrucky4ab43","source":{"storageSource":{"bucket":"gcf-v2-sources-852668909766-europe-west1","object":"ssrtrucky4ab43/function-source.zip"}}},"serviceConfig":{"service":"projects/trucky-4ab43/locations/europe-west1/services/ssrtrucky4ab43","timeoutSeconds":60,"environmentVariables":{"TRUCKY_API_KEY":"AIzaSyBlwcJwGtOvk9NHLpnBfxoPeANEpibye-g","TRUCKY_AUTH_DOMAIN":"trucky-4ab43.firebaseapp.com","TRUCKY_PROJECT_ID":"trucky-4ab43","TRUCKY_STORAGE_BUCKET":"trucky-4ab43.appspot.com","TRUCKY_MESSAGING_SENDER_ID":"852668909766","TRUCKY_APP_ID":"1:852668909766:web:e0a316cd85505945426fc7","TRUCKY_MEASUREMENT_ID":"G-2PT7BKQCW9","TRUCKY_DATABASE_URL":"https://trucky-4ab43-default-rtdb.europe-west1.firebasedatabase.app","__FIREBASE_FRAMEWORKS_ENTRY__":"next.js","__FIREBASE_DEFAULTS__":"{\"config\":{\"projectId\":\"trucky-4ab43\",\"appId\":\"1:852668909766:web:e0a316cd85505945426fc7\",\"databaseURL\":\"https://trucky-4ab43-default-rtdb.europe-west1.firebasedatabase.app\",\"storageBucket\":\"trucky-4ab43.appspot.com\",\"locationId\":\"europe-west\",\"apiKey\":\"AIzaSyBlwcJwGtOvk9NHLpnBfxoPeANEpibye-g\",\"authDomain\":\"trucky-4ab43.firebaseapp.com\",\"messagingSenderId\":\"852668909766\",\"measurementId\":\"G-2PT7BKQCW9\"},\"_authTokenSyncURL\":\"/__session\"}","FIREBASE_CONFIG":"{\"projectId\":\"trucky-4ab43\",\"databaseURL\":\"https://trucky-4ab43-default-rtdb.europe-west1.firebasedatabase.app\",\"storageBucket\":\"trucky-4ab43.appspot.com\",\"locationId\":\"europe-west\"}","GCLOUD_PROJECT":"trucky-4ab43","EVENTARC_CLOUD_EVENT_SOURCE":"projects/trucky-4ab43/locations/europe-west1/services/ssrtrucky4ab43"},"maxInstanceCount":100,"ingressSettings":"ALLOW_ALL","serviceAccountEmail":"852668909766-compute@developer.gserviceaccount.com","availableMemory":"256Mi","maxInstanceRequestConcurrency":1},"labels":{"deployment-tool":"cli-firebase","firebase-functions-codebase":"firebase-frameworks-trucky-4ab43","firebase-functions-hash":"e8ef7013e972022e97221525c4a22556ed0ffd16"},"environment":"GEN_2"},"stages":[{"name":"BUILD","message":"Creating build","state":"IN_PROGRESS","resource":"projects/852668909766/locations/europe-west1/builds/018c36e4-0571-4764-87e9-5432f911f2f4","resourceUri":"https://console.cloud.google.com/cloud-build/builds;region=europe-west1/018c36e4-0571-4764-87e9-5432f911f2f4?project=852668909766"},{"name":"SERVICE","state":"NOT_STARTED"}]},"done":false}
[debug] [2023-03-13T20:30:39.572Z] [create-firebase-frameworks-trucky-4ab43-europe-west1-ssrtrucky4ab43] Retrying task index 0
[debug] [2023-03-13T20:30:39.573Z] >>> [apiv2][query] GET https://cloudfunctions.googleapis.com/v2/projects/trucky-4ab43/locations/europe-west1/operations/operation-1678739409765-5f6cdfa308509-02ea8b81-a825eea3 [none]
[debug] [2023-03-13T20:30:39.875Z] <<< [apiv2][status] GET https://cloudfunctions.googleapis.com/v2/projects/trucky-4ab43/locations/europe-west1/operations/operation-1678739409765-5f6cdfa308509-02ea8b81-a825eea3 200
[debug] [2023-03-13T20:30:39.875Z] <<< [apiv2][body] GET https://cloudfunctions.googleapis.com/v2/projects/trucky-4ab43/locations/europe-west1/operations/operation-1678739409765-5f6cdfa308509-02ea8b81-a825eea3 {"name":"projects/trucky-4ab43/locations/europe-west1/operations/operation-1678739409765-5f6cdfa308509-02ea8b81-a825eea3","metadata":{"@type":"type.googleapis.com/google.cloud.functions.v2.OperationMetadata","createTime":"2023-03-13T20:30:11.931962890Z","target":"projects/trucky-4ab43/locations/europe-west1/functions/ssrtrucky4ab43","verb":"create","cancelRequested":false,"apiVersion":"v2","requestResource":{"@type":"type.googleapis.com/google.cloud.functions.v2.Function","name":"projects/trucky-4ab43/locations/europe-west1/functions/ssrtrucky4ab43","buildConfig":{"runtime":"nodejs18","entryPoint":"ssrtrucky4ab43","source":{"storageSource":{"bucket":"gcf-v2-sources-852668909766-europe-west1","object":"ssrtrucky4ab43/function-source.zip"}}},"serviceConfig":{"service":"projects/trucky-4ab43/locations/europe-west1/services/ssrtrucky4ab43","timeoutSeconds":60,"environmentVariables":{"TRUCKY_API_KEY":"AIzaSyBlwcJwGtOvk9NHLpnBfxoPeANEpibye-g","TRUCKY_AUTH_DOMAIN":"trucky-4ab43.firebaseapp.com","TRUCKY_PROJECT_ID":"trucky-4ab43","TRUCKY_STORAGE_BUCKET":"trucky-4ab43.appspot.com","TRUCKY_MESSAGING_SENDER_ID":"852668909766","TRUCKY_APP_ID":"1:852668909766:web:e0a316cd85505945426fc7","TRUCKY_MEASUREMENT_ID":"G-2PT7BKQCW9","TRUCKY_DATABASE_URL":"https://trucky-4ab43-default-rtdb.europe-west1.firebasedatabase.app","__FIREBASE_FRAMEWORKS_ENTRY__":"next.js","__FIREBASE_DEFAULTS__":"{\"config\":{\"projectId\":\"trucky-4ab43\",\"appId\":\"1:852668909766:web:e0a316cd85505945426fc7\",\"databaseURL\":\"https://trucky-4ab43-default-rtdb.europe-west1.firebasedatabase.app\",\"storageBucket\":\"trucky-4ab43.appspot.com\",\"locationId\":\"europe-west\",\"apiKey\":\"AIzaSyBlwcJwGtOvk9NHLpnBfxoPeANEpibye-g\",\"authDomain\":\"trucky-4ab43.firebaseapp.com\",\"messagingSenderId\":\"852668909766\",\"measurementId\":\"G-2PT7BKQCW9\"},\"_authTokenSyncURL\":\"/__session\"}","FIREBASE_CONFIG":"{\"projectId\":\"trucky-4ab43\",\"databaseURL\":\"https://trucky-4ab43-default-rtdb.europe-west1.firebasedatabase.app\",\"storageBucket\":\"trucky-4ab43.appspot.com\",\"locationId\":\"europe-west\"}","GCLOUD_PROJECT":"trucky-4ab43","EVENTARC_CLOUD_EVENT_SOURCE":"projects/trucky-4ab43/locations/europe-west1/services/ssrtrucky4ab43"},"maxInstanceCount":100,"ingressSettings":"ALLOW_ALL","serviceAccountEmail":"852668909766-compute@developer.gserviceaccount.com","availableMemory":"256Mi","maxInstanceRequestConcurrency":1},"labels":{"deployment-tool":"cli-firebase","firebase-functions-codebase":"firebase-frameworks-trucky-4ab43","firebase-functions-hash":"e8ef7013e972022e97221525c4a22556ed0ffd16"},"environment":"GEN_2"},"stages":[{"name":"BUILD","message":"Creating build","state":"IN_PROGRESS","resource":"projects/852668909766/locations/europe-west1/builds/018c36e4-0571-4764-87e9-5432f911f2f4","resourceUri":"https://console.cloud.google.com/cloud-build/builds;region=europe-west1/018c36e4-0571-4764-87e9-5432f911f2f4?project=852668909766"},{"name":"SERVICE","state":"NOT_STARTED"}]},"done":false}
[debug] [2023-03-13T20:30:49.876Z] [create-firebase-frameworks-trucky-4ab43-europe-west1-ssrtrucky4ab43] Retrying task index 0
[debug] [2023-03-13T20:30:49.877Z] >>> [apiv2][query] GET https://cloudfunctions.googleapis.com/v2/projects/trucky-4ab43/locations/europe-west1/operations/operation-1678739409765-5f6cdfa308509-02ea8b81-a825eea3 [none]
[debug] [2023-03-13T20:30:50.200Z] <<< [apiv2][status] GET https://cloudfunctions.googleapis.com/v2/projects/trucky-4ab43/locations/europe-west1/operations/operation-1678739409765-5f6cdfa308509-02ea8b81-a825eea3 200
[debug] [2023-03-13T20:30:50.201Z] <<< [apiv2][body] GET https://cloudfunctions.googleapis.com/v2/projects/trucky-4ab43/locations/europe-west1/operations/operation-1678739409765-5f6cdfa308509-02ea8b81-a825eea3 {"name":"projects/trucky-4ab43/locations/europe-west1/operations/operation-1678739409765-5f6cdfa308509-02ea8b81-a825eea3","metadata":{"@type":"type.googleapis.com/google.cloud.functions.v2.OperationMetadata","createTime":"2023-03-13T20:30:11.931962890Z","target":"projects/trucky-4ab43/locations/europe-west1/functions/ssrtrucky4ab43","verb":"create","cancelRequested":false,"apiVersion":"v2","requestResource":{"@type":"type.googleapis.com/google.cloud.functions.v2.Function","name":"projects/trucky-4ab43/locations/europe-west1/functions/ssrtrucky4ab43","buildConfig":{"runtime":"nodejs18","entryPoint":"ssrtrucky4ab43","source":{"storageSource":{"bucket":"gcf-v2-sources-852668909766-europe-west1","object":"ssrtrucky4ab43/function-source.zip"}}},"serviceConfig":{"service":"projects/trucky-4ab43/locations/europe-west1/services/ssrtrucky4ab43","timeoutSeconds":60,"environmentVariables":{"TRUCKY_API_KEY":"AIzaSyBlwcJwGtOvk9NHLpnBfxoPeANEpibye-g","TRUCKY_AUTH_DOMAIN":"trucky-4ab43.firebaseapp.com","TRUCKY_PROJECT_ID":"trucky-4ab43","TRUCKY_STORAGE_BUCKET":"trucky-4ab43.appspot.com","TRUCKY_MESSAGING_SENDER_ID":"852668909766","TRUCKY_APP_ID":"1:852668909766:web:e0a316cd85505945426fc7","TRUCKY_MEASUREMENT_ID":"G-2PT7BKQCW9","TRUCKY_DATABASE_URL":"https://trucky-4ab43-default-rtdb.europe-west1.firebasedatabase.app","__FIREBASE_FRAMEWORKS_ENTRY__":"next.js","__FIREBASE_DEFAULTS__":"{\"config\":{\"projectId\":\"trucky-4ab43\",\"appId\":\"1:852668909766:web:e0a316cd85505945426fc7\",\"databaseURL\":\"https://trucky-4ab43-default-rtdb.europe-west1.firebasedatabase.app\",\"storageBucket\":\"trucky-4ab43.appspot.com\",\"locationId\":\"europe-west\",\"apiKey\":\"AIzaSyBlwcJwGtOvk9NHLpnBfxoPeANEpibye-g\",\"authDomain\":\"trucky-4ab43.firebaseapp.com\",\"messagingSenderId\":\"852668909766\",\"measurementId\":\"G-2PT7BKQCW9\"},\"_authTokenSyncURL\":\"/__session\"}","FIREBASE_CONFIG":"{\"projectId\":\"trucky-4ab43\",\"databaseURL\":\"https://trucky-4ab43-default-rtdb.europe-west1.firebasedatabase.app\",\"storageBucket\":\"trucky-4ab43.appspot.com\",\"locationId\":\"europe-west\"}","GCLOUD_PROJECT":"trucky-4ab43","EVENTARC_CLOUD_EVENT_SOURCE":"projects/trucky-4ab43/locations/europe-west1/services/ssrtrucky4ab43"},"maxInstanceCount":100,"ingressSettings":"ALLOW_ALL","serviceAccountEmail":"852668909766-compute@developer.gserviceaccount.com","availableMemory":"256Mi","maxInstanceRequestConcurrency":1},"labels":{"deployment-tool":"cli-firebase","firebase-functions-codebase":"firebase-frameworks-trucky-4ab43","firebase-functions-hash":"e8ef7013e972022e97221525c4a22556ed0ffd16"},"environment":"GEN_2"},"stages":[{"name":"BUILD","message":"Creating build","state":"IN_PROGRESS","resource":"projects/852668909766/locations/europe-west1/builds/018c36e4-0571-4764-87e9-5432f911f2f4","resourceUri":"https://console.cloud.google.com/cloud-build/builds;region=europe-west1/018c36e4-0571-4764-87e9-5432f911f2f4?project=852668909766"},{"name":"SERVICE","state":"NOT_STARTED"}]},"done":false}
[debug] [2023-03-13T20:31:00.202Z] [create-firebase-frameworks-trucky-4ab43-europe-west1-ssrtrucky4ab43] Retrying task index 0
[debug] [2023-03-13T20:31:00.203Z] >>> [apiv2][query] GET https://cloudfunctions.googleapis.com/v2/projects/trucky-4ab43/locations/europe-west1/operations/operation-1678739409765-5f6cdfa308509-02ea8b81-a825eea3 [none]
[debug] [2023-03-13T20:31:01.848Z] <<< [apiv2][status] GET https://cloudfunctions.googleapis.com/v2/projects/trucky-4ab43/locations/europe-west1/operations/operation-1678739409765-5f6cdfa308509-02ea8b81-a825eea3 200
[debug] [2023-03-13T20:31:01.849Z] <<< [apiv2][body] GET https://cloudfunctions.googleapis.com/v2/projects/trucky-4ab43/locations/europe-west1/operations/operation-1678739409765-5f6cdfa308509-02ea8b81-a825eea3 {"name":"projects/trucky-4ab43/locations/europe-west1/operations/operation-1678739409765-5f6cdfa308509-02ea8b81-a825eea3","metadata":{"@type":"type.googleapis.com/google.cloud.functions.v2.OperationMetadata","createTime":"2023-03-13T20:30:11.931962890Z","target":"projects/trucky-4ab43/locations/europe-west1/functions/ssrtrucky4ab43","verb":"create","cancelRequested":false,"apiVersion":"v2","requestResource":{"@type":"type.googleapis.com/google.cloud.functions.v2.Function","name":"projects/trucky-4ab43/locations/europe-west1/functions/ssrtrucky4ab43","buildConfig":{"runtime":"nodejs18","entryPoint":"ssrtrucky4ab43","source":{"storageSource":{"bucket":"gcf-v2-sources-852668909766-europe-west1","object":"ssrtrucky4ab43/function-source.zip"}}},"serviceConfig":{"service":"projects/trucky-4ab43/locations/europe-west1/services/ssrtrucky4ab43","timeoutSeconds":60,"environmentVariables":{"TRUCKY_API_KEY":"AIzaSyBlwcJwGtOvk9NHLpnBfxoPeANEpibye-g","TRUCKY_AUTH_DOMAIN":"trucky-4ab43.firebaseapp.com","TRUCKY_PROJECT_ID":"trucky-4ab43","TRUCKY_STORAGE_BUCKET":"trucky-4ab43.appspot.com","TRUCKY_MESSAGING_SENDER_ID":"852668909766","TRUCKY_APP_ID":"1:852668909766:web:e0a316cd85505945426fc7","TRUCKY_MEASUREMENT_ID":"G-2PT7BKQCW9","TRUCKY_DATABASE_URL":"https://trucky-4ab43-default-rtdb.europe-west1.firebasedatabase.app","__FIREBASE_FRAMEWORKS_ENTRY__":"next.js","__FIREBASE_DEFAULTS__":"{\"config\":{\"projectId\":\"trucky-4ab43\",\"appId\":\"1:852668909766:web:e0a316cd85505945426fc7\",\"databaseURL\":\"https://trucky-4ab43-default-rtdb.europe-west1.firebasedatabase.app\",\"storageBucket\":\"trucky-4ab43.appspot.com\",\"locationId\":\"europe-west\",\"apiKey\":\"AIzaSyBlwcJwGtOvk9NHLpnBfxoPeANEpibye-g\",\"authDomain\":\"trucky-4ab43.firebaseapp.com\",\"messagingSenderId\":\"852668909766\",\"measurementId\":\"G-2PT7BKQCW9\"},\"_authTokenSyncURL\":\"/__session\"}","FIREBASE_CONFIG":"{\"projectId\":\"trucky-4ab43\",\"databaseURL\":\"https://trucky-4ab43-default-rtdb.europe-west1.firebasedatabase.app\",\"storageBucket\":\"trucky-4ab43.appspot.com\",\"locationId\":\"europe-west\"}","GCLOUD_PROJECT":"trucky-4ab43","EVENTARC_CLOUD_EVENT_SOURCE":"projects/trucky-4ab43/locations/europe-west1/services/ssrtrucky4ab43"},"maxInstanceCount":100,"ingressSettings":"ALLOW_ALL","serviceAccountEmail":"852668909766-compute@developer.gserviceaccount.com","availableMemory":"256Mi","maxInstanceRequestConcurrency":1},"labels":{"deployment-tool":"cli-firebase","firebase-functions-codebase":"firebase-frameworks-trucky-4ab43","firebase-functions-hash":"e8ef7013e972022e97221525c4a22556ed0ffd16"},"environment":"GEN_2"},"stages":[{"name":"BUILD","message":"Creating build","state":"IN_PROGRESS","resource":"projects/852668909766/locations/europe-west1/builds/018c36e4-0571-4764-87e9-5432f911f2f4","resourceUri":"https://console.cloud.google.com/cloud-build/builds;region=europe-west1/018c36e4-0571-4764-87e9-5432f911f2f4?project=852668909766"},{"name":"SERVICE","state":"NOT_STARTED"}]},"done":false}
[debug] [2023-03-13T20:31:11.850Z] [create-firebase-frameworks-trucky-4ab43-europe-west1-ssrtrucky4ab43] Retrying task index 0
[debug] [2023-03-13T20:31:11.850Z] >>> [apiv2][query] GET https://cloudfunctions.googleapis.com/v2/projects/trucky-4ab43/locations/europe-west1/operations/operation-1678739409765-5f6cdfa308509-02ea8b81-a825eea3 [none]
[debug] [2023-03-13T20:31:14.077Z] <<< [apiv2][status] GET https://cloudfunctions.googleapis.com/v2/projects/trucky-4ab43/locations/europe-west1/operations/operation-1678739409765-5f6cdfa308509-02ea8b81-a825eea3 200
[debug] [2023-03-13T20:31:14.077Z] <<< [apiv2][body] GET https://cloudfunctions.googleapis.com/v2/projects/trucky-4ab43/locations/europe-west1/operations/operation-1678739409765-5f6cdfa308509-02ea8b81-a825eea3 {"name":"projects/trucky-4ab43/locations/europe-west1/operations/operation-1678739409765-5f6cdfa308509-02ea8b81-a825eea3","metadata":{"@type":"type.googleapis.com/google.cloud.functions.v2.OperationMetadata","createTime":"2023-03-13T20:30:11.931962890Z","target":"projects/trucky-4ab43/locations/europe-west1/functions/ssrtrucky4ab43","verb":"create","cancelRequested":false,"apiVersion":"v2","requestResource":{"@type":"type.googleapis.com/google.cloud.functions.v2.Function","name":"projects/trucky-4ab43/locations/europe-west1/functions/ssrtrucky4ab43","buildConfig":{"runtime":"nodejs18","entryPoint":"ssrtrucky4ab43","source":{"storageSource":{"bucket":"gcf-v2-sources-852668909766-europe-west1","object":"ssrtrucky4ab43/function-source.zip"}}},"serviceConfig":{"service":"projects/trucky-4ab43/locations/europe-west1/services/ssrtrucky4ab43","timeoutSeconds":60,"environmentVariables":{"TRUCKY_API_KEY":"AIzaSyBlwcJwGtOvk9NHLpnBfxoPeANEpibye-g","TRUCKY_AUTH_DOMAIN":"trucky-4ab43.firebaseapp.com","TRUCKY_PROJECT_ID":"trucky-4ab43","TRUCKY_STORAGE_BUCKET":"trucky-4ab43.appspot.com","TRUCKY_MESSAGING_SENDER_ID":"852668909766","TRUCKY_APP_ID":"1:852668909766:web:e0a316cd85505945426fc7","TRUCKY_MEASUREMENT_ID":"G-2PT7BKQCW9","TRUCKY_DATABASE_URL":"https://trucky-4ab43-default-rtdb.europe-west1.firebasedatabase.app","__FIREBASE_FRAMEWORKS_ENTRY__":"next.js","__FIREBASE_DEFAULTS__":"{\"config\":{\"projectId\":\"trucky-4ab43\",\"appId\":\"1:852668909766:web:e0a316cd85505945426fc7\",\"databaseURL\":\"https://trucky-4ab43-default-rtdb.europe-west1.firebasedatabase.app\",\"storageBucket\":\"trucky-4ab43.appspot.com\",\"locationId\":\"europe-west\",\"apiKey\":\"AIzaSyBlwcJwGtOvk9NHLpnBfxoPeANEpibye-g\",\"authDomain\":\"trucky-4ab43.firebaseapp.com\",\"messagingSenderId\":\"852668909766\",\"measurementId\":\"G-2PT7BKQCW9\"},\"_authTokenSyncURL\":\"/__session\"}","FIREBASE_CONFIG":"{\"projectId\":\"trucky-4ab43\",\"databaseURL\":\"https://trucky-4ab43-default-rtdb.europe-west1.firebasedatabase.app\",\"storageBucket\":\"trucky-4ab43.appspot.com\",\"locationId\":\"europe-west\"}","GCLOUD_PROJECT":"trucky-4ab43","EVENTARC_CLOUD_EVENT_SOURCE":"projects/trucky-4ab43/locations/europe-west1/services/ssrtrucky4ab43"},"maxInstanceCount":100,"ingressSettings":"ALLOW_ALL","serviceAccountEmail":"852668909766-compute@developer.gserviceaccount.com","availableMemory":"256Mi","maxInstanceRequestConcurrency":1},"labels":{"deployment-tool":"cli-firebase","firebase-functions-codebase":"firebase-frameworks-trucky-4ab43","firebase-functions-hash":"e8ef7013e972022e97221525c4a22556ed0ffd16"},"environment":"GEN_2"},"stages":[{"name":"BUILD","message":"Creating build","state":"IN_PROGRESS","resource":"projects/852668909766/locations/europe-west1/builds/018c36e4-0571-4764-87e9-5432f911f2f4","resourceUri":"https://console.cloud.google.com/cloud-build/builds;region=europe-west1/018c36e4-0571-4764-87e9-5432f911f2f4?project=852668909766"},{"name":"SERVICE","state":"NOT_STARTED"}]},"done":false}
[debug] [2023-03-13T20:31:24.078Z] [create-firebase-frameworks-trucky-4ab43-europe-west1-ssrtrucky4ab43] Retrying task index 0
[debug] [2023-03-13T20:31:24.079Z] >>> [apiv2][query] GET https://cloudfunctions.googleapis.com/v2/projects/trucky-4ab43/locations/europe-west1/operations/operation-1678739409765-5f6cdfa308509-02ea8b81-a825eea3 [none]
[debug] [2023-03-13T20:31:24.420Z] <<< [apiv2][status] GET https://cloudfunctions.googleapis.com/v2/projects/trucky-4ab43/locations/europe-west1/operations/operation-1678739409765-5f6cdfa308509-02ea8b81-a825eea3 200
[debug] [2023-03-13T20:31:24.420Z] <<< [apiv2][body] GET https://cloudfunctions.googleapis.com/v2/projects/trucky-4ab43/locations/europe-west1/operations/operation-1678739409765-5f6cdfa308509-02ea8b81-a825eea3 {"name":"projects/trucky-4ab43/locations/europe-west1/operations/operation-1678739409765-5f6cdfa308509-02ea8b81-a825eea3","metadata":{"@type":"type.googleapis.com/google.cloud.functions.v2.OperationMetadata","createTime":"2023-03-13T20:30:11.931962890Z","target":"projects/trucky-4ab43/locations/europe-west1/functions/ssrtrucky4ab43","verb":"create","cancelRequested":false,"apiVersion":"v2","requestResource":{"@type":"type.googleapis.com/google.cloud.functions.v2.Function","name":"projects/trucky-4ab43/locations/europe-west1/functions/ssrtrucky4ab43","buildConfig":{"runtime":"nodejs18","entryPoint":"ssrtrucky4ab43","source":{"storageSource":{"bucket":"gcf-v2-sources-852668909766-europe-west1","object":"ssrtrucky4ab43/function-source.zip"}}},"serviceConfig":{"service":"projects/trucky-4ab43/locations/europe-west1/services/ssrtrucky4ab43","timeoutSeconds":60,"environmentVariables":{"TRUCKY_API_KEY":"AIzaSyBlwcJwGtOvk9NHLpnBfxoPeANEpibye-g","TRUCKY_AUTH_DOMAIN":"trucky-4ab43.firebaseapp.com","TRUCKY_PROJECT_ID":"trucky-4ab43","TRUCKY_STORAGE_BUCKET":"trucky-4ab43.appspot.com","TRUCKY_MESSAGING_SENDER_ID":"852668909766","TRUCKY_APP_ID":"1:852668909766:web:e0a316cd85505945426fc7","TRUCKY_MEASUREMENT_ID":"G-2PT7BKQCW9","TRUCKY_DATABASE_URL":"https://trucky-4ab43-default-rtdb.europe-west1.firebasedatabase.app","__FIREBASE_FRAMEWORKS_ENTRY__":"next.js","__FIREBASE_DEFAULTS__":"{\"config\":{\"projectId\":\"trucky-4ab43\",\"appId\":\"1:852668909766:web:e0a316cd85505945426fc7\",\"databaseURL\":\"https://trucky-4ab43-default-rtdb.europe-west1.firebasedatabase.app\",\"storageBucket\":\"trucky-4ab43.appspot.com\",\"locationId\":\"europe-west\",\"apiKey\":\"AIzaSyBlwcJwGtOvk9NHLpnBfxoPeANEpibye-g\",\"authDomain\":\"trucky-4ab43.firebaseapp.com\",\"messagingSenderId\":\"852668909766\",\"measurementId\":\"G-2PT7BKQCW9\"},\"_authTokenSyncURL\":\"/__session\"}","FIREBASE_CONFIG":"{\"projectId\":\"trucky-4ab43\",\"databaseURL\":\"https://trucky-4ab43-default-rtdb.europe-west1.firebasedatabase.app\",\"storageBucket\":\"trucky-4ab43.appspot.com\",\"locationId\":\"europe-west\"}","GCLOUD_PROJECT":"trucky-4ab43","EVENTARC_CLOUD_EVENT_SOURCE":"projects/trucky-4ab43/locations/europe-west1/services/ssrtrucky4ab43"},"maxInstanceCount":100,"ingressSettings":"ALLOW_ALL","serviceAccountEmail":"852668909766-compute@developer.gserviceaccount.com","availableMemory":"256Mi","maxInstanceRequestConcurrency":1},"labels":{"deployment-tool":"cli-firebase","firebase-functions-codebase":"firebase-frameworks-trucky-4ab43","firebase-functions-hash":"e8ef7013e972022e97221525c4a22556ed0ffd16"},"environment":"GEN_2"},"stages":[{"name":"BUILD","message":"Creating build","state":"IN_PROGRESS","resource":"projects/852668909766/locations/europe-west1/builds/018c36e4-0571-4764-87e9-5432f911f2f4","resourceUri":"https://console.cloud.google.com/cloud-build/builds;region=europe-west1/018c36e4-0571-4764-87e9-5432f911f2f4?project=852668909766"},{"name":"SERVICE","state":"NOT_STARTED"}]},"done":false}
[debug] [2023-03-13T20:31:34.422Z] [create-firebase-frameworks-trucky-4ab43-europe-west1-ssrtrucky4ab43] Retrying task index 0
[debug] [2023-03-13T20:31:34.422Z] >>> [apiv2][query] GET https://cloudfunctions.googleapis.com/v2/projects/trucky-4ab43/locations/europe-west1/operations/operation-1678739409765-5f6cdfa308509-02ea8b81-a825eea3 [none]
[debug] [2023-03-13T20:31:34.704Z] <<< [apiv2][status] GET https://cloudfunctions.googleapis.com/v2/projects/trucky-4ab43/locations/europe-west1/operations/operation-1678739409765-5f6cdfa308509-02ea8b81-a825eea3 200
[debug] [2023-03-13T20:31:34.704Z] <<< [apiv2][body] GET https://cloudfunctions.googleapis.com/v2/projects/trucky-4ab43/locations/europe-west1/operations/operation-1678739409765-5f6cdfa308509-02ea8b81-a825eea3 {"name":"projects/trucky-4ab43/locations/europe-west1/operations/operation-1678739409765-5f6cdfa308509-02ea8b81-a825eea3","metadata":{"@type":"type.googleapis.com/google.cloud.functions.v2.OperationMetadata","createTime":"2023-03-13T20:30:11.931962890Z","target":"projects/trucky-4ab43/locations/europe-west1/functions/ssrtrucky4ab43","verb":"create","cancelRequested":false,"apiVersion":"v2","requestResource":{"@type":"type.googleapis.com/google.cloud.functions.v2.Function","name":"projects/trucky-4ab43/locations/europe-west1/functions/ssrtrucky4ab43","buildConfig":{"runtime":"nodejs18","entryPoint":"ssrtrucky4ab43","source":{"storageSource":{"bucket":"gcf-v2-sources-852668909766-europe-west1","object":"ssrtrucky4ab43/function-source.zip"}}},"serviceConfig":{"service":"projects/trucky-4ab43/locations/europe-west1/services/ssrtrucky4ab43","timeoutSeconds":60,"environmentVariables":{"TRUCKY_API_KEY":"AIzaSyBlwcJwGtOvk9NHLpnBfxoPeANEpibye-g","TRUCKY_AUTH_DOMAIN":"trucky-4ab43.firebaseapp.com","TRUCKY_PROJECT_ID":"trucky-4ab43","TRUCKY_STORAGE_BUCKET":"trucky-4ab43.appspot.com","TRUCKY_MESSAGING_SENDER_ID":"852668909766","TRUCKY_APP_ID":"1:852668909766:web:e0a316cd85505945426fc7","TRUCKY_MEASUREMENT_ID":"G-2PT7BKQCW9","TRUCKY_DATABASE_URL":"https://trucky-4ab43-default-rtdb.europe-west1.firebasedatabase.app","__FIREBASE_FRAMEWORKS_ENTRY__":"next.js","__FIREBASE_DEFAULTS__":"{\"config\":{\"projectId\":\"trucky-4ab43\",\"appId\":\"1:852668909766:web:e0a316cd85505945426fc7\",\"databaseURL\":\"https://trucky-4ab43-default-rtdb.europe-west1.firebasedatabase.app\",\"storageBucket\":\"trucky-4ab43.appspot.com\",\"locationId\":\"europe-west\",\"apiKey\":\"AIzaSyBlwcJwGtOvk9NHLpnBfxoPeANEpibye-g\",\"authDomain\":\"trucky-4ab43.firebaseapp.com\",\"messagingSenderId\":\"852668909766\",\"measurementId\":\"G-2PT7BKQCW9\"},\"_authTokenSyncURL\":\"/__session\"}","FIREBASE_CONFIG":"{\"projectId\":\"trucky-4ab43\",\"databaseURL\":\"https://trucky-4ab43-default-rtdb.europe-west1.firebasedatabase.app\",\"storageBucket\":\"trucky-4ab43.appspot.com\",\"locationId\":\"europe-west\"}","GCLOUD_PROJECT":"trucky-4ab43","EVENTARC_CLOUD_EVENT_SOURCE":"projects/trucky-4ab43/locations/europe-west1/services/ssrtrucky4ab43"},"maxInstanceCount":100,"ingressSettings":"ALLOW_ALL","serviceAccountEmail":"852668909766-compute@developer.gserviceaccount.com","availableMemory":"256Mi","maxInstanceRequestConcurrency":1},"labels":{"deployment-tool":"cli-firebase","firebase-functions-codebase":"firebase-frameworks-trucky-4ab43","firebase-functions-hash":"e8ef7013e972022e97221525c4a22556ed0ffd16"},"environment":"GEN_2"},"stages":[{"name":"BUILD","message":"Creating build","state":"IN_PROGRESS","resource":"projects/852668909766/locations/europe-west1/builds/018c36e4-0571-4764-87e9-5432f911f2f4","resourceUri":"https://console.cloud.google.com/cloud-build/builds;region=europe-west1/018c36e4-0571-4764-87e9-5432f911f2f4?project=852668909766"},{"name":"SERVICE","state":"NOT_STARTED"}]},"done":false}
[debug] [2023-03-13T20:31:44.705Z] [create-firebase-frameworks-trucky-4ab43-europe-west1-ssrtrucky4ab43] Retrying task index 0
[debug] [2023-03-13T20:31:44.705Z] >>> [apiv2][query] GET https://cloudfunctions.googleapis.com/v2/projects/trucky-4ab43/locations/europe-west1/operations/operation-1678739409765-5f6cdfa308509-02ea8b81-a825eea3 [none]
[debug] [2023-03-13T20:31:45.036Z] <<< [apiv2][status] GET https://cloudfunctions.googleapis.com/v2/projects/trucky-4ab43/locations/europe-west1/operations/operation-1678739409765-5f6cdfa308509-02ea8b81-a825eea3 200
[debug] [2023-03-13T20:31:45.036Z] <<< [apiv2][body] GET https://cloudfunctions.googleapis.com/v2/projects/trucky-4ab43/locations/europe-west1/operations/operation-1678739409765-5f6cdfa308509-02ea8b81-a825eea3 {"name":"projects/trucky-4ab43/locations/europe-west1/operations/operation-1678739409765-5f6cdfa308509-02ea8b81-a825eea3","metadata":{"@type":"type.googleapis.com/google.cloud.functions.v2.OperationMetadata","createTime":"2023-03-13T20:30:11.931962890Z","target":"projects/trucky-4ab43/locations/europe-west1/functions/ssrtrucky4ab43","verb":"create","cancelRequested":false,"apiVersion":"v2","requestResource":{"@type":"type.googleapis.com/google.cloud.functions.v2.Function","name":"projects/trucky-4ab43/locations/europe-west1/functions/ssrtrucky4ab43","buildConfig":{"runtime":"nodejs18","entryPoint":"ssrtrucky4ab43","source":{"storageSource":{"bucket":"gcf-v2-sources-852668909766-europe-west1","object":"ssrtrucky4ab43/function-source.zip"}}},"serviceConfig":{"service":"projects/trucky-4ab43/locations/europe-west1/services/ssrtrucky4ab43","timeoutSeconds":60,"environmentVariables":{"TRUCKY_API_KEY":"AIzaSyBlwcJwGtOvk9NHLpnBfxoPeANEpibye-g","TRUCKY_AUTH_DOMAIN":"trucky-4ab43.firebaseapp.com","TRUCKY_PROJECT_ID":"trucky-4ab43","TRUCKY_STORAGE_BUCKET":"trucky-4ab43.appspot.com","TRUCKY_MESSAGING_SENDER_ID":"852668909766","TRUCKY_APP_ID":"1:852668909766:web:e0a316cd85505945426fc7","TRUCKY_MEASUREMENT_ID":"G-2PT7BKQCW9","TRUCKY_DATABASE_URL":"https://trucky-4ab43-default-rtdb.europe-west1.firebasedatabase.app","__FIREBASE_FRAMEWORKS_ENTRY__":"next.js","__FIREBASE_DEFAULTS__":"{\"config\":{\"projectId\":\"trucky-4ab43\",\"appId\":\"1:852668909766:web:e0a316cd85505945426fc7\",\"databaseURL\":\"https://trucky-4ab43-default-rtdb.europe-west1.firebasedatabase.app\",\"storageBucket\":\"trucky-4ab43.appspot.com\",\"locationId\":\"europe-west\",\"apiKey\":\"AIzaSyBlwcJwGtOvk9NHLpnBfxoPeANEpibye-g\",\"authDomain\":\"trucky-4ab43.firebaseapp.com\",\"messagingSenderId\":\"852668909766\",\"measurementId\":\"G-2PT7BKQCW9\"},\"_authTokenSyncURL\":\"/__session\"}","FIREBASE_CONFIG":"{\"projectId\":\"trucky-4ab43\",\"databaseURL\":\"https://trucky-4ab43-default-rtdb.europe-west1.firebasedatabase.app\",\"storageBucket\":\"trucky-4ab43.appspot.com\",\"locationId\":\"europe-west\"}","GCLOUD_PROJECT":"trucky-4ab43","EVENTARC_CLOUD_EVENT_SOURCE":"projects/trucky-4ab43/locations/europe-west1/services/ssrtrucky4ab43"},"maxInstanceCount":100,"ingressSettings":"ALLOW_ALL","serviceAccountEmail":"852668909766-compute@developer.gserviceaccount.com","availableMemory":"256Mi","maxInstanceRequestConcurrency":1},"labels":{"deployment-tool":"cli-firebase","firebase-functions-codebase":"firebase-frameworks-trucky-4ab43","firebase-functions-hash":"e8ef7013e972022e97221525c4a22556ed0ffd16"},"environment":"GEN_2"},"stages":[{"name":"BUILD","message":"Creating build","state":"IN_PROGRESS","resource":"projects/852668909766/locations/europe-west1/builds/018c36e4-0571-4764-87e9-5432f911f2f4","resourceUri":"https://console.cloud.google.com/cloud-build/builds;region=europe-west1/018c36e4-0571-4764-87e9-5432f911f2f4?project=852668909766"},{"name":"SERVICE","state":"NOT_STARTED"}]},"done":false}
[debug] [2023-03-13T20:31:55.037Z] [create-firebase-frameworks-trucky-4ab43-europe-west1-ssrtrucky4ab43] Retrying task index 0
[debug] [2023-03-13T20:31:55.038Z] >>> [apiv2][query] GET https://cloudfunctions.googleapis.com/v2/projects/trucky-4ab43/locations/europe-west1/operations/operation-1678739409765-5f6cdfa308509-02ea8b81-a825eea3 [none]
[debug] [2023-03-13T20:31:55.367Z] <<< [apiv2][status] GET https://cloudfunctions.googleapis.com/v2/projects/trucky-4ab43/locations/europe-west1/operations/operation-1678739409765-5f6cdfa308509-02ea8b81-a825eea3 200
[debug] [2023-03-13T20:31:55.367Z] <<< [apiv2][body] GET https://cloudfunctions.googleapis.com/v2/projects/trucky-4ab43/locations/europe-west1/operations/operation-1678739409765-5f6cdfa308509-02ea8b81-a825eea3 {"name":"projects/trucky-4ab43/locations/europe-west1/operations/operation-1678739409765-5f6cdfa308509-02ea8b81-a825eea3","metadata":{"@type":"type.googleapis.com/google.cloud.functions.v2.OperationMetadata","createTime":"2023-03-13T20:30:11.931962890Z","target":"projects/trucky-4ab43/locations/europe-west1/functions/ssrtrucky4ab43","verb":"create","cancelRequested":false,"apiVersion":"v2","requestResource":{"@type":"type.googleapis.com/google.cloud.functions.v2.Function","name":"projects/trucky-4ab43/locations/europe-west1/functions/ssrtrucky4ab43","buildConfig":{"runtime":"nodejs18","entryPoint":"ssrtrucky4ab43","source":{"storageSource":{"bucket":"gcf-v2-sources-852668909766-europe-west1","object":"ssrtrucky4ab43/function-source.zip"}}},"serviceConfig":{"service":"projects/trucky-4ab43/locations/europe-west1/services/ssrtrucky4ab43","timeoutSeconds":60,"environmentVariables":{"TRUCKY_API_KEY":"AIzaSyBlwcJwGtOvk9NHLpnBfxoPeANEpibye-g","TRUCKY_AUTH_DOMAIN":"trucky-4ab43.firebaseapp.com","TRUCKY_PROJECT_ID":"trucky-4ab43","TRUCKY_STORAGE_BUCKET":"trucky-4ab43.appspot.com","TRUCKY_MESSAGING_SENDER_ID":"852668909766","TRUCKY_APP_ID":"1:852668909766:web:e0a316cd85505945426fc7","TRUCKY_MEASUREMENT_ID":"G-2PT7BKQCW9","TRUCKY_DATABASE_URL":"https://trucky-4ab43-default-rtdb.europe-west1.firebasedatabase.app","__FIREBASE_FRAMEWORKS_ENTRY__":"next.js","__FIREBASE_DEFAULTS__":"{\"config\":{\"projectId\":\"trucky-4ab43\",\"appId\":\"1:852668909766:web:e0a316cd85505945426fc7\",\"databaseURL\":\"https://trucky-4ab43-default-rtdb.europe-west1.firebasedatabase.app\",\"storageBucket\":\"trucky-4ab43.appspot.com\",\"locationId\":\"europe-west\",\"apiKey\":\"AIzaSyBlwcJwGtOvk9NHLpnBfxoPeANEpibye-g\",\"authDomain\":\"trucky-4ab43.firebaseapp.com\",\"messagingSenderId\":\"852668909766\",\"measurementId\":\"G-2PT7BKQCW9\"},\"_authTokenSyncURL\":\"/__session\"}","FIREBASE_CONFIG":"{\"projectId\":\"trucky-4ab43\",\"databaseURL\":\"https://trucky-4ab43-default-rtdb.europe-west1.firebasedatabase.app\",\"storageBucket\":\"trucky-4ab43.appspot.com\",\"locationId\":\"europe-west\"}","GCLOUD_PROJECT":"trucky-4ab43","EVENTARC_CLOUD_EVENT_SOURCE":"projects/trucky-4ab43/locations/europe-west1/services/ssrtrucky4ab43"},"maxInstanceCount":100,"ingressSettings":"ALLOW_ALL","serviceAccountEmail":"852668909766-compute@developer.gserviceaccount.com","availableMemory":"256Mi","maxInstanceRequestConcurrency":1},"labels":{"deployment-tool":"cli-firebase","firebase-functions-codebase":"firebase-frameworks-trucky-4ab43","firebase-functions-hash":"e8ef7013e972022e97221525c4a22556ed0ffd16"},"environment":"GEN_2"},"stages":[{"name":"BUILD","message":"Creating build","state":"IN_PROGRESS","resource":"projects/852668909766/locations/europe-west1/builds/018c36e4-0571-4764-87e9-5432f911f2f4","resourceUri":"https://console.cloud.google.com/cloud-build/builds;region=europe-west1/018c36e4-0571-4764-87e9-5432f911f2f4?project=852668909766"},{"name":"SERVICE","state":"NOT_STARTED"}]},"done":false}
[debug] [2023-03-13T20:32:05.369Z] [create-firebase-frameworks-trucky-4ab43-europe-west1-ssrtrucky4ab43] Retrying task index 0
[debug] [2023-03-13T20:32:05.369Z] >>> [apiv2][query] GET https://cloudfunctions.googleapis.com/v2/projects/trucky-4ab43/locations/europe-west1/operations/operation-1678739409765-5f6cdfa308509-02ea8b81-a825eea3 [none]
[debug] [2023-03-13T20:32:05.752Z] <<< [apiv2][status] GET https://cloudfunctions.googleapis.com/v2/projects/trucky-4ab43/locations/europe-west1/operations/operation-1678739409765-5f6cdfa308509-02ea8b81-a825eea3 200
[debug] [2023-03-13T20:32:05.752Z] <<< [apiv2][body] GET https://cloudfunctions.googleapis.com/v2/projects/trucky-4ab43/locations/europe-west1/operations/operation-1678739409765-5f6cdfa308509-02ea8b81-a825eea3 {"name":"projects/trucky-4ab43/locations/europe-west1/operations/operation-1678739409765-5f6cdfa308509-02ea8b81-a825eea3","metadata":{"@type":"type.googleapis.com/google.cloud.functions.v2.OperationMetadata","createTime":"2023-03-13T20:30:11.931962890Z","target":"projects/trucky-4ab43/locations/europe-west1/functions/ssrtrucky4ab43","verb":"create","cancelRequested":false,"apiVersion":"v2","requestResource":{"@type":"type.googleapis.com/google.cloud.functions.v2.Function","name":"projects/trucky-4ab43/locations/europe-west1/functions/ssrtrucky4ab43","buildConfig":{"runtime":"nodejs18","entryPoint":"ssrtrucky4ab43","source":{"storageSource":{"bucket":"gcf-v2-sources-852668909766-europe-west1","object":"ssrtrucky4ab43/function-source.zip"}}},"serviceConfig":{"service":"projects/trucky-4ab43/locations/europe-west1/services/ssrtrucky4ab43","timeoutSeconds":60,"environmentVariables":{"TRUCKY_API_KEY":"AIzaSyBlwcJwGtOvk9NHLpnBfxoPeANEpibye-g","TRUCKY_AUTH_DOMAIN":"trucky-4ab43.firebaseapp.com","TRUCKY_PROJECT_ID":"trucky-4ab43","TRUCKY_STORAGE_BUCKET":"trucky-4ab43.appspot.com","TRUCKY_MESSAGING_SENDER_ID":"852668909766","TRUCKY_APP_ID":"1:852668909766:web:e0a316cd85505945426fc7","TRUCKY_MEASUREMENT_ID":"G-2PT7BKQCW9","TRUCKY_DATABASE_URL":"https://trucky-4ab43-default-rtdb.europe-west1.firebasedatabase.app","__FIREBASE_FRAMEWORKS_ENTRY__":"next.js","__FIREBASE_DEFAULTS__":"{\"config\":{\"projectId\":\"trucky-4ab43\",\"appId\":\"1:852668909766:web:e0a316cd85505945426fc7\",\"databaseURL\":\"https://trucky-4ab43-default-rtdb.europe-west1.firebasedatabase.app\",\"storageBucket\":\"trucky-4ab43.appspot.com\",\"locationId\":\"europe-west\",\"apiKey\":\"AIzaSyBlwcJwGtOvk9NHLpnBfxoPeANEpibye-g\",\"authDomain\":\"trucky-4ab43.firebaseapp.com\",\"messagingSenderId\":\"852668909766\",\"measurementId\":\"G-2PT7BKQCW9\"},\"_authTokenSyncURL\":\"/__session\"}","FIREBASE_CONFIG":"{\"projectId\":\"trucky-4ab43\",\"databaseURL\":\"https://trucky-4ab43-default-rtdb.europe-west1.firebasedatabase.app\",\"storageBucket\":\"trucky-4ab43.appspot.com\",\"locationId\":\"europe-west\"}","GCLOUD_PROJECT":"trucky-4ab43","EVENTARC_CLOUD_EVENT_SOURCE":"projects/trucky-4ab43/locations/europe-west1/services/ssrtrucky4ab43"},"maxInstanceCount":100,"ingressSettings":"ALLOW_ALL","serviceAccountEmail":"852668909766-compute@developer.gserviceaccount.com","availableMemory":"256Mi","maxInstanceRequestConcurrency":1},"labels":{"deployment-tool":"cli-firebase","firebase-functions-codebase":"firebase-frameworks-trucky-4ab43","firebase-functions-hash":"e8ef7013e972022e97221525c4a22556ed0ffd16"},"environment":"GEN_2"},"stages":[{"name":"BUILD","message":"Creating build","state":"IN_PROGRESS","resource":"projects/852668909766/locations/europe-west1/builds/018c36e4-0571-4764-87e9-5432f911f2f4","resourceUri":"https://console.cloud.google.com/cloud-build/builds;region=europe-west1/018c36e4-0571-4764-87e9-5432f911f2f4?project=852668909766"},{"name":"SERVICE","state":"NOT_STARTED"}]},"done":false}
[debug] [2023-03-13T20:32:15.754Z] [create-firebase-frameworks-trucky-4ab43-europe-west1-ssrtrucky4ab43] Retrying task index 0
[debug] [2023-03-13T20:32:15.754Z] >>> [apiv2][query] GET https://cloudfunctions.googleapis.com/v2/projects/trucky-4ab43/locations/europe-west1/operations/operation-1678739409765-5f6cdfa308509-02ea8b81-a825eea3 [none]
[debug] [2023-03-13T20:32:16.234Z] <<< [apiv2][status] GET https://cloudfunctions.googleapis.com/v2/projects/trucky-4ab43/locations/europe-west1/operations/operation-1678739409765-5f6cdfa308509-02ea8b81-a825eea3 200
[debug] [2023-03-13T20:32:16.234Z] <<< [apiv2][body] GET https://cloudfunctions.googleapis.com/v2/projects/trucky-4ab43/locations/europe-west1/operations/operation-1678739409765-5f6cdfa308509-02ea8b81-a825eea3 {"name":"projects/trucky-4ab43/locations/europe-west1/operations/operation-1678739409765-5f6cdfa308509-02ea8b81-a825eea3","metadata":{"@type":"type.googleapis.com/google.cloud.functions.v2.OperationMetadata","createTime":"2023-03-13T20:30:11.931962890Z","target":"projects/trucky-4ab43/locations/europe-west1/functions/ssrtrucky4ab43","verb":"create","cancelRequested":false,"apiVersion":"v2","requestResource":{"@type":"type.googleapis.com/google.cloud.functions.v2.Function","name":"projects/trucky-4ab43/locations/europe-west1/functions/ssrtrucky4ab43","buildConfig":{"runtime":"nodejs18","entryPoint":"ssrtrucky4ab43","source":{"storageSource":{"bucket":"gcf-v2-sources-852668909766-europe-west1","object":"ssrtrucky4ab43/function-source.zip"}}},"serviceConfig":{"service":"projects/trucky-4ab43/locations/europe-west1/services/ssrtrucky4ab43","timeoutSeconds":60,"environmentVariables":{"TRUCKY_API_KEY":"AIzaSyBlwcJwGtOvk9NHLpnBfxoPeANEpibye-g","TRUCKY_AUTH_DOMAIN":"trucky-4ab43.firebaseapp.com","TRUCKY_PROJECT_ID":"trucky-4ab43","TRUCKY_STORAGE_BUCKET":"trucky-4ab43.appspot.com","TRUCKY_MESSAGING_SENDER_ID":"852668909766","TRUCKY_APP_ID":"1:852668909766:web:e0a316cd85505945426fc7","TRUCKY_MEASUREMENT_ID":"G-2PT7BKQCW9","TRUCKY_DATABASE_URL":"https://trucky-4ab43-default-rtdb.europe-west1.firebasedatabase.app","__FIREBASE_FRAMEWORKS_ENTRY__":"next.js","__FIREBASE_DEFAULTS__":"{\"config\":{\"projectId\":\"trucky-4ab43\",\"appId\":\"1:852668909766:web:e0a316cd85505945426fc7\",\"databaseURL\":\"https://trucky-4ab43-default-rtdb.europe-west1.firebasedatabase.app\",\"storageBucket\":\"trucky-4ab43.appspot.com\",\"locationId\":\"europe-west\",\"apiKey\":\"AIzaSyBlwcJwGtOvk9NHLpnBfxoPeANEpibye-g\",\"authDomain\":\"trucky-4ab43.firebaseapp.com\",\"messagingSenderId\":\"852668909766\",\"measurementId\":\"G-2PT7BKQCW9\"},\"_authTokenSyncURL\":\"/__session\"}","FIREBASE_CONFIG":"{\"projectId\":\"trucky-4ab43\",\"databaseURL\":\"https://trucky-4ab43-default-rtdb.europe-west1.firebasedatabase.app\",\"storageBucket\":\"trucky-4ab43.appspot.com\",\"locationId\":\"europe-west\"}","GCLOUD_PROJECT":"trucky-4ab43","EVENTARC_CLOUD_EVENT_SOURCE":"projects/trucky-4ab43/locations/europe-west1/services/ssrtrucky4ab43"},"maxInstanceCount":100,"ingressSettings":"ALLOW_ALL","serviceAccountEmail":"852668909766-compute@developer.gserviceaccount.com","availableMemory":"256Mi","maxInstanceRequestConcurrency":1},"labels":{"deployment-tool":"cli-firebase","firebase-functions-codebase":"firebase-frameworks-trucky-4ab43","firebase-functions-hash":"e8ef7013e972022e97221525c4a22556ed0ffd16"},"environment":"GEN_2"},"stages":[{"name":"BUILD","message":"Creating build","state":"IN_PROGRESS","resource":"projects/852668909766/locations/europe-west1/builds/018c36e4-0571-4764-87e9-5432f911f2f4","resourceUri":"https://console.cloud.google.com/cloud-build/builds;region=europe-west1/018c36e4-0571-4764-87e9-5432f911f2f4?project=852668909766"},{"name":"SERVICE","state":"NOT_STARTED"}]},"done":false}
[debug] [2023-03-13T20:32:26.234Z] [create-firebase-frameworks-trucky-4ab43-europe-west1-ssrtrucky4ab43] Retrying task index 0
[debug] [2023-03-13T20:32:26.235Z] >>> [apiv2][query] GET https://cloudfunctions.googleapis.com/v2/projects/trucky-4ab43/locations/europe-west1/operations/operation-1678739409765-5f6cdfa308509-02ea8b81-a825eea3 [none]
[debug] [2023-03-13T20:32:26.581Z] <<< [apiv2][status] GET https://cloudfunctions.googleapis.com/v2/projects/trucky-4ab43/locations/europe-west1/operations/operation-1678739409765-5f6cdfa308509-02ea8b81-a825eea3 200
[debug] [2023-03-13T20:32:26.582Z] <<< [apiv2][body] GET https://cloudfunctions.googleapis.com/v2/projects/trucky-4ab43/locations/europe-west1/operations/operation-1678739409765-5f6cdfa308509-02ea8b81-a825eea3 {"name":"projects/trucky-4ab43/locations/europe-west1/operations/operation-1678739409765-5f6cdfa308509-02ea8b81-a825eea3","metadata":{"@type":"type.googleapis.com/google.cloud.functions.v2.OperationMetadata","createTime":"2023-03-13T20:30:11.931962890Z","target":"projects/trucky-4ab43/locations/europe-west1/functions/ssrtrucky4ab43","verb":"create","cancelRequested":false,"apiVersion":"v2","requestResource":{"@type":"type.googleapis.com/google.cloud.functions.v2.Function","name":"projects/trucky-4ab43/locations/europe-west1/functions/ssrtrucky4ab43","buildConfig":{"runtime":"nodejs18","entryPoint":"ssrtrucky4ab43","source":{"storageSource":{"bucket":"gcf-v2-sources-852668909766-europe-west1","object":"ssrtrucky4ab43/function-source.zip"}}},"serviceConfig":{"service":"projects/trucky-4ab43/locations/europe-west1/services/ssrtrucky4ab43","timeoutSeconds":60,"environmentVariables":{"TRUCKY_API_KEY":"AIzaSyBlwcJwGtOvk9NHLpnBfxoPeANEpibye-g","TRUCKY_AUTH_DOMAIN":"trucky-4ab43.firebaseapp.com","TRUCKY_PROJECT_ID":"trucky-4ab43","TRUCKY_STORAGE_BUCKET":"trucky-4ab43.appspot.com","TRUCKY_MESSAGING_SENDER_ID":"852668909766","TRUCKY_APP_ID":"1:852668909766:web:e0a316cd85505945426fc7","TRUCKY_MEASUREMENT_ID":"G-2PT7BKQCW9","TRUCKY_DATABASE_URL":"https://trucky-4ab43-default-rtdb.europe-west1.firebasedatabase.app","__FIREBASE_FRAMEWORKS_ENTRY__":"next.js","__FIREBASE_DEFAULTS__":"{\"config\":{\"projectId\":\"trucky-4ab43\",\"appId\":\"1:852668909766:web:e0a316cd85505945426fc7\",\"databaseURL\":\"https://trucky-4ab43-default-rtdb.europe-west1.firebasedatabase.app\",\"storageBucket\":\"trucky-4ab43.appspot.com\",\"locationId\":\"europe-west\",\"apiKey\":\"AIzaSyBlwcJwGtOvk9NHLpnBfxoPeANEpibye-g\",\"authDomain\":\"trucky-4ab43.firebaseapp.com\",\"messagingSenderId\":\"852668909766\",\"measurementId\":\"G-2PT7BKQCW9\"},\"_authTokenSyncURL\":\"/__session\"}","FIREBASE_CONFIG":"{\"projectId\":\"trucky-4ab43\",\"databaseURL\":\"https://trucky-4ab43-default-rtdb.europe-west1.firebasedatabase.app\",\"storageBucket\":\"trucky-4ab43.appspot.com\",\"locationId\":\"europe-west\"}","GCLOUD_PROJECT":"trucky-4ab43","EVENTARC_CLOUD_EVENT_SOURCE":"projects/trucky-4ab43/locations/europe-west1/services/ssrtrucky4ab43"},"maxInstanceCount":100,"ingressSettings":"ALLOW_ALL","serviceAccountEmail":"852668909766-compute@developer.gserviceaccount.com","availableMemory":"256Mi","maxInstanceRequestConcurrency":1},"labels":{"deployment-tool":"cli-firebase","firebase-functions-codebase":"firebase-frameworks-trucky-4ab43","firebase-functions-hash":"e8ef7013e972022e97221525c4a22556ed0ffd16"},"environment":"GEN_2"},"stages":[{"name":"BUILD","message":"Creating build","state":"IN_PROGRESS","resource":"projects/852668909766/locations/europe-west1/builds/018c36e4-0571-4764-87e9-5432f911f2f4","resourceUri":"https://console.cloud.google.com/cloud-build/builds;region=europe-west1/018c36e4-0571-4764-87e9-5432f911f2f4?project=852668909766"},{"name":"SERVICE","state":"NOT_STARTED"}]},"done":false}
[debug] [2023-03-13T20:32:36.583Z] [create-firebase-frameworks-trucky-4ab43-europe-west1-ssrtrucky4ab43] Retrying task index 0
[debug] [2023-03-13T20:32:36.583Z] >>> [apiv2][query] GET https://cloudfunctions.googleapis.com/v2/projects/trucky-4ab43/locations/europe-west1/operations/operation-1678739409765-5f6cdfa308509-02ea8b81-a825eea3 [none]
[debug] [2023-03-13T20:32:36.933Z] <<< [apiv2][status] GET https://cloudfunctions.googleapis.com/v2/projects/trucky-4ab43/locations/europe-west1/operations/operation-1678739409765-5f6cdfa308509-02ea8b81-a825eea3 200
[debug] [2023-03-13T20:32:36.933Z] <<< [apiv2][body] GET https://cloudfunctions.googleapis.com/v2/projects/trucky-4ab43/locations/europe-west1/operations/operation-1678739409765-5f6cdfa308509-02ea8b81-a825eea3 {"name":"projects/trucky-4ab43/locations/europe-west1/operations/operation-1678739409765-5f6cdfa308509-02ea8b81-a825eea3","metadata":{"@type":"type.googleapis.com/google.cloud.functions.v2.OperationMetadata","createTime":"2023-03-13T20:30:11.931962890Z","target":"projects/trucky-4ab43/locations/europe-west1/functions/ssrtrucky4ab43","verb":"create","cancelRequested":false,"apiVersion":"v2","requestResource":{"@type":"type.googleapis.com/google.cloud.functions.v2.Function","name":"projects/trucky-4ab43/locations/europe-west1/functions/ssrtrucky4ab43","buildConfig":{"runtime":"nodejs18","entryPoint":"ssrtrucky4ab43","source":{"storageSource":{"bucket":"gcf-v2-sources-852668909766-europe-west1","object":"ssrtrucky4ab43/function-source.zip"}}},"serviceConfig":{"service":"projects/trucky-4ab43/locations/europe-west1/services/ssrtrucky4ab43","timeoutSeconds":60,"environmentVariables":{"TRUCKY_API_KEY":"AIzaSyBlwcJwGtOvk9NHLpnBfxoPeANEpibye-g","TRUCKY_AUTH_DOMAIN":"trucky-4ab43.firebaseapp.com","TRUCKY_PROJECT_ID":"trucky-4ab43","TRUCKY_STORAGE_BUCKET":"trucky-4ab43.appspot.com","TRUCKY_MESSAGING_SENDER_ID":"852668909766","TRUCKY_APP_ID":"1:852668909766:web:e0a316cd85505945426fc7","TRUCKY_MEASUREMENT_ID":"G-2PT7BKQCW9","TRUCKY_DATABASE_URL":"https://trucky-4ab43-default-rtdb.europe-west1.firebasedatabase.app","__FIREBASE_FRAMEWORKS_ENTRY__":"next.js","__FIREBASE_DEFAULTS__":"{\"config\":{\"projectId\":\"trucky-4ab43\",\"appId\":\"1:852668909766:web:e0a316cd85505945426fc7\",\"databaseURL\":\"https://trucky-4ab43-default-rtdb.europe-west1.firebasedatabase.app\",\"storageBucket\":\"trucky-4ab43.appspot.com\",\"locationId\":\"europe-west\",\"apiKey\":\"AIzaSyBlwcJwGtOvk9NHLpnBfxoPeANEpibye-g\",\"authDomain\":\"trucky-4ab43.firebaseapp.com\",\"messagingSenderId\":\"852668909766\",\"measurementId\":\"G-2PT7BKQCW9\"},\"_authTokenSyncURL\":\"/__session\"}","FIREBASE_CONFIG":"{\"projectId\":\"trucky-4ab43\",\"databaseURL\":\"https://trucky-4ab43-default-rtdb.europe-west1.firebasedatabase.app\",\"storageBucket\":\"trucky-4ab43.appspot.com\",\"locationId\":\"europe-west\"}","GCLOUD_PROJECT":"trucky-4ab43","EVENTARC_CLOUD_EVENT_SOURCE":"projects/trucky-4ab43/locations/europe-west1/services/ssrtrucky4ab43"},"maxInstanceCount":100,"ingressSettings":"ALLOW_ALL","serviceAccountEmail":"852668909766-compute@developer.gserviceaccount.com","availableMemory":"256Mi","maxInstanceRequestConcurrency":1},"labels":{"deployment-tool":"cli-firebase","firebase-functions-codebase":"firebase-frameworks-trucky-4ab43","firebase-functions-hash":"e8ef7013e972022e97221525c4a22556ed0ffd16"},"environment":"GEN_2"},"stages":[{"name":"BUILD","message":"Creating build","state":"IN_PROGRESS","resource":"projects/852668909766/locations/europe-west1/builds/018c36e4-0571-4764-87e9-5432f911f2f4","resourceUri":"https://console.cloud.google.com/cloud-build/builds;region=europe-west1/018c36e4-0571-4764-87e9-5432f911f2f4?project=852668909766"},{"name":"SERVICE","state":"NOT_STARTED"}]},"done":false}
[debug] [2023-03-13T20:32:46.934Z] [create-firebase-frameworks-trucky-4ab43-europe-west1-ssrtrucky4ab43] Retrying task index 0
[debug] [2023-03-13T20:32:46.934Z] >>> [apiv2][query] GET https://cloudfunctions.googleapis.com/v2/projects/trucky-4ab43/locations/europe-west1/operations/operation-1678739409765-5f6cdfa308509-02ea8b81-a825eea3 [none]
[debug] [2023-03-13T20:32:47.261Z] <<< [apiv2][status] GET https://cloudfunctions.googleapis.com/v2/projects/trucky-4ab43/locations/europe-west1/operations/operation-1678739409765-5f6cdfa308509-02ea8b81-a825eea3 200
[debug] [2023-03-13T20:32:47.261Z] <<< [apiv2][body] GET https://cloudfunctions.googleapis.com/v2/projects/trucky-4ab43/locations/europe-west1/operations/operation-1678739409765-5f6cdfa308509-02ea8b81-a825eea3 {"name":"projects/trucky-4ab43/locations/europe-west1/operations/operation-1678739409765-5f6cdfa308509-02ea8b81-a825eea3","metadata":{"@type":"type.googleapis.com/google.cloud.functions.v2.OperationMetadata","createTime":"2023-03-13T20:30:11.931962890Z","target":"projects/trucky-4ab43/locations/europe-west1/functions/ssrtrucky4ab43","verb":"create","cancelRequested":false,"apiVersion":"v2","requestResource":{"@type":"type.googleapis.com/google.cloud.functions.v2.Function","name":"projects/trucky-4ab43/locations/europe-west1/functions/ssrtrucky4ab43","buildConfig":{"runtime":"nodejs18","entryPoint":"ssrtrucky4ab43","source":{"storageSource":{"bucket":"gcf-v2-sources-852668909766-europe-west1","object":"ssrtrucky4ab43/function-source.zip"}}},"serviceConfig":{"service":"projects/trucky-4ab43/locations/europe-west1/services/ssrtrucky4ab43","timeoutSeconds":60,"environmentVariables":{"TRUCKY_API_KEY":"AIzaSyBlwcJwGtOvk9NHLpnBfxoPeANEpibye-g","TRUCKY_AUTH_DOMAIN":"trucky-4ab43.firebaseapp.com","TRUCKY_PROJECT_ID":"trucky-4ab43","TRUCKY_STORAGE_BUCKET":"trucky-4ab43.appspot.com","TRUCKY_MESSAGING_SENDER_ID":"852668909766","TRUCKY_APP_ID":"1:852668909766:web:e0a316cd85505945426fc7","TRUCKY_MEASUREMENT_ID":"G-2PT7BKQCW9","TRUCKY_DATABASE_URL":"https://trucky-4ab43-default-rtdb.europe-west1.firebasedatabase.app","__FIREBASE_FRAMEWORKS_ENTRY__":"next.js","__FIREBASE_DEFAULTS__":"{\"config\":{\"projectId\":\"trucky-4ab43\",\"appId\":\"1:852668909766:web:e0a316cd85505945426fc7\",\"databaseURL\":\"https://trucky-4ab43-default-rtdb.europe-west1.firebasedatabase.app\",\"storageBucket\":\"trucky-4ab43.appspot.com\",\"locationId\":\"europe-west\",\"apiKey\":\"AIzaSyBlwcJwGtOvk9NHLpnBfxoPeANEpibye-g\",\"authDomain\":\"trucky-4ab43.firebaseapp.com\",\"messagingSenderId\":\"852668909766\",\"measurementId\":\"G-2PT7BKQCW9\"},\"_authTokenSyncURL\":\"/__session\"}","FIREBASE_CONFIG":"{\"projectId\":\"trucky-4ab43\",\"databaseURL\":\"https://trucky-4ab43-default-rtdb.europe-west1.firebasedatabase.app\",\"storageBucket\":\"trucky-4ab43.appspot.com\",\"locationId\":\"europe-west\"}","GCLOUD_PROJECT":"trucky-4ab43","EVENTARC_CLOUD_EVENT_SOURCE":"projects/trucky-4ab43/locations/europe-west1/services/ssrtrucky4ab43"},"maxInstanceCount":100,"ingressSettings":"ALLOW_ALL","serviceAccountEmail":"852668909766-compute@developer.gserviceaccount.com","availableMemory":"256Mi","maxInstanceRequestConcurrency":1},"labels":{"deployment-tool":"cli-firebase","firebase-functions-codebase":"firebase-frameworks-trucky-4ab43","firebase-functions-hash":"e8ef7013e972022e97221525c4a22556ed0ffd16"},"environment":"GEN_2"},"stages":[{"name":"BUILD","message":"Creating build","state":"IN_PROGRESS","resource":"projects/852668909766/locations/europe-west1/builds/018c36e4-0571-4764-87e9-5432f911f2f4","resourceUri":"https://console.cloud.google.com/cloud-build/builds;region=europe-west1/018c36e4-0571-4764-87e9-5432f911f2f4?project=852668909766"},{"name":"SERVICE","state":"NOT_STARTED"}]},"done":false}
[debug] [2023-03-13T20:32:57.262Z] [create-firebase-frameworks-trucky-4ab43-europe-west1-ssrtrucky4ab43] Retrying task index 0
[debug] [2023-03-13T20:32:57.263Z] >>> [apiv2][query] GET https://cloudfunctions.googleapis.com/v2/projects/trucky-4ab43/locations/europe-west1/operations/operation-1678739409765-5f6cdfa308509-02ea8b81-a825eea3 [none]
[debug] [2023-03-13T20:32:57.504Z] <<< [apiv2][status] GET https://cloudfunctions.googleapis.com/v2/projects/trucky-4ab43/locations/europe-west1/operations/operation-1678739409765-5f6cdfa308509-02ea8b81-a825eea3 200
[debug] [2023-03-13T20:32:57.504Z] <<< [apiv2][body] GET https://cloudfunctions.googleapis.com/v2/projects/trucky-4ab43/locations/europe-west1/operations/operation-1678739409765-5f6cdfa308509-02ea8b81-a825eea3 {"name":"projects/trucky-4ab43/locations/europe-west1/operations/operation-1678739409765-5f6cdfa308509-02ea8b81-a825eea3","metadata":{"@type":"type.googleapis.com/google.cloud.functions.v2.OperationMetadata","createTime":"2023-03-13T20:30:11.931962890Z","target":"projects/trucky-4ab43/locations/europe-west1/functions/ssrtrucky4ab43","verb":"create","cancelRequested":false,"apiVersion":"v2","requestResource":{"@type":"type.googleapis.com/google.cloud.functions.v2.Function","name":"projects/trucky-4ab43/locations/europe-west1/functions/ssrtrucky4ab43","buildConfig":{"runtime":"nodejs18","entryPoint":"ssrtrucky4ab43","source":{"storageSource":{"bucket":"gcf-v2-sources-852668909766-europe-west1","object":"ssrtrucky4ab43/function-source.zip"}}},"serviceConfig":{"service":"projects/trucky-4ab43/locations/europe-west1/services/ssrtrucky4ab43","timeoutSeconds":60,"environmentVariables":{"TRUCKY_API_KEY":"AIzaSyBlwcJwGtOvk9NHLpnBfxoPeANEpibye-g","TRUCKY_AUTH_DOMAIN":"trucky-4ab43.firebaseapp.com","TRUCKY_PROJECT_ID":"trucky-4ab43","TRUCKY_STORAGE_BUCKET":"trucky-4ab43.appspot.com","TRUCKY_MESSAGING_SENDER_ID":"852668909766","TRUCKY_APP_ID":"1:852668909766:web:e0a316cd85505945426fc7","TRUCKY_MEASUREMENT_ID":"G-2PT7BKQCW9","TRUCKY_DATABASE_URL":"https://trucky-4ab43-default-rtdb.europe-west1.firebasedatabase.app","__FIREBASE_FRAMEWORKS_ENTRY__":"next.js","__FIREBASE_DEFAULTS__":"{\"config\":{\"projectId\":\"trucky-4ab43\",\"appId\":\"1:852668909766:web:e0a316cd85505945426fc7\",\"databaseURL\":\"https://trucky-4ab43-default-rtdb.europe-west1.firebasedatabase.app\",\"storageBucket\":\"trucky-4ab43.appspot.com\",\"locationId\":\"europe-west\",\"apiKey\":\"AIzaSyBlwcJwGtOvk9NHLpnBfxoPeANEpibye-g\",\"authDomain\":\"trucky-4ab43.firebaseapp.com\",\"messagingSenderId\":\"852668909766\",\"measurementId\":\"G-2PT7BKQCW9\"},\"_authTokenSyncURL\":\"/__session\"}","FIREBASE_CONFIG":"{\"projectId\":\"trucky-4ab43\",\"databaseURL\":\"https://trucky-4ab43-default-rtdb.europe-west1.firebasedatabase.app\",\"storageBucket\":\"trucky-4ab43.appspot.com\",\"locationId\":\"europe-west\"}","GCLOUD_PROJECT":"trucky-4ab43","EVENTARC_CLOUD_EVENT_SOURCE":"projects/trucky-4ab43/locations/europe-west1/services/ssrtrucky4ab43"},"maxInstanceCount":100,"ingressSettings":"ALLOW_ALL","serviceAccountEmail":"852668909766-compute@developer.gserviceaccount.com","availableMemory":"256Mi","maxInstanceRequestConcurrency":1},"labels":{"deployment-tool":"cli-firebase","firebase-functions-codebase":"firebase-frameworks-trucky-4ab43","firebase-functions-hash":"e8ef7013e972022e97221525c4a22556ed0ffd16"},"environment":"GEN_2"},"stages":[{"name":"BUILD","message":"Creating build","state":"IN_PROGRESS","resource":"projects/852668909766/locations/europe-west1/builds/018c36e4-0571-4764-87e9-5432f911f2f4","resourceUri":"https://console.cloud.google.com/cloud-build/builds;region=europe-west1/018c36e4-0571-4764-87e9-5432f911f2f4?project=852668909766"},{"name":"SERVICE","state":"NOT_STARTED"}]},"done":false}
[debug] [2023-03-13T20:33:07.504Z] [create-firebase-frameworks-trucky-4ab43-europe-west1-ssrtrucky4ab43] Retrying task index 0
[debug] [2023-03-13T20:33:07.504Z] >>> [apiv2][query] GET https://cloudfunctions.googleapis.com/v2/projects/trucky-4ab43/locations/europe-west1/operations/operation-1678739409765-5f6cdfa308509-02ea8b81-a825eea3 [none]
[debug] [2023-03-13T20:33:08.840Z] <<< [apiv2][status] GET https://cloudfunctions.googleapis.com/v2/projects/trucky-4ab43/locations/europe-west1/operations/operation-1678739409765-5f6cdfa308509-02ea8b81-a825eea3 200
[debug] [2023-03-13T20:33:08.841Z] <<< [apiv2][body] GET https://cloudfunctions.googleapis.com/v2/projects/trucky-4ab43/locations/europe-west1/operations/operation-1678739409765-5f6cdfa308509-02ea8b81-a825eea3 {"name":"projects/trucky-4ab43/locations/europe-west1/operations/operation-1678739409765-5f6cdfa308509-02ea8b81-a825eea3","metadata":{"@type":"type.googleapis.com/google.cloud.functions.v2.OperationMetadata","createTime":"2023-03-13T20:30:11.931962890Z","target":"projects/trucky-4ab43/locations/europe-west1/functions/ssrtrucky4ab43","verb":"create","cancelRequested":false,"apiVersion":"v2","requestResource":{"@type":"type.googleapis.com/google.cloud.functions.v2.Function","name":"projects/trucky-4ab43/locations/europe-west1/functions/ssrtrucky4ab43","buildConfig":{"runtime":"nodejs18","entryPoint":"ssrtrucky4ab43","source":{"storageSource":{"bucket":"gcf-v2-sources-852668909766-europe-west1","object":"ssrtrucky4ab43/function-source.zip"}}},"serviceConfig":{"service":"projects/trucky-4ab43/locations/europe-west1/services/ssrtrucky4ab43","timeoutSeconds":60,"environmentVariables":{"TRUCKY_API_KEY":"AIzaSyBlwcJwGtOvk9NHLpnBfxoPeANEpibye-g","TRUCKY_AUTH_DOMAIN":"trucky-4ab43.firebaseapp.com","TRUCKY_PROJECT_ID":"trucky-4ab43","TRUCKY_STORAGE_BUCKET":"trucky-4ab43.appspot.com","TRUCKY_MESSAGING_SENDER_ID":"852668909766","TRUCKY_APP_ID":"1:852668909766:web:e0a316cd85505945426fc7","TRUCKY_MEASUREMENT_ID":"G-2PT7BKQCW9","TRUCKY_DATABASE_URL":"https://trucky-4ab43-default-rtdb.europe-west1.firebasedatabase.app","__FIREBASE_FRAMEWORKS_ENTRY__":"next.js","__FIREBASE_DEFAULTS__":"{\"config\":{\"projectId\":\"trucky-4ab43\",\"appId\":\"1:852668909766:web:e0a316cd85505945426fc7\",\"databaseURL\":\"https://trucky-4ab43-default-rtdb.europe-west1.firebasedatabase.app\",\"storageBucket\":\"trucky-4ab43.appspot.com\",\"locationId\":\"europe-west\",\"apiKey\":\"AIzaSyBlwcJwGtOvk9NHLpnBfxoPeANEpibye-g\",\"authDomain\":\"trucky-4ab43.firebaseapp.com\",\"messagingSenderId\":\"852668909766\",\"measurementId\":\"G-2PT7BKQCW9\"},\"_authTokenSyncURL\":\"/__session\"}","FIREBASE_CONFIG":"{\"projectId\":\"trucky-4ab43\",\"databaseURL\":\"https://trucky-4ab43-default-rtdb.europe-west1.firebasedatabase.app\",\"storageBucket\":\"trucky-4ab43.appspot.com\",\"locationId\":\"europe-west\"}","GCLOUD_PROJECT":"trucky-4ab43","EVENTARC_CLOUD_EVENT_SOURCE":"projects/trucky-4ab43/locations/europe-west1/services/ssrtrucky4ab43"},"maxInstanceCount":100,"ingressSettings":"ALLOW_ALL","serviceAccountEmail":"852668909766-compute@developer.gserviceaccount.com","availableMemory":"256Mi","maxInstanceRequestConcurrency":1},"labels":{"deployment-tool":"cli-firebase","firebase-functions-codebase":"firebase-frameworks-trucky-4ab43","firebase-functions-hash":"e8ef7013e972022e97221525c4a22556ed0ffd16"},"environment":"GEN_2"},"stages":[{"name":"BUILD","message":"Creating build","state":"IN_PROGRESS","resource":"projects/852668909766/locations/europe-west1/builds/018c36e4-0571-4764-87e9-5432f911f2f4","resourceUri":"https://console.cloud.google.com/cloud-build/builds;region=europe-west1/018c36e4-0571-4764-87e9-5432f911f2f4?project=852668909766"},{"name":"SERVICE","state":"NOT_STARTED"}]},"done":false}
[debug] [2023-03-13T20:33:18.842Z] [create-firebase-frameworks-trucky-4ab43-europe-west1-ssrtrucky4ab43] Retrying task index 0
[debug] [2023-03-13T20:33:18.842Z] >>> [apiv2][query] GET https://cloudfunctions.googleapis.com/v2/projects/trucky-4ab43/locations/europe-west1/operations/operation-1678739409765-5f6cdfa308509-02ea8b81-a825eea3 [none]
[debug] [2023-03-13T20:33:19.147Z] <<< [apiv2][status] GET https://cloudfunctions.googleapis.com/v2/projects/trucky-4ab43/locations/europe-west1/operations/operation-1678739409765-5f6cdfa308509-02ea8b81-a825eea3 200
[debug] [2023-03-13T20:33:19.147Z] <<< [apiv2][body] GET https://cloudfunctions.googleapis.com/v2/projects/trucky-4ab43/locations/europe-west1/operations/operation-1678739409765-5f6cdfa308509-02ea8b81-a825eea3 {"name":"projects/trucky-4ab43/locations/europe-west1/operations/operation-1678739409765-5f6cdfa308509-02ea8b81-a825eea3","metadata":{"@type":"type.googleapis.com/google.cloud.functions.v2.OperationMetadata","createTime":"2023-03-13T20:30:11.931962890Z","target":"projects/trucky-4ab43/locations/europe-west1/functions/ssrtrucky4ab43","verb":"create","cancelRequested":false,"apiVersion":"v2","requestResource":{"@type":"type.googleapis.com/google.cloud.functions.v2.Function","name":"projects/trucky-4ab43/locations/europe-west1/functions/ssrtrucky4ab43","buildConfig":{"runtime":"nodejs18","entryPoint":"ssrtrucky4ab43","source":{"storageSource":{"bucket":"gcf-v2-sources-852668909766-europe-west1","object":"ssrtrucky4ab43/function-source.zip"}}},"serviceConfig":{"service":"projects/trucky-4ab43/locations/europe-west1/services/ssrtrucky4ab43","timeoutSeconds":60,"environmentVariables":{"TRUCKY_API_KEY":"AIzaSyBlwcJwGtOvk9NHLpnBfxoPeANEpibye-g","TRUCKY_AUTH_DOMAIN":"trucky-4ab43.firebaseapp.com","TRUCKY_PROJECT_ID":"trucky-4ab43","TRUCKY_STORAGE_BUCKET":"trucky-4ab43.appspot.com","TRUCKY_MESSAGING_SENDER_ID":"852668909766","TRUCKY_APP_ID":"1:852668909766:web:e0a316cd85505945426fc7","TRUCKY_MEASUREMENT_ID":"G-2PT7BKQCW9","TRUCKY_DATABASE_URL":"https://trucky-4ab43-default-rtdb.europe-west1.firebasedatabase.app","__FIREBASE_FRAMEWORKS_ENTRY__":"next.js","__FIREBASE_DEFAULTS__":"{\"config\":{\"projectId\":\"trucky-4ab43\",\"appId\":\"1:852668909766:web:e0a316cd85505945426fc7\",\"databaseURL\":\"https://trucky-4ab43-default-rtdb.europe-west1.firebasedatabase.app\",\"storageBucket\":\"trucky-4ab43.appspot.com\",\"locationId\":\"europe-west\",\"apiKey\":\"AIzaSyBlwcJwGtOvk9NHLpnBfxoPeANEpibye-g\",\"authDomain\":\"trucky-4ab43.firebaseapp.com\",\"messagingSenderId\":\"852668909766\",\"measurementId\":\"G-2PT7BKQCW9\"},\"_authTokenSyncURL\":\"/__session\"}","FIREBASE_CONFIG":"{\"projectId\":\"trucky-4ab43\",\"databaseURL\":\"https://trucky-4ab43-default-rtdb.europe-west1.firebasedatabase.app\",\"storageBucket\":\"trucky-4ab43.appspot.com\",\"locationId\":\"europe-west\"}","GCLOUD_PROJECT":"trucky-4ab43","EVENTARC_CLOUD_EVENT_SOURCE":"projects/trucky-4ab43/locations/europe-west1/services/ssrtrucky4ab43"},"maxInstanceCount":100,"ingressSettings":"ALLOW_ALL","serviceAccountEmail":"852668909766-compute@developer.gserviceaccount.com","availableMemory":"256Mi","maxInstanceRequestConcurrency":1},"labels":{"deployment-tool":"cli-firebase","firebase-functions-codebase":"firebase-frameworks-trucky-4ab43","firebase-functions-hash":"e8ef7013e972022e97221525c4a22556ed0ffd16"},"environment":"GEN_2"},"stages":[{"name":"BUILD","message":"Creating build","state":"IN_PROGRESS","resource":"projects/852668909766/locations/europe-west1/builds/018c36e4-0571-4764-87e9-5432f911f2f4","resourceUri":"https://console.cloud.google.com/cloud-build/builds;region=europe-west1/018c36e4-0571-4764-87e9-5432f911f2f4?project=852668909766"},{"name":"SERVICE","state":"NOT_STARTED"}]},"done":false}
[debug] [2023-03-13T20:33:29.149Z] [create-firebase-frameworks-trucky-4ab43-europe-west1-ssrtrucky4ab43] Retrying task index 0
[debug] [2023-03-13T20:33:29.149Z] >>> [apiv2][query] GET https://cloudfunctions.googleapis.com/v2/projects/trucky-4ab43/locations/europe-west1/operations/operation-1678739409765-5f6cdfa308509-02ea8b81-a825eea3 [none]
[debug] [2023-03-13T20:33:29.597Z] <<< [apiv2][status] GET https://cloudfunctions.googleapis.com/v2/projects/trucky-4ab43/locations/europe-west1/operations/operation-1678739409765-5f6cdfa308509-02ea8b81-a825eea3 200
[debug] [2023-03-13T20:33:29.597Z] <<< [apiv2][body] GET https://cloudfunctions.googleapis.com/v2/projects/trucky-4ab43/locations/europe-west1/operations/operation-1678739409765-5f6cdfa308509-02ea8b81-a825eea3 {"name":"projects/trucky-4ab43/locations/europe-west1/operations/operation-1678739409765-5f6cdfa308509-02ea8b81-a825eea3","metadata":{"@type":"type.googleapis.com/google.cloud.functions.v2.OperationMetadata","createTime":"2023-03-13T20:30:11.931962890Z","target":"projects/trucky-4ab43/locations/europe-west1/functions/ssrtrucky4ab43","verb":"create","cancelRequested":false,"apiVersion":"v2","requestResource":{"@type":"type.googleapis.com/google.cloud.functions.v2.Function","name":"projects/trucky-4ab43/locations/europe-west1/functions/ssrtrucky4ab43","buildConfig":{"runtime":"nodejs18","entryPoint":"ssrtrucky4ab43","source":{"storageSource":{"bucket":"gcf-v2-sources-852668909766-europe-west1","object":"ssrtrucky4ab43/function-source.zip"}}},"serviceConfig":{"service":"projects/trucky-4ab43/locations/europe-west1/services/ssrtrucky4ab43","timeoutSeconds":60,"environmentVariables":{"TRUCKY_API_KEY":"AIzaSyBlwcJwGtOvk9NHLpnBfxoPeANEpibye-g","TRUCKY_AUTH_DOMAIN":"trucky-4ab43.firebaseapp.com","TRUCKY_PROJECT_ID":"trucky-4ab43","TRUCKY_STORAGE_BUCKET":"trucky-4ab43.appspot.com","TRUCKY_MESSAGING_SENDER_ID":"852668909766","TRUCKY_APP_ID":"1:852668909766:web:e0a316cd85505945426fc7","TRUCKY_MEASUREMENT_ID":"G-2PT7BKQCW9","TRUCKY_DATABASE_URL":"https://trucky-4ab43-default-rtdb.europe-west1.firebasedatabase.app","__FIREBASE_FRAMEWORKS_ENTRY__":"next.js","__FIREBASE_DEFAULTS__":"{\"config\":{\"projectId\":\"trucky-4ab43\",\"appId\":\"1:852668909766:web:e0a316cd85505945426fc7\",\"databaseURL\":\"https://trucky-4ab43-default-rtdb.europe-west1.firebasedatabase.app\",\"storageBucket\":\"trucky-4ab43.appspot.com\",\"locationId\":\"europe-west\",\"apiKey\":\"AIzaSyBlwcJwGtOvk9NHLpnBfxoPeANEpibye-g\",\"authDomain\":\"trucky-4ab43.firebaseapp.com\",\"messagingSenderId\":\"852668909766\",\"measurementId\":\"G-2PT7BKQCW9\"},\"_authTokenSyncURL\":\"/__session\"}","FIREBASE_CONFIG":"{\"projectId\":\"trucky-4ab43\",\"databaseURL\":\"https://trucky-4ab43-default-rtdb.europe-west1.firebasedatabase.app\",\"storageBucket\":\"trucky-4ab43.appspot.com\",\"locationId\":\"europe-west\"}","GCLOUD_PROJECT":"trucky-4ab43","EVENTARC_CLOUD_EVENT_SOURCE":"projects/trucky-4ab43/locations/europe-west1/services/ssrtrucky4ab43"},"maxInstanceCount":100,"ingressSettings":"ALLOW_ALL","serviceAccountEmail":"852668909766-compute@developer.gserviceaccount.com","availableMemory":"256Mi","maxInstanceRequestConcurrency":1},"labels":{"deployment-tool":"cli-firebase","firebase-functions-codebase":"firebase-frameworks-trucky-4ab43","firebase-functions-hash":"e8ef7013e972022e97221525c4a22556ed0ffd16"},"environment":"GEN_2"},"stages":[{"name":"BUILD","message":"Creating build","state":"IN_PROGRESS","resource":"projects/852668909766/locations/europe-west1/builds/018c36e4-0571-4764-87e9-5432f911f2f4","resourceUri":"https://console.cloud.google.com/cloud-build/builds;region=europe-west1/018c36e4-0571-4764-87e9-5432f911f2f4?project=852668909766"},{"name":"SERVICE","state":"NOT_STARTED"}]},"done":false}
[debug] [2023-03-13T20:33:39.598Z] [create-firebase-frameworks-trucky-4ab43-europe-west1-ssrtrucky4ab43] Retrying task index 0
[debug] [2023-03-13T20:33:39.599Z] >>> [apiv2][query] GET https://cloudfunctions.googleapis.com/v2/projects/trucky-4ab43/locations/europe-west1/operations/operation-1678739409765-5f6cdfa308509-02ea8b81-a825eea3 [none]
[debug] [2023-03-13T20:33:39.870Z] <<< [apiv2][status] GET https://cloudfunctions.googleapis.com/v2/projects/trucky-4ab43/locations/europe-west1/operations/operation-1678739409765-5f6cdfa308509-02ea8b81-a825eea3 200
[debug] [2023-03-13T20:33:39.871Z] <<< [apiv2][body] GET https://cloudfunctions.googleapis.com/v2/projects/trucky-4ab43/locations/europe-west1/operations/operation-1678739409765-5f6cdfa308509-02ea8b81-a825eea3 {"name":"projects/trucky-4ab43/locations/europe-west1/operations/operation-1678739409765-5f6cdfa308509-02ea8b81-a825eea3","metadata":{"@type":"type.googleapis.com/google.cloud.functions.v2.OperationMetadata","createTime":"2023-03-13T20:30:11.931962890Z","target":"projects/trucky-4ab43/locations/europe-west1/functions/ssrtrucky4ab43","verb":"create","cancelRequested":false,"apiVersion":"v2","requestResource":{"@type":"type.googleapis.com/google.cloud.functions.v2.Function","name":"projects/trucky-4ab43/locations/europe-west1/functions/ssrtrucky4ab43","buildConfig":{"runtime":"nodejs18","entryPoint":"ssrtrucky4ab43","source":{"storageSource":{"bucket":"gcf-v2-sources-852668909766-europe-west1","object":"ssrtrucky4ab43/function-source.zip"}}},"serviceConfig":{"service":"projects/trucky-4ab43/locations/europe-west1/services/ssrtrucky4ab43","timeoutSeconds":60,"environmentVariables":{"TRUCKY_API_KEY":"AIzaSyBlwcJwGtOvk9NHLpnBfxoPeANEpibye-g","TRUCKY_AUTH_DOMAIN":"trucky-4ab43.firebaseapp.com","TRUCKY_PROJECT_ID":"trucky-4ab43","TRUCKY_STORAGE_BUCKET":"trucky-4ab43.appspot.com","TRUCKY_MESSAGING_SENDER_ID":"852668909766","TRUCKY_APP_ID":"1:852668909766:web:e0a316cd85505945426fc7","TRUCKY_MEASUREMENT_ID":"G-2PT7BKQCW9","TRUCKY_DATABASE_URL":"https://trucky-4ab43-default-rtdb.europe-west1.firebasedatabase.app","__FIREBASE_FRAMEWORKS_ENTRY__":"next.js","__FIREBASE_DEFAULTS__":"{\"config\":{\"projectId\":\"trucky-4ab43\",\"appId\":\"1:852668909766:web:e0a316cd85505945426fc7\",\"databaseURL\":\"https://trucky-4ab43-default-rtdb.europe-west1.firebasedatabase.app\",\"storageBucket\":\"trucky-4ab43.appspot.com\",\"locationId\":\"europe-west\",\"apiKey\":\"AIzaSyBlwcJwGtOvk9NHLpnBfxoPeANEpibye-g\",\"authDomain\":\"trucky-4ab43.firebaseapp.com\",\"messagingSenderId\":\"852668909766\",\"measurementId\":\"G-2PT7BKQCW9\"},\"_authTokenSyncURL\":\"/__session\"}","FIREBASE_CONFIG":"{\"projectId\":\"trucky-4ab43\",\"databaseURL\":\"https://trucky-4ab43-default-rtdb.europe-west1.firebasedatabase.app\",\"storageBucket\":\"trucky-4ab43.appspot.com\",\"locationId\":\"europe-west\"}","GCLOUD_PROJECT":"trucky-4ab43","EVENTARC_CLOUD_EVENT_SOURCE":"projects/trucky-4ab43/locations/europe-west1/services/ssrtrucky4ab43"},"maxInstanceCount":100,"ingressSettings":"ALLOW_ALL","serviceAccountEmail":"852668909766-compute@developer.gserviceaccount.com","availableMemory":"256Mi","maxInstanceRequestConcurrency":1},"labels":{"deployment-tool":"cli-firebase","firebase-functions-codebase":"firebase-frameworks-trucky-4ab43","firebase-functions-hash":"e8ef7013e972022e97221525c4a22556ed0ffd16"},"environment":"GEN_2"},"stages":[{"name":"BUILD","message":"Creating build","state":"IN_PROGRESS","resource":"projects/852668909766/locations/europe-west1/builds/018c36e4-0571-4764-87e9-5432f911f2f4","resourceUri":"https://console.cloud.google.com/cloud-build/builds;region=europe-west1/018c36e4-0571-4764-87e9-5432f911f2f4?project=852668909766"},{"name":"SERVICE","state":"NOT_STARTED"}]},"done":false}
[debug] [2023-03-13T20:33:49.872Z] [create-firebase-frameworks-trucky-4ab43-europe-west1-ssrtrucky4ab43] Retrying task index 0
[debug] [2023-03-13T20:33:49.872Z] >>> [apiv2][query] GET https://cloudfunctions.googleapis.com/v2/projects/trucky-4ab43/locations/europe-west1/operations/operation-1678739409765-5f6cdfa308509-02ea8b81-a825eea3 [none]
[debug] [2023-03-13T20:33:50.263Z] <<< [apiv2][status] GET https://cloudfunctions.googleapis.com/v2/projects/trucky-4ab43/locations/europe-west1/operations/operation-1678739409765-5f6cdfa308509-02ea8b81-a825eea3 200
[debug] [2023-03-13T20:33:50.263Z] <<< [apiv2][body] GET https://cloudfunctions.googleapis.com/v2/projects/trucky-4ab43/locations/europe-west1/operations/operation-1678739409765-5f6cdfa308509-02ea8b81-a825eea3 {"name":"projects/trucky-4ab43/locations/europe-west1/operations/operation-1678739409765-5f6cdfa308509-02ea8b81-a825eea3","metadata":{"@type":"type.googleapis.com/google.cloud.functions.v2.OperationMetadata","createTime":"2023-03-13T20:30:11.931962890Z","target":"projects/trucky-4ab43/locations/europe-west1/functions/ssrtrucky4ab43","verb":"create","cancelRequested":false,"apiVersion":"v2","requestResource":{"@type":"type.googleapis.com/google.cloud.functions.v2.Function","name":"projects/trucky-4ab43/locations/europe-west1/functions/ssrtrucky4ab43","buildConfig":{"runtime":"nodejs18","entryPoint":"ssrtrucky4ab43","source":{"storageSource":{"bucket":"gcf-v2-sources-852668909766-europe-west1","object":"ssrtrucky4ab43/function-source.zip"}}},"serviceConfig":{"service":"projects/trucky-4ab43/locations/europe-west1/services/ssrtrucky4ab43","timeoutSeconds":60,"environmentVariables":{"TRUCKY_API_KEY":"AIzaSyBlwcJwGtOvk9NHLpnBfxoPeANEpibye-g","TRUCKY_AUTH_DOMAIN":"trucky-4ab43.firebaseapp.com","TRUCKY_PROJECT_ID":"trucky-4ab43","TRUCKY_STORAGE_BUCKET":"trucky-4ab43.appspot.com","TRUCKY_MESSAGING_SENDER_ID":"852668909766","TRUCKY_APP_ID":"1:852668909766:web:e0a316cd85505945426fc7","TRUCKY_MEASUREMENT_ID":"G-2PT7BKQCW9","TRUCKY_DATABASE_URL":"https://trucky-4ab43-default-rtdb.europe-west1.firebasedatabase.app","__FIREBASE_FRAMEWORKS_ENTRY__":"next.js","__FIREBASE_DEFAULTS__":"{\"config\":{\"projectId\":\"trucky-4ab43\",\"appId\":\"1:852668909766:web:e0a316cd85505945426fc7\",\"databaseURL\":\"https://trucky-4ab43-default-rtdb.europe-west1.firebasedatabase.app\",\"storageBucket\":\"trucky-4ab43.appspot.com\",\"locationId\":\"europe-west\",\"apiKey\":\"AIzaSyBlwcJwGtOvk9NHLpnBfxoPeANEpibye-g\",\"authDomain\":\"trucky-4ab43.firebaseapp.com\",\"messagingSenderId\":\"852668909766\",\"measurementId\":\"G-2PT7BKQCW9\"},\"_authTokenSyncURL\":\"/__session\"}","FIREBASE_CONFIG":"{\"projectId\":\"trucky-4ab43\",\"databaseURL\":\"https://trucky-4ab43-default-rtdb.europe-west1.firebasedatabase.app\",\"storageBucket\":\"trucky-4ab43.appspot.com\",\"locationId\":\"europe-west\"}","GCLOUD_PROJECT":"trucky-4ab43","EVENTARC_CLOUD_EVENT_SOURCE":"projects/trucky-4ab43/locations/europe-west1/services/ssrtrucky4ab43"},"maxInstanceCount":100,"ingressSettings":"ALLOW_ALL","serviceAccountEmail":"852668909766-compute@developer.gserviceaccount.com","availableMemory":"256Mi","maxInstanceRequestConcurrency":1},"labels":{"deployment-tool":"cli-firebase","firebase-functions-codebase":"firebase-frameworks-trucky-4ab43","firebase-functions-hash":"e8ef7013e972022e97221525c4a22556ed0ffd16"},"environment":"GEN_2"},"stages":[{"name":"BUILD","message":"Creating build","state":"IN_PROGRESS","resource":"projects/852668909766/locations/europe-west1/builds/018c36e4-0571-4764-87e9-5432f911f2f4","resourceUri":"https://console.cloud.google.com/cloud-build/builds;region=europe-west1/018c36e4-0571-4764-87e9-5432f911f2f4?project=852668909766"},{"name":"SERVICE","state":"NOT_STARTED"}]},"done":false}
[debug] [2023-03-13T20:34:00.264Z] [create-firebase-frameworks-trucky-4ab43-europe-west1-ssrtrucky4ab43] Retrying task index 0
[debug] [2023-03-13T20:34:00.265Z] >>> [apiv2][query] GET https://cloudfunctions.googleapis.com/v2/projects/trucky-4ab43/locations/europe-west1/operations/operation-1678739409765-5f6cdfa308509-02ea8b81-a825eea3 [none]
[debug] [2023-03-13T20:34:00.612Z] <<< [apiv2][status] GET https://cloudfunctions.googleapis.com/v2/projects/trucky-4ab43/locations/europe-west1/operations/operation-1678739409765-5f6cdfa308509-02ea8b81-a825eea3 200
[debug] [2023-03-13T20:34:00.612Z] <<< [apiv2][body] GET https://cloudfunctions.googleapis.com/v2/projects/trucky-4ab43/locations/europe-west1/operations/operation-1678739409765-5f6cdfa308509-02ea8b81-a825eea3 {"name":"projects/trucky-4ab43/locations/europe-west1/operations/operation-1678739409765-5f6cdfa308509-02ea8b81-a825eea3","metadata":{"@type":"type.googleapis.com/google.cloud.functions.v2.OperationMetadata","createTime":"2023-03-13T20:30:11.931962890Z","target":"projects/trucky-4ab43/locations/europe-west1/functions/ssrtrucky4ab43","verb":"create","cancelRequested":false,"apiVersion":"v2","requestResource":{"@type":"type.googleapis.com/google.cloud.functions.v2.Function","name":"projects/trucky-4ab43/locations/europe-west1/functions/ssrtrucky4ab43","buildConfig":{"runtime":"nodejs18","entryPoint":"ssrtrucky4ab43","source":{"storageSource":{"bucket":"gcf-v2-sources-852668909766-europe-west1","object":"ssrtrucky4ab43/function-source.zip"}}},"serviceConfig":{"service":"projects/trucky-4ab43/locations/europe-west1/services/ssrtrucky4ab43","timeoutSeconds":60,"environmentVariables":{"TRUCKY_API_KEY":"AIzaSyBlwcJwGtOvk9NHLpnBfxoPeANEpibye-g","TRUCKY_AUTH_DOMAIN":"trucky-4ab43.firebaseapp.com","TRUCKY_PROJECT_ID":"trucky-4ab43","TRUCKY_STORAGE_BUCKET":"trucky-4ab43.appspot.com","TRUCKY_MESSAGING_SENDER_ID":"852668909766","TRUCKY_APP_ID":"1:852668909766:web:e0a316cd85505945426fc7","TRUCKY_MEASUREMENT_ID":"G-2PT7BKQCW9","TRUCKY_DATABASE_URL":"https://trucky-4ab43-default-rtdb.europe-west1.firebasedatabase.app","__FIREBASE_FRAMEWORKS_ENTRY__":"next.js","__FIREBASE_DEFAULTS__":"{\"config\":{\"projectId\":\"trucky-4ab43\",\"appId\":\"1:852668909766:web:e0a316cd85505945426fc7\",\"databaseURL\":\"https://trucky-4ab43-default-rtdb.europe-west1.firebasedatabase.app\",\"storageBucket\":\"trucky-4ab43.appspot.com\",\"locationId\":\"europe-west\",\"apiKey\":\"AIzaSyBlwcJwGtOvk9NHLpnBfxoPeANEpibye-g\",\"authDomain\":\"trucky-4ab43.firebaseapp.com\",\"messagingSenderId\":\"852668909766\",\"measurementId\":\"G-2PT7BKQCW9\"},\"_authTokenSyncURL\":\"/__session\"}","FIREBASE_CONFIG":"{\"projectId\":\"trucky-4ab43\",\"databaseURL\":\"https://trucky-4ab43-default-rtdb.europe-west1.firebasedatabase.app\",\"storageBucket\":\"trucky-4ab43.appspot.com\",\"locationId\":\"europe-west\"}","GCLOUD_PROJECT":"trucky-4ab43","EVENTARC_CLOUD_EVENT_SOURCE":"projects/trucky-4ab43/locations/europe-west1/services/ssrtrucky4ab43"},"maxInstanceCount":100,"ingressSettings":"ALLOW_ALL","serviceAccountEmail":"852668909766-compute@developer.gserviceaccount.com","availableMemory":"256Mi","maxInstanceRequestConcurrency":1},"labels":{"deployment-tool":"cli-firebase","firebase-functions-codebase":"firebase-frameworks-trucky-4ab43","firebase-functions-hash":"e8ef7013e972022e97221525c4a22556ed0ffd16"},"environment":"GEN_2"},"stages":[{"name":"BUILD","message":"Creating build","state":"IN_PROGRESS","resource":"projects/852668909766/locations/europe-west1/builds/018c36e4-0571-4764-87e9-5432f911f2f4","resourceUri":"https://console.cloud.google.com/cloud-build/builds;region=europe-west1/018c36e4-0571-4764-87e9-5432f911f2f4?project=852668909766"},{"name":"SERVICE","state":"NOT_STARTED"}]},"done":false}
[debug] [2023-03-13T20:34:10.613Z] [create-firebase-frameworks-trucky-4ab43-europe-west1-ssrtrucky4ab43] Retrying task index 0
[debug] [2023-03-13T20:34:10.614Z] >>> [apiv2][query] GET https://cloudfunctions.googleapis.com/v2/projects/trucky-4ab43/locations/europe-west1/operations/operation-1678739409765-5f6cdfa308509-02ea8b81-a825eea3 [none]
[debug] [2023-03-13T20:34:10.873Z] <<< [apiv2][status] GET https://cloudfunctions.googleapis.com/v2/projects/trucky-4ab43/locations/europe-west1/operations/operation-1678739409765-5f6cdfa308509-02ea8b81-a825eea3 200
[debug] [2023-03-13T20:34:10.874Z] <<< [apiv2][body] GET https://cloudfunctions.googleapis.com/v2/projects/trucky-4ab43/locations/europe-west1/operations/operation-1678739409765-5f6cdfa308509-02ea8b81-a825eea3 {"name":"projects/trucky-4ab43/locations/europe-west1/operations/operation-1678739409765-5f6cdfa308509-02ea8b81-a825eea3","metadata":{"@type":"type.googleapis.com/google.cloud.functions.v2.OperationMetadata","createTime":"2023-03-13T20:30:11.931962890Z","target":"projects/trucky-4ab43/locations/europe-west1/functions/ssrtrucky4ab43","verb":"create","cancelRequested":false,"apiVersion":"v2","requestResource":{"@type":"type.googleapis.com/google.cloud.functions.v2.Function","name":"projects/trucky-4ab43/locations/europe-west1/functions/ssrtrucky4ab43","buildConfig":{"runtime":"nodejs18","entryPoint":"ssrtrucky4ab43","source":{"storageSource":{"bucket":"gcf-v2-sources-852668909766-europe-west1","object":"ssrtrucky4ab43/function-source.zip"}}},"serviceConfig":{"service":"projects/trucky-4ab43/locations/europe-west1/services/ssrtrucky4ab43","timeoutSeconds":60,"environmentVariables":{"TRUCKY_API_KEY":"AIzaSyBlwcJwGtOvk9NHLpnBfxoPeANEpibye-g","TRUCKY_AUTH_DOMAIN":"trucky-4ab43.firebaseapp.com","TRUCKY_PROJECT_ID":"trucky-4ab43","TRUCKY_STORAGE_BUCKET":"trucky-4ab43.appspot.com","TRUCKY_MESSAGING_SENDER_ID":"852668909766","TRUCKY_APP_ID":"1:852668909766:web:e0a316cd85505945426fc7","TRUCKY_MEASUREMENT_ID":"G-2PT7BKQCW9","TRUCKY_DATABASE_URL":"https://trucky-4ab43-default-rtdb.europe-west1.firebasedatabase.app","__FIREBASE_FRAMEWORKS_ENTRY__":"next.js","__FIREBASE_DEFAULTS__":"{\"config\":{\"projectId\":\"trucky-4ab43\",\"appId\":\"1:852668909766:web:e0a316cd85505945426fc7\",\"databaseURL\":\"https://trucky-4ab43-default-rtdb.europe-west1.firebasedatabase.app\",\"storageBucket\":\"trucky-4ab43.appspot.com\",\"locationId\":\"europe-west\",\"apiKey\":\"AIzaSyBlwcJwGtOvk9NHLpnBfxoPeANEpibye-g\",\"authDomain\":\"trucky-4ab43.firebaseapp.com\",\"messagingSenderId\":\"852668909766\",\"measurementId\":\"G-2PT7BKQCW9\"},\"_authTokenSyncURL\":\"/__session\"}","FIREBASE_CONFIG":"{\"projectId\":\"trucky-4ab43\",\"databaseURL\":\"https://trucky-4ab43-default-rtdb.europe-west1.firebasedatabase.app\",\"storageBucket\":\"trucky-4ab43.appspot.com\",\"locationId\":\"europe-west\"}","GCLOUD_PROJECT":"trucky-4ab43","EVENTARC_CLOUD_EVENT_SOURCE":"projects/trucky-4ab43/locations/europe-west1/services/ssrtrucky4ab43"},"maxInstanceCount":100,"ingressSettings":"ALLOW_ALL","serviceAccountEmail":"852668909766-compute@developer.gserviceaccount.com","availableMemory":"256Mi","maxInstanceRequestConcurrency":1},"labels":{"deployment-tool":"cli-firebase","firebase-functions-codebase":"firebase-frameworks-trucky-4ab43","firebase-functions-hash":"e8ef7013e972022e97221525c4a22556ed0ffd16"},"environment":"GEN_2"},"stages":[{"name":"BUILD","message":"Creating build","state":"IN_PROGRESS","resource":"projects/852668909766/locations/europe-west1/builds/018c36e4-0571-4764-87e9-5432f911f2f4","resourceUri":"https://console.cloud.google.com/cloud-build/builds;region=europe-west1/018c36e4-0571-4764-87e9-5432f911f2f4?project=852668909766"},{"name":"SERVICE","state":"NOT_STARTED"}]},"done":false}
[debug] [2023-03-13T20:34:20.874Z] [create-firebase-frameworks-trucky-4ab43-europe-west1-ssrtrucky4ab43] Retrying task index 0
[debug] [2023-03-13T20:34:20.875Z] >>> [apiv2][query] GET https://cloudfunctions.googleapis.com/v2/projects/trucky-4ab43/locations/europe-west1/operations/operation-1678739409765-5f6cdfa308509-02ea8b81-a825eea3 [none]
[debug] [2023-03-13T20:34:21.273Z] <<< [apiv2][status] GET https://cloudfunctions.googleapis.com/v2/projects/trucky-4ab43/locations/europe-west1/operations/operation-1678739409765-5f6cdfa308509-02ea8b81-a825eea3 200
[debug] [2023-03-13T20:34:21.274Z] <<< [apiv2][body] GET https://cloudfunctions.googleapis.com/v2/projects/trucky-4ab43/locations/europe-west1/operations/operation-1678739409765-5f6cdfa308509-02ea8b81-a825eea3 {"name":"projects/trucky-4ab43/locations/europe-west1/operations/operation-1678739409765-5f6cdfa308509-02ea8b81-a825eea3","metadata":{"@type":"type.googleapis.com/google.cloud.functions.v2.OperationMetadata","createTime":"2023-03-13T20:30:11.931962890Z","target":"projects/trucky-4ab43/locations/europe-west1/functions/ssrtrucky4ab43","verb":"create","cancelRequested":false,"apiVersion":"v2","requestResource":{"@type":"type.googleapis.com/google.cloud.functions.v2.Function","name":"projects/trucky-4ab43/locations/europe-west1/functions/ssrtrucky4ab43","buildConfig":{"runtime":"nodejs18","entryPoint":"ssrtrucky4ab43","source":{"storageSource":{"bucket":"gcf-v2-sources-852668909766-europe-west1","object":"ssrtrucky4ab43/function-source.zip"}}},"serviceConfig":{"service":"projects/trucky-4ab43/locations/europe-west1/services/ssrtrucky4ab43","timeoutSeconds":60,"environmentVariables":{"TRUCKY_API_KEY":"AIzaSyBlwcJwGtOvk9NHLpnBfxoPeANEpibye-g","TRUCKY_AUTH_DOMAIN":"trucky-4ab43.firebaseapp.com","TRUCKY_PROJECT_ID":"trucky-4ab43","TRUCKY_STORAGE_BUCKET":"trucky-4ab43.appspot.com","TRUCKY_MESSAGING_SENDER_ID":"852668909766","TRUCKY_APP_ID":"1:852668909766:web:e0a316cd85505945426fc7","TRUCKY_MEASUREMENT_ID":"G-2PT7BKQCW9","TRUCKY_DATABASE_URL":"https://trucky-4ab43-default-rtdb.europe-west1.firebasedatabase.app","__FIREBASE_FRAMEWORKS_ENTRY__":"next.js","__FIREBASE_DEFAULTS__":"{\"config\":{\"projectId\":\"trucky-4ab43\",\"appId\":\"1:852668909766:web:e0a316cd85505945426fc7\",\"databaseURL\":\"https://trucky-4ab43-default-rtdb.europe-west1.firebasedatabase.app\",\"storageBucket\":\"trucky-4ab43.appspot.com\",\"locationId\":\"europe-west\",\"apiKey\":\"AIzaSyBlwcJwGtOvk9NHLpnBfxoPeANEpibye-g\",\"authDomain\":\"trucky-4ab43.firebaseapp.com\",\"messagingSenderId\":\"852668909766\",\"measurementId\":\"G-2PT7BKQCW9\"},\"_authTokenSyncURL\":\"/__session\"}","FIREBASE_CONFIG":"{\"projectId\":\"trucky-4ab43\",\"databaseURL\":\"https://trucky-4ab43-default-rtdb.europe-west1.firebasedatabase.app\",\"storageBucket\":\"trucky-4ab43.appspot.com\",\"locationId\":\"europe-west\"}","GCLOUD_PROJECT":"trucky-4ab43","EVENTARC_CLOUD_EVENT_SOURCE":"projects/trucky-4ab43/locations/europe-west1/services/ssrtrucky4ab43"},"maxInstanceCount":100,"ingressSettings":"ALLOW_ALL","serviceAccountEmail":"852668909766-compute@developer.gserviceaccount.com","availableMemory":"256Mi","maxInstanceRequestConcurrency":1},"labels":{"deployment-tool":"cli-firebase","firebase-functions-codebase":"firebase-frameworks-trucky-4ab43","firebase-functions-hash":"e8ef7013e972022e97221525c4a22556ed0ffd16"},"environment":"GEN_2"},"stages":[{"name":"BUILD","message":"Creating build","state":"IN_PROGRESS","resource":"projects/852668909766/locations/europe-west1/builds/018c36e4-0571-4764-87e9-5432f911f2f4","resourceUri":"https://console.cloud.google.com/cloud-build/builds;region=europe-west1/018c36e4-0571-4764-87e9-5432f911f2f4?project=852668909766"},{"name":"SERVICE","state":"NOT_STARTED"}]},"done":false}
[debug] [2023-03-13T20:34:31.275Z] [create-firebase-frameworks-trucky-4ab43-europe-west1-ssrtrucky4ab43] Retrying task index 0
[debug] [2023-03-13T20:34:31.275Z] >>> [apiv2][query] GET https://cloudfunctions.googleapis.com/v2/projects/trucky-4ab43/locations/europe-west1/operations/operation-1678739409765-5f6cdfa308509-02ea8b81-a825eea3 [none]
[debug] [2023-03-13T20:34:31.567Z] <<< [apiv2][status] GET https://cloudfunctions.googleapis.com/v2/projects/trucky-4ab43/locations/europe-west1/operations/operation-1678739409765-5f6cdfa308509-02ea8b81-a825eea3 200
[debug] [2023-03-13T20:34:31.567Z] <<< [apiv2][body] GET https://cloudfunctions.googleapis.com/v2/projects/trucky-4ab43/locations/europe-west1/operations/operation-1678739409765-5f6cdfa308509-02ea8b81-a825eea3 {"name":"projects/trucky-4ab43/locations/europe-west1/operations/operation-1678739409765-5f6cdfa308509-02ea8b81-a825eea3","metadata":{"@type":"type.googleapis.com/google.cloud.functions.v2.OperationMetadata","createTime":"2023-03-13T20:30:11.931962890Z","target":"projects/trucky-4ab43/locations/europe-west1/functions/ssrtrucky4ab43","verb":"create","cancelRequested":false,"apiVersion":"v2","requestResource":{"@type":"type.googleapis.com/google.cloud.functions.v2.Function","name":"projects/trucky-4ab43/locations/europe-west1/functions/ssrtrucky4ab43","buildConfig":{"runtime":"nodejs18","entryPoint":"ssrtrucky4ab43","source":{"storageSource":{"bucket":"gcf-v2-sources-852668909766-europe-west1","object":"ssrtrucky4ab43/function-source.zip"}}},"serviceConfig":{"service":"projects/trucky-4ab43/locations/europe-west1/services/ssrtrucky4ab43","timeoutSeconds":60,"environmentVariables":{"TRUCKY_API_KEY":"AIzaSyBlwcJwGtOvk9NHLpnBfxoPeANEpibye-g","TRUCKY_AUTH_DOMAIN":"trucky-4ab43.firebaseapp.com","TRUCKY_PROJECT_ID":"trucky-4ab43","TRUCKY_STORAGE_BUCKET":"trucky-4ab43.appspot.com","TRUCKY_MESSAGING_SENDER_ID":"852668909766","TRUCKY_APP_ID":"1:852668909766:web:e0a316cd85505945426fc7","TRUCKY_MEASUREMENT_ID":"G-2PT7BKQCW9","TRUCKY_DATABASE_URL":"https://trucky-4ab43-default-rtdb.europe-west1.firebasedatabase.app","__FIREBASE_FRAMEWORKS_ENTRY__":"next.js","__FIREBASE_DEFAULTS__":"{\"config\":{\"projectId\":\"trucky-4ab43\",\"appId\":\"1:852668909766:web:e0a316cd85505945426fc7\",\"databaseURL\":\"https://trucky-4ab43-default-rtdb.europe-west1.firebasedatabase.app\",\"storageBucket\":\"trucky-4ab43.appspot.com\",\"locationId\":\"europe-west\",\"apiKey\":\"AIzaSyBlwcJwGtOvk9NHLpnBfxoPeANEpibye-g\",\"authDomain\":\"trucky-4ab43.firebaseapp.com\",\"messagingSenderId\":\"852668909766\",\"measurementId\":\"G-2PT7BKQCW9\"},\"_authTokenSyncURL\":\"/__session\"}","FIREBASE_CONFIG":"{\"projectId\":\"trucky-4ab43\",\"databaseURL\":\"https://trucky-4ab43-default-rtdb.europe-west1.firebasedatabase.app\",\"storageBucket\":\"trucky-4ab43.appspot.com\",\"locationId\":\"europe-west\"}","GCLOUD_PROJECT":"trucky-4ab43","EVENTARC_CLOUD_EVENT_SOURCE":"projects/trucky-4ab43/locations/europe-west1/services/ssrtrucky4ab43"},"maxInstanceCount":100,"ingressSettings":"ALLOW_ALL","serviceAccountEmail":"852668909766-compute@developer.gserviceaccount.com","availableMemory":"256Mi","maxInstanceRequestConcurrency":1},"labels":{"deployment-tool":"cli-firebase","firebase-functions-codebase":"firebase-frameworks-trucky-4ab43","firebase-functions-hash":"e8ef7013e972022e97221525c4a22556ed0ffd16"},"environment":"GEN_2"},"stages":[{"name":"BUILD","message":"Creating build","state":"IN_PROGRESS","resource":"projects/852668909766/locations/europe-west1/builds/018c36e4-0571-4764-87e9-5432f911f2f4","resourceUri":"https://console.cloud.google.com/cloud-build/builds;region=europe-west1/018c36e4-0571-4764-87e9-5432f911f2f4?project=852668909766"},{"name":"SERVICE","state":"NOT_STARTED"}]},"done":false}
[debug] [2023-03-13T20:34:41.569Z] [create-firebase-frameworks-trucky-4ab43-europe-west1-ssrtrucky4ab43] Retrying task index 0
[debug] [2023-03-13T20:34:41.569Z] >>> [apiv2][query] GET https://cloudfunctions.googleapis.com/v2/projects/trucky-4ab43/locations/europe-west1/operations/operation-1678739409765-5f6cdfa308509-02ea8b81-a825eea3 [none]
[debug] [2023-03-13T20:34:41.847Z] <<< [apiv2][status] GET https://cloudfunctions.googleapis.com/v2/projects/trucky-4ab43/locations/europe-west1/operations/operation-1678739409765-5f6cdfa308509-02ea8b81-a825eea3 200
[debug] [2023-03-13T20:34:41.848Z] <<< [apiv2][body] GET https://cloudfunctions.googleapis.com/v2/projects/trucky-4ab43/locations/europe-west1/operations/operation-1678739409765-5f6cdfa308509-02ea8b81-a825eea3 {"name":"projects/trucky-4ab43/locations/europe-west1/operations/operation-1678739409765-5f6cdfa308509-02ea8b81-a825eea3","metadata":{"@type":"type.googleapis.com/google.cloud.functions.v2.OperationMetadata","createTime":"2023-03-13T20:30:11.931962890Z","target":"projects/trucky-4ab43/locations/europe-west1/functions/ssrtrucky4ab43","verb":"create","cancelRequested":false,"apiVersion":"v2","requestResource":{"@type":"type.googleapis.com/google.cloud.functions.v2.Function","name":"projects/trucky-4ab43/locations/europe-west1/functions/ssrtrucky4ab43","buildConfig":{"runtime":"nodejs18","entryPoint":"ssrtrucky4ab43","source":{"storageSource":{"bucket":"gcf-v2-sources-852668909766-europe-west1","object":"ssrtrucky4ab43/function-source.zip"}}},"serviceConfig":{"service":"projects/trucky-4ab43/locations/europe-west1/services/ssrtrucky4ab43","timeoutSeconds":60,"environmentVariables":{"TRUCKY_API_KEY":"AIzaSyBlwcJwGtOvk9NHLpnBfxoPeANEpibye-g","TRUCKY_AUTH_DOMAIN":"trucky-4ab43.firebaseapp.com","TRUCKY_PROJECT_ID":"trucky-4ab43","TRUCKY_STORAGE_BUCKET":"trucky-4ab43.appspot.com","TRUCKY_MESSAGING_SENDER_ID":"852668909766","TRUCKY_APP_ID":"1:852668909766:web:e0a316cd85505945426fc7","TRUCKY_MEASUREMENT_ID":"G-2PT7BKQCW9","TRUCKY_DATABASE_URL":"https://trucky-4ab43-default-rtdb.europe-west1.firebasedatabase.app","__FIREBASE_FRAMEWORKS_ENTRY__":"next.js","__FIREBASE_DEFAULTS__":"{\"config\":{\"projectId\":\"trucky-4ab43\",\"appId\":\"1:852668909766:web:e0a316cd85505945426fc7\",\"databaseURL\":\"https://trucky-4ab43-default-rtdb.europe-west1.firebasedatabase.app\",\"storageBucket\":\"trucky-4ab43.appspot.com\",\"locationId\":\"europe-west\",\"apiKey\":\"AIzaSyBlwcJwGtOvk9NHLpnBfxoPeANEpibye-g\",\"authDomain\":\"trucky-4ab43.firebaseapp.com\",\"messagingSenderId\":\"852668909766\",\"measurementId\":\"G-2PT7BKQCW9\"},\"_authTokenSyncURL\":\"/__session\"}","FIREBASE_CONFIG":"{\"projectId\":\"trucky-4ab43\",\"databaseURL\":\"https://trucky-4ab43-default-rtdb.europe-west1.firebasedatabase.app\",\"storageBucket\":\"trucky-4ab43.appspot.com\",\"locationId\":\"europe-west\"}","GCLOUD_PROJECT":"trucky-4ab43","EVENTARC_CLOUD_EVENT_SOURCE":"projects/trucky-4ab43/locations/europe-west1/services/ssrtrucky4ab43"},"maxInstanceCount":100,"ingressSettings":"ALLOW_ALL","serviceAccountEmail":"852668909766-compute@developer.gserviceaccount.com","availableMemory":"256Mi","maxInstanceRequestConcurrency":1},"labels":{"deployment-tool":"cli-firebase","firebase-functions-codebase":"firebase-frameworks-trucky-4ab43","firebase-functions-hash":"e8ef7013e972022e97221525c4a22556ed0ffd16"},"environment":"GEN_2"},"stages":[{"name":"BUILD","message":"Creating build","state":"IN_PROGRESS","resource":"projects/852668909766/locations/europe-west1/builds/018c36e4-0571-4764-87e9-5432f911f2f4","resourceUri":"https://console.cloud.google.com/cloud-build/builds;region=europe-west1/018c36e4-0571-4764-87e9-5432f911f2f4?project=852668909766"},{"name":"SERVICE","state":"NOT_STARTED"}]},"done":false}
[debug] [2023-03-13T20:34:51.848Z] [create-firebase-frameworks-trucky-4ab43-europe-west1-ssrtrucky4ab43] Retrying task index 0
[debug] [2023-03-13T20:34:51.848Z] >>> [apiv2][query] GET https://cloudfunctions.googleapis.com/v2/projects/trucky-4ab43/locations/europe-west1/operations/operation-1678739409765-5f6cdfa308509-02ea8b81-a825eea3 [none]
[debug] [2023-03-13T20:34:52.237Z] <<< [apiv2][status] GET https://cloudfunctions.googleapis.com/v2/projects/trucky-4ab43/locations/europe-west1/operations/operation-1678739409765-5f6cdfa308509-02ea8b81-a825eea3 200
[debug] [2023-03-13T20:34:52.237Z] <<< [apiv2][body] GET https://cloudfunctions.googleapis.com/v2/projects/trucky-4ab43/locations/europe-west1/operations/operation-1678739409765-5f6cdfa308509-02ea8b81-a825eea3 {"name":"projects/trucky-4ab43/locations/europe-west1/operations/operation-1678739409765-5f6cdfa308509-02ea8b81-a825eea3","metadata":{"@type":"type.googleapis.com/google.cloud.functions.v2.OperationMetadata","createTime":"2023-03-13T20:30:11.931962890Z","target":"projects/trucky-4ab43/locations/europe-west1/functions/ssrtrucky4ab43","verb":"create","cancelRequested":false,"apiVersion":"v2","requestResource":{"@type":"type.googleapis.com/google.cloud.functions.v2.Function","name":"projects/trucky-4ab43/locations/europe-west1/functions/ssrtrucky4ab43","buildConfig":{"runtime":"nodejs18","entryPoint":"ssrtrucky4ab43","source":{"storageSource":{"bucket":"gcf-v2-sources-852668909766-europe-west1","object":"ssrtrucky4ab43/function-source.zip"}}},"serviceConfig":{"service":"projects/trucky-4ab43/locations/europe-west1/services/ssrtrucky4ab43","timeoutSeconds":60,"environmentVariables":{"TRUCKY_API_KEY":"AIzaSyBlwcJwGtOvk9NHLpnBfxoPeANEpibye-g","TRUCKY_AUTH_DOMAIN":"trucky-4ab43.firebaseapp.com","TRUCKY_PROJECT_ID":"trucky-4ab43","TRUCKY_STORAGE_BUCKET":"trucky-4ab43.appspot.com","TRUCKY_MESSAGING_SENDER_ID":"852668909766","TRUCKY_APP_ID":"1:852668909766:web:e0a316cd85505945426fc7","TRUCKY_MEASUREMENT_ID":"G-2PT7BKQCW9","TRUCKY_DATABASE_URL":"https://trucky-4ab43-default-rtdb.europe-west1.firebasedatabase.app","__FIREBASE_FRAMEWORKS_ENTRY__":"next.js","__FIREBASE_DEFAULTS__":"{\"config\":{\"projectId\":\"trucky-4ab43\",\"appId\":\"1:852668909766:web:e0a316cd85505945426fc7\",\"databaseURL\":\"https://trucky-4ab43-default-rtdb.europe-west1.firebasedatabase.app\",\"storageBucket\":\"trucky-4ab43.appspot.com\",\"locationId\":\"europe-west\",\"apiKey\":\"AIzaSyBlwcJwGtOvk9NHLpnBfxoPeANEpibye-g\",\"authDomain\":\"trucky-4ab43.firebaseapp.com\",\"messagingSenderId\":\"852668909766\",\"measurementId\":\"G-2PT7BKQCW9\"},\"_authTokenSyncURL\":\"/__session\"}","FIREBASE_CONFIG":"{\"projectId\":\"trucky-4ab43\",\"databaseURL\":\"https://trucky-4ab43-default-rtdb.europe-west1.firebasedatabase.app\",\"storageBucket\":\"trucky-4ab43.appspot.com\",\"locationId\":\"europe-west\"}","GCLOUD_PROJECT":"trucky-4ab43","EVENTARC_CLOUD_EVENT_SOURCE":"projects/trucky-4ab43/locations/europe-west1/services/ssrtrucky4ab43"},"maxInstanceCount":100,"ingressSettings":"ALLOW_ALL","serviceAccountEmail":"852668909766-compute@developer.gserviceaccount.com","availableMemory":"256Mi","maxInstanceRequestConcurrency":1},"labels":{"deployment-tool":"cli-firebase","firebase-functions-codebase":"firebase-frameworks-trucky-4ab43","firebase-functions-hash":"e8ef7013e972022e97221525c4a22556ed0ffd16"},"environment":"GEN_2"},"stages":[{"name":"BUILD","message":"Creating build","state":"IN_PROGRESS","resource":"projects/852668909766/locations/europe-west1/builds/018c36e4-0571-4764-87e9-5432f911f2f4","resourceUri":"https://console.cloud.google.com/cloud-build/builds;region=europe-west1/018c36e4-0571-4764-87e9-5432f911f2f4?project=852668909766"},{"name":"SERVICE","state":"NOT_STARTED"}]},"done":false}
[debug] [2023-03-13T20:35:02.238Z] [create-firebase-frameworks-trucky-4ab43-europe-west1-ssrtrucky4ab43] Retrying task index 0
[debug] [2023-03-13T20:35:02.239Z] >>> [apiv2][query] GET https://cloudfunctions.googleapis.com/v2/projects/trucky-4ab43/locations/europe-west1/operations/operation-1678739409765-5f6cdfa308509-02ea8b81-a825eea3 [none]
[debug] [2023-03-13T20:35:02.757Z] <<< [apiv2][status] GET https://cloudfunctions.googleapis.com/v2/projects/trucky-4ab43/locations/europe-west1/operations/operation-1678739409765-5f6cdfa308509-02ea8b81-a825eea3 200
[debug] [2023-03-13T20:35:02.757Z] <<< [apiv2][body] GET https://cloudfunctions.googleapis.com/v2/projects/trucky-4ab43/locations/europe-west1/operations/operation-1678739409765-5f6cdfa308509-02ea8b81-a825eea3 {"name":"projects/trucky-4ab43/locations/europe-west1/operations/operation-1678739409765-5f6cdfa308509-02ea8b81-a825eea3","metadata":{"@type":"type.googleapis.com/google.cloud.functions.v2.OperationMetadata","createTime":"2023-03-13T20:30:11.931962890Z","target":"projects/trucky-4ab43/locations/europe-west1/functions/ssrtrucky4ab43","verb":"create","cancelRequested":false,"apiVersion":"v2","requestResource":{"@type":"type.googleapis.com/google.cloud.functions.v2.Function","name":"projects/trucky-4ab43/locations/europe-west1/functions/ssrtrucky4ab43","buildConfig":{"runtime":"nodejs18","entryPoint":"ssrtrucky4ab43","source":{"storageSource":{"bucket":"gcf-v2-sources-852668909766-europe-west1","object":"ssrtrucky4ab43/function-source.zip"}}},"serviceConfig":{"service":"projects/trucky-4ab43/locations/europe-west1/services/ssrtrucky4ab43","timeoutSeconds":60,"environmentVariables":{"TRUCKY_API_KEY":"AIzaSyBlwcJwGtOvk9NHLpnBfxoPeANEpibye-g","TRUCKY_AUTH_DOMAIN":"trucky-4ab43.firebaseapp.com","TRUCKY_PROJECT_ID":"trucky-4ab43","TRUCKY_STORAGE_BUCKET":"trucky-4ab43.appspot.com","TRUCKY_MESSAGING_SENDER_ID":"852668909766","TRUCKY_APP_ID":"1:852668909766:web:e0a316cd85505945426fc7","TRUCKY_MEASUREMENT_ID":"G-2PT7BKQCW9","TRUCKY_DATABASE_URL":"https://trucky-4ab43-default-rtdb.europe-west1.firebasedatabase.app","__FIREBASE_FRAMEWORKS_ENTRY__":"next.js","__FIREBASE_DEFAULTS__":"{\"config\":{\"projectId\":\"trucky-4ab43\",\"appId\":\"1:852668909766:web:e0a316cd85505945426fc7\",\"databaseURL\":\"https://trucky-4ab43-default-rtdb.europe-west1.firebasedatabase.app\",\"storageBucket\":\"trucky-4ab43.appspot.com\",\"locationId\":\"europe-west\",\"apiKey\":\"AIzaSyBlwcJwGtOvk9NHLpnBfxoPeANEpibye-g\",\"authDomain\":\"trucky-4ab43.firebaseapp.com\",\"messagingSenderId\":\"852668909766\",\"measurementId\":\"G-2PT7BKQCW9\"},\"_authTokenSyncURL\":\"/__session\"}","FIREBASE_CONFIG":"{\"projectId\":\"trucky-4ab43\",\"databaseURL\":\"https://trucky-4ab43-default-rtdb.europe-west1.firebasedatabase.app\",\"storageBucket\":\"trucky-4ab43.appspot.com\",\"locationId\":\"europe-west\"}","GCLOUD_PROJECT":"trucky-4ab43","EVENTARC_CLOUD_EVENT_SOURCE":"projects/trucky-4ab43/locations/europe-west1/services/ssrtrucky4ab43"},"maxInstanceCount":100,"ingressSettings":"ALLOW_ALL","serviceAccountEmail":"852668909766-compute@developer.gserviceaccount.com","availableMemory":"256Mi","maxInstanceRequestConcurrency":1},"labels":{"deployment-tool":"cli-firebase","firebase-functions-codebase":"firebase-frameworks-trucky-4ab43","firebase-functions-hash":"e8ef7013e972022e97221525c4a22556ed0ffd16"},"environment":"GEN_2"},"stages":[{"name":"BUILD","message":"Creating build","state":"IN_PROGRESS","resource":"projects/852668909766/locations/europe-west1/builds/018c36e4-0571-4764-87e9-5432f911f2f4","resourceUri":"https://console.cloud.google.com/cloud-build/builds;region=europe-west1/018c36e4-0571-4764-87e9-5432f911f2f4?project=852668909766"},{"name":"SERVICE","state":"NOT_STARTED"}]},"done":false}
[debug] [2023-03-13T20:35:12.758Z] [create-firebase-frameworks-trucky-4ab43-europe-west1-ssrtrucky4ab43] Retrying task index 0
[debug] [2023-03-13T20:35:12.759Z] >>> [apiv2][query] GET https://cloudfunctions.googleapis.com/v2/projects/trucky-4ab43/locations/europe-west1/operations/operation-1678739409765-5f6cdfa308509-02ea8b81-a825eea3 [none]
[debug] [2023-03-13T20:35:14.058Z] <<< [apiv2][status] GET https://cloudfunctions.googleapis.com/v2/projects/trucky-4ab43/locations/europe-west1/operations/operation-1678739409765-5f6cdfa308509-02ea8b81-a825eea3 200
[debug] [2023-03-13T20:35:14.059Z] <<< [apiv2][body] GET https://cloudfunctions.googleapis.com/v2/projects/trucky-4ab43/locations/europe-west1/operations/operation-1678739409765-5f6cdfa308509-02ea8b81-a825eea3 {"name":"projects/trucky-4ab43/locations/europe-west1/operations/operation-1678739409765-5f6cdfa308509-02ea8b81-a825eea3","metadata":{"@type":"type.googleapis.com/google.cloud.functions.v2.OperationMetadata","createTime":"2023-03-13T20:30:11.931962890Z","target":"projects/trucky-4ab43/locations/europe-west1/functions/ssrtrucky4ab43","verb":"create","cancelRequested":false,"apiVersion":"v2","requestResource":{"@type":"type.googleapis.com/google.cloud.functions.v2.Function","name":"projects/trucky-4ab43/locations/europe-west1/functions/ssrtrucky4ab43","buildConfig":{"runtime":"nodejs18","entryPoint":"ssrtrucky4ab43","source":{"storageSource":{"bucket":"gcf-v2-sources-852668909766-europe-west1","object":"ssrtrucky4ab43/function-source.zip"}}},"serviceConfig":{"service":"projects/trucky-4ab43/locations/europe-west1/services/ssrtrucky4ab43","timeoutSeconds":60,"environmentVariables":{"TRUCKY_API_KEY":"AIzaSyBlwcJwGtOvk9NHLpnBfxoPeANEpibye-g","TRUCKY_AUTH_DOMAIN":"trucky-4ab43.firebaseapp.com","TRUCKY_PROJECT_ID":"trucky-4ab43","TRUCKY_STORAGE_BUCKET":"trucky-4ab43.appspot.com","TRUCKY_MESSAGING_SENDER_ID":"852668909766","TRUCKY_APP_ID":"1:852668909766:web:e0a316cd85505945426fc7","TRUCKY_MEASUREMENT_ID":"G-2PT7BKQCW9","TRUCKY_DATABASE_URL":"https://trucky-4ab43-default-rtdb.europe-west1.firebasedatabase.app","__FIREBASE_FRAMEWORKS_ENTRY__":"next.js","__FIREBASE_DEFAULTS__":"{\"config\":{\"projectId\":\"trucky-4ab43\",\"appId\":\"1:852668909766:web:e0a316cd85505945426fc7\",\"databaseURL\":\"https://trucky-4ab43-default-rtdb.europe-west1.firebasedatabase.app\",\"storageBucket\":\"trucky-4ab43.appspot.com\",\"locationId\":\"europe-west\",\"apiKey\":\"AIzaSyBlwcJwGtOvk9NHLpnBfxoPeANEpibye-g\",\"authDomain\":\"trucky-4ab43.firebaseapp.com\",\"messagingSenderId\":\"852668909766\",\"measurementId\":\"G-2PT7BKQCW9\"},\"_authTokenSyncURL\":\"/__session\"}","FIREBASE_CONFIG":"{\"projectId\":\"trucky-4ab43\",\"databaseURL\":\"https://trucky-4ab43-default-rtdb.europe-west1.firebasedatabase.app\",\"storageBucket\":\"trucky-4ab43.appspot.com\",\"locationId\":\"europe-west\"}","GCLOUD_PROJECT":"trucky-4ab43","EVENTARC_CLOUD_EVENT_SOURCE":"projects/trucky-4ab43/locations/europe-west1/services/ssrtrucky4ab43"},"maxInstanceCount":100,"ingressSettings":"ALLOW_ALL","serviceAccountEmail":"852668909766-compute@developer.gserviceaccount.com","availableMemory":"256Mi","maxInstanceRequestConcurrency":1},"labels":{"deployment-tool":"cli-firebase","firebase-functions-codebase":"firebase-frameworks-trucky-4ab43","firebase-functions-hash":"e8ef7013e972022e97221525c4a22556ed0ffd16"},"environment":"GEN_2"},"stages":[{"name":"BUILD","message":"Creating build","state":"IN_PROGRESS","resource":"projects/852668909766/locations/europe-west1/builds/018c36e4-0571-4764-87e9-5432f911f2f4","resourceUri":"https://console.cloud.google.com/cloud-build/builds;region=europe-west1/018c36e4-0571-4764-87e9-5432f911f2f4?project=852668909766"},{"name":"SERVICE","state":"NOT_STARTED"}]},"done":false}
[debug] [2023-03-13T20:35:24.060Z] [create-firebase-frameworks-trucky-4ab43-europe-west1-ssrtrucky4ab43] Retrying task index 0
[debug] [2023-03-13T20:35:24.060Z] >>> [apiv2][query] GET https://cloudfunctions.googleapis.com/v2/projects/trucky-4ab43/locations/europe-west1/operations/operation-1678739409765-5f6cdfa308509-02ea8b81-a825eea3 [none]
[debug] [2023-03-13T20:35:24.677Z] <<< [apiv2][status] GET https://cloudfunctions.googleapis.com/v2/projects/trucky-4ab43/locations/europe-west1/operations/operation-1678739409765-5f6cdfa308509-02ea8b81-a825eea3 200
[debug] [2023-03-13T20:35:24.677Z] <<< [apiv2][body] GET https://cloudfunctions.googleapis.com/v2/projects/trucky-4ab43/locations/europe-west1/operations/operation-1678739409765-5f6cdfa308509-02ea8b81-a825eea3 {"name":"projects/trucky-4ab43/locations/europe-west1/operations/operation-1678739409765-5f6cdfa308509-02ea8b81-a825eea3","metadata":{"@type":"type.googleapis.com/google.cloud.functions.v2.OperationMetadata","createTime":"2023-03-13T20:30:11.931962890Z","target":"projects/trucky-4ab43/locations/europe-west1/functions/ssrtrucky4ab43","verb":"create","cancelRequested":false,"apiVersion":"v2","requestResource":{"@type":"type.googleapis.com/google.cloud.functions.v2.Function","name":"projects/trucky-4ab43/locations/europe-west1/functions/ssrtrucky4ab43","buildConfig":{"runtime":"nodejs18","entryPoint":"ssrtrucky4ab43","source":{"storageSource":{"bucket":"gcf-v2-sources-852668909766-europe-west1","object":"ssrtrucky4ab43/function-source.zip"}}},"serviceConfig":{"service":"projects/trucky-4ab43/locations/europe-west1/services/ssrtrucky4ab43","timeoutSeconds":60,"environmentVariables":{"TRUCKY_API_KEY":"AIzaSyBlwcJwGtOvk9NHLpnBfxoPeANEpibye-g","TRUCKY_AUTH_DOMAIN":"trucky-4ab43.firebaseapp.com","TRUCKY_PROJECT_ID":"trucky-4ab43","TRUCKY_STORAGE_BUCKET":"trucky-4ab43.appspot.com","TRUCKY_MESSAGING_SENDER_ID":"852668909766","TRUCKY_APP_ID":"1:852668909766:web:e0a316cd85505945426fc7","TRUCKY_MEASUREMENT_ID":"G-2PT7BKQCW9","TRUCKY_DATABASE_URL":"https://trucky-4ab43-default-rtdb.europe-west1.firebasedatabase.app","__FIREBASE_FRAMEWORKS_ENTRY__":"next.js","__FIREBASE_DEFAULTS__":"{\"config\":{\"projectId\":\"trucky-4ab43\",\"appId\":\"1:852668909766:web:e0a316cd85505945426fc7\",\"databaseURL\":\"https://trucky-4ab43-default-rtdb.europe-west1.firebasedatabase.app\",\"storageBucket\":\"trucky-4ab43.appspot.com\",\"locationId\":\"europe-west\",\"apiKey\":\"AIzaSyBlwcJwGtOvk9NHLpnBfxoPeANEpibye-g\",\"authDomain\":\"trucky-4ab43.firebaseapp.com\",\"messagingSenderId\":\"852668909766\",\"measurementId\":\"G-2PT7BKQCW9\"},\"_authTokenSyncURL\":\"/__session\"}","FIREBASE_CONFIG":"{\"projectId\":\"trucky-4ab43\",\"databaseURL\":\"https://trucky-4ab43-default-rtdb.europe-west1.firebasedatabase.app\",\"storageBucket\":\"trucky-4ab43.appspot.com\",\"locationId\":\"europe-west\"}","GCLOUD_PROJECT":"trucky-4ab43","EVENTARC_CLOUD_EVENT_SOURCE":"projects/trucky-4ab43/locations/europe-west1/services/ssrtrucky4ab43"},"maxInstanceCount":100,"ingressSettings":"ALLOW_ALL","serviceAccountEmail":"852668909766-compute@developer.gserviceaccount.com","availableMemory":"256Mi","maxInstanceRequestConcurrency":1},"labels":{"deployment-tool":"cli-firebase","firebase-functions-codebase":"firebase-frameworks-trucky-4ab43","firebase-functions-hash":"e8ef7013e972022e97221525c4a22556ed0ffd16"},"environment":"GEN_2"},"stages":[{"name":"BUILD","message":"Creating build","state":"IN_PROGRESS","resource":"projects/852668909766/locations/europe-west1/builds/018c36e4-0571-4764-87e9-5432f911f2f4","resourceUri":"https://console.cloud.google.com/cloud-build/builds;region=europe-west1/018c36e4-0571-4764-87e9-5432f911f2f4?project=852668909766"},{"name":"SERVICE","state":"NOT_STARTED"}]},"done":false}
[debug] [2023-03-13T20:35:34.679Z] [create-firebase-frameworks-trucky-4ab43-europe-west1-ssrtrucky4ab43] Retrying task index 0
[debug] [2023-03-13T20:35:34.679Z] >>> [apiv2][query] GET https://cloudfunctions.googleapis.com/v2/projects/trucky-4ab43/locations/europe-west1/operations/operation-1678739409765-5f6cdfa308509-02ea8b81-a825eea3 [none]
[debug] [2023-03-13T20:35:34.994Z] <<< [apiv2][status] GET https://cloudfunctions.googleapis.com/v2/projects/trucky-4ab43/locations/europe-west1/operations/operation-1678739409765-5f6cdfa308509-02ea8b81-a825eea3 200
[debug] [2023-03-13T20:35:34.994Z] <<< [apiv2][body] GET https://cloudfunctions.googleapis.com/v2/projects/trucky-4ab43/locations/europe-west1/operations/operation-1678739409765-5f6cdfa308509-02ea8b81-a825eea3 {"name":"projects/trucky-4ab43/locations/europe-west1/operations/operation-1678739409765-5f6cdfa308509-02ea8b81-a825eea3","metadata":{"@type":"type.googleapis.com/google.cloud.functions.v2.OperationMetadata","createTime":"2023-03-13T20:30:11.931962890Z","target":"projects/trucky-4ab43/locations/europe-west1/functions/ssrtrucky4ab43","verb":"create","cancelRequested":false,"apiVersion":"v2","requestResource":{"@type":"type.googleapis.com/google.cloud.functions.v2.Function","name":"projects/trucky-4ab43/locations/europe-west1/functions/ssrtrucky4ab43","buildConfig":{"runtime":"nodejs18","entryPoint":"ssrtrucky4ab43","source":{"storageSource":{"bucket":"gcf-v2-sources-852668909766-europe-west1","object":"ssrtrucky4ab43/function-source.zip"}}},"serviceConfig":{"service":"projects/trucky-4ab43/locations/europe-west1/services/ssrtrucky4ab43","timeoutSeconds":60,"environmentVariables":{"TRUCKY_API_KEY":"AIzaSyBlwcJwGtOvk9NHLpnBfxoPeANEpibye-g","TRUCKY_AUTH_DOMAIN":"trucky-4ab43.firebaseapp.com","TRUCKY_PROJECT_ID":"trucky-4ab43","TRUCKY_STORAGE_BUCKET":"trucky-4ab43.appspot.com","TRUCKY_MESSAGING_SENDER_ID":"852668909766","TRUCKY_APP_ID":"1:852668909766:web:e0a316cd85505945426fc7","TRUCKY_MEASUREMENT_ID":"G-2PT7BKQCW9","TRUCKY_DATABASE_URL":"https://trucky-4ab43-default-rtdb.europe-west1.firebasedatabase.app","__FIREBASE_FRAMEWORKS_ENTRY__":"next.js","__FIREBASE_DEFAULTS__":"{\"config\":{\"projectId\":\"trucky-4ab43\",\"appId\":\"1:852668909766:web:e0a316cd85505945426fc7\",\"databaseURL\":\"https://trucky-4ab43-default-rtdb.europe-west1.firebasedatabase.app\",\"storageBucket\":\"trucky-4ab43.appspot.com\",\"locationId\":\"europe-west\",\"apiKey\":\"AIzaSyBlwcJwGtOvk9NHLpnBfxoPeANEpibye-g\",\"authDomain\":\"trucky-4ab43.firebaseapp.com\",\"messagingSenderId\":\"852668909766\",\"measurementId\":\"G-2PT7BKQCW9\"},\"_authTokenSyncURL\":\"/__session\"}","FIREBASE_CONFIG":"{\"projectId\":\"trucky-4ab43\",\"databaseURL\":\"https://trucky-4ab43-default-rtdb.europe-west1.firebasedatabase.app\",\"storageBucket\":\"trucky-4ab43.appspot.com\",\"locationId\":\"europe-west\"}","GCLOUD_PROJECT":"trucky-4ab43","EVENTARC_CLOUD_EVENT_SOURCE":"projects/trucky-4ab43/locations/europe-west1/services/ssrtrucky4ab43"},"maxInstanceCount":100,"ingressSettings":"ALLOW_ALL","serviceAccountEmail":"852668909766-compute@developer.gserviceaccount.com","availableMemory":"256Mi","maxInstanceRequestConcurrency":1},"labels":{"deployment-tool":"cli-firebase","firebase-functions-codebase":"firebase-frameworks-trucky-4ab43","firebase-functions-hash":"e8ef7013e972022e97221525c4a22556ed0ffd16"},"environment":"GEN_2"},"stages":[{"name":"BUILD","message":"Creating build","state":"IN_PROGRESS","resource":"projects/852668909766/locations/europe-west1/builds/018c36e4-0571-4764-87e9-5432f911f2f4","resourceUri":"https://console.cloud.google.com/cloud-build/builds;region=europe-west1/018c36e4-0571-4764-87e9-5432f911f2f4?project=852668909766"},{"name":"SERVICE","state":"NOT_STARTED"}]},"done":false}
[debug] [2023-03-13T20:35:44.995Z] [create-firebase-frameworks-trucky-4ab43-europe-west1-ssrtrucky4ab43] Retrying task index 0
[debug] [2023-03-13T20:35:44.996Z] >>> [apiv2][query] GET https://cloudfunctions.googleapis.com/v2/projects/trucky-4ab43/locations/europe-west1/operations/operation-1678739409765-5f6cdfa308509-02ea8b81-a825eea3 [none]
[debug] [2023-03-13T20:35:45.854Z] <<< [apiv2][status] GET https://cloudfunctions.googleapis.com/v2/projects/trucky-4ab43/locations/europe-west1/operations/operation-1678739409765-5f6cdfa308509-02ea8b81-a825eea3 200
[debug] [2023-03-13T20:35:45.854Z] <<< [apiv2][body] GET https://cloudfunctions.googleapis.com/v2/projects/trucky-4ab43/locations/europe-west1/operations/operation-1678739409765-5f6cdfa308509-02ea8b81-a825eea3 {"name":"projects/trucky-4ab43/locations/europe-west1/operations/operation-1678739409765-5f6cdfa308509-02ea8b81-a825eea3","metadata":{"@type":"type.googleapis.com/google.cloud.functions.v2.OperationMetadata","createTime":"2023-03-13T20:30:11.931962890Z","target":"projects/trucky-4ab43/locations/europe-west1/functions/ssrtrucky4ab43","verb":"create","cancelRequested":false,"apiVersion":"v2","requestResource":{"@type":"type.googleapis.com/google.cloud.functions.v2.Function","name":"projects/trucky-4ab43/locations/europe-west1/functions/ssrtrucky4ab43","buildConfig":{"runtime":"nodejs18","entryPoint":"ssrtrucky4ab43","source":{"storageSource":{"bucket":"gcf-v2-sources-852668909766-europe-west1","object":"ssrtrucky4ab43/function-source.zip"}}},"serviceConfig":{"service":"projects/trucky-4ab43/locations/europe-west1/services/ssrtrucky4ab43","timeoutSeconds":60,"environmentVariables":{"TRUCKY_API_KEY":"AIzaSyBlwcJwGtOvk9NHLpnBfxoPeANEpibye-g","TRUCKY_AUTH_DOMAIN":"trucky-4ab43.firebaseapp.com","TRUCKY_PROJECT_ID":"trucky-4ab43","TRUCKY_STORAGE_BUCKET":"trucky-4ab43.appspot.com","TRUCKY_MESSAGING_SENDER_ID":"852668909766","TRUCKY_APP_ID":"1:852668909766:web:e0a316cd85505945426fc7","TRUCKY_MEASUREMENT_ID":"G-2PT7BKQCW9","TRUCKY_DATABASE_URL":"https://trucky-4ab43-default-rtdb.europe-west1.firebasedatabase.app","__FIREBASE_FRAMEWORKS_ENTRY__":"next.js","__FIREBASE_DEFAULTS__":"{\"config\":{\"projectId\":\"trucky-4ab43\",\"appId\":\"1:852668909766:web:e0a316cd85505945426fc7\",\"databaseURL\":\"https://trucky-4ab43-default-rtdb.europe-west1.firebasedatabase.app\",\"storageBucket\":\"trucky-4ab43.appspot.com\",\"locationId\":\"europe-west\",\"apiKey\":\"AIzaSyBlwcJwGtOvk9NHLpnBfxoPeANEpibye-g\",\"authDomain\":\"trucky-4ab43.firebaseapp.com\",\"messagingSenderId\":\"852668909766\",\"measurementId\":\"G-2PT7BKQCW9\"},\"_authTokenSyncURL\":\"/__session\"}","FIREBASE_CONFIG":"{\"projectId\":\"trucky-4ab43\",\"databaseURL\":\"https://trucky-4ab43-default-rtdb.europe-west1.firebasedatabase.app\",\"storageBucket\":\"trucky-4ab43.appspot.com\",\"locationId\":\"europe-west\"}","GCLOUD_PROJECT":"trucky-4ab43","EVENTARC_CLOUD_EVENT_SOURCE":"projects/trucky-4ab43/locations/europe-west1/services/ssrtrucky4ab43"},"maxInstanceCount":100,"ingressSettings":"ALLOW_ALL","serviceAccountEmail":"852668909766-compute@developer.gserviceaccount.com","availableMemory":"256Mi","maxInstanceRequestConcurrency":1},"labels":{"deployment-tool":"cli-firebase","firebase-functions-codebase":"firebase-frameworks-trucky-4ab43","firebase-functions-hash":"e8ef7013e972022e97221525c4a22556ed0ffd16"},"environment":"GEN_2"},"stages":[{"name":"BUILD","message":"Creating build","state":"IN_PROGRESS","resource":"projects/852668909766/locations/europe-west1/builds/018c36e4-0571-4764-87e9-5432f911f2f4","resourceUri":"https://console.cloud.google.com/cloud-build/builds;region=europe-west1/018c36e4-0571-4764-87e9-5432f911f2f4?project=852668909766"},{"name":"SERVICE","state":"NOT_STARTED"}]},"done":false}
[debug] [2023-03-13T20:35:55.855Z] [create-firebase-frameworks-trucky-4ab43-europe-west1-ssrtrucky4ab43] Retrying task index 0
[debug] [2023-03-13T20:35:55.855Z] >>> [apiv2][query] GET https://cloudfunctions.googleapis.com/v2/projects/trucky-4ab43/locations/europe-west1/operations/operation-1678739409765-5f6cdfa308509-02ea8b81-a825eea3 [none]
[debug] [2023-03-13T20:35:56.120Z] <<< [apiv2][status] GET https://cloudfunctions.googleapis.com/v2/projects/trucky-4ab43/locations/europe-west1/operations/operation-1678739409765-5f6cdfa308509-02ea8b81-a825eea3 200
[debug] [2023-03-13T20:35:56.120Z] <<< [apiv2][body] GET https://cloudfunctions.googleapis.com/v2/projects/trucky-4ab43/locations/europe-west1/operations/operation-1678739409765-5f6cdfa308509-02ea8b81-a825eea3 {"name":"projects/trucky-4ab43/locations/europe-west1/operations/operation-1678739409765-5f6cdfa308509-02ea8b81-a825eea3","metadata":{"@type":"type.googleapis.com/google.cloud.functions.v2.OperationMetadata","createTime":"2023-03-13T20:30:11.931962890Z","target":"projects/trucky-4ab43/locations/europe-west1/functions/ssrtrucky4ab43","verb":"create","cancelRequested":false,"apiVersion":"v2","requestResource":{"@type":"type.googleapis.com/google.cloud.functions.v2.Function","name":"projects/trucky-4ab43/locations/europe-west1/functions/ssrtrucky4ab43","buildConfig":{"runtime":"nodejs18","entryPoint":"ssrtrucky4ab43","source":{"storageSource":{"bucket":"gcf-v2-sources-852668909766-europe-west1","object":"ssrtrucky4ab43/function-source.zip"}}},"serviceConfig":{"service":"projects/trucky-4ab43/locations/europe-west1/services/ssrtrucky4ab43","timeoutSeconds":60,"environmentVariables":{"TRUCKY_API_KEY":"AIzaSyBlwcJwGtOvk9NHLpnBfxoPeANEpibye-g","TRUCKY_AUTH_DOMAIN":"trucky-4ab43.firebaseapp.com","TRUCKY_PROJECT_ID":"trucky-4ab43","TRUCKY_STORAGE_BUCKET":"trucky-4ab43.appspot.com","TRUCKY_MESSAGING_SENDER_ID":"852668909766","TRUCKY_APP_ID":"1:852668909766:web:e0a316cd85505945426fc7","TRUCKY_MEASUREMENT_ID":"G-2PT7BKQCW9","TRUCKY_DATABASE_URL":"https://trucky-4ab43-default-rtdb.europe-west1.firebasedatabase.app","__FIREBASE_FRAMEWORKS_ENTRY__":"next.js","__FIREBASE_DEFAULTS__":"{\"config\":{\"projectId\":\"trucky-4ab43\",\"appId\":\"1:852668909766:web:e0a316cd85505945426fc7\",\"databaseURL\":\"https://trucky-4ab43-default-rtdb.europe-west1.firebasedatabase.app\",\"storageBucket\":\"trucky-4ab43.appspot.com\",\"locationId\":\"europe-west\",\"apiKey\":\"AIzaSyBlwcJwGtOvk9NHLpnBfxoPeANEpibye-g\",\"authDomain\":\"trucky-4ab43.firebaseapp.com\",\"messagingSenderId\":\"852668909766\",\"measurementId\":\"G-2PT7BKQCW9\"},\"_authTokenSyncURL\":\"/__session\"}","FIREBASE_CONFIG":"{\"projectId\":\"trucky-4ab43\",\"databaseURL\":\"https://trucky-4ab43-default-rtdb.europe-west1.firebasedatabase.app\",\"storageBucket\":\"trucky-4ab43.appspot.com\",\"locationId\":\"europe-west\"}","GCLOUD_PROJECT":"trucky-4ab43","EVENTARC_CLOUD_EVENT_SOURCE":"projects/trucky-4ab43/locations/europe-west1/services/ssrtrucky4ab43"},"maxInstanceCount":100,"ingressSettings":"ALLOW_ALL","serviceAccountEmail":"852668909766-compute@developer.gserviceaccount.com","availableMemory":"256Mi","maxInstanceRequestConcurrency":1},"labels":{"deployment-tool":"cli-firebase","firebase-functions-codebase":"firebase-frameworks-trucky-4ab43","firebase-functions-hash":"e8ef7013e972022e97221525c4a22556ed0ffd16"},"environment":"GEN_2"},"stages":[{"name":"BUILD","message":"Creating build","state":"IN_PROGRESS","resource":"projects/852668909766/locations/europe-west1/builds/018c36e4-0571-4764-87e9-5432f911f2f4","resourceUri":"https://console.cloud.google.com/cloud-build/builds;region=europe-west1/018c36e4-0571-4764-87e9-5432f911f2f4?project=852668909766"},{"name":"SERVICE","state":"NOT_STARTED"}]},"done":false}
[debug] [2023-03-13T20:36:06.120Z] [create-firebase-frameworks-trucky-4ab43-europe-west1-ssrtrucky4ab43] Retrying task index 0
[debug] [2023-03-13T20:36:06.120Z] >>> [apiv2][query] GET https://cloudfunctions.googleapis.com/v2/projects/trucky-4ab43/locations/europe-west1/operations/operation-1678739409765-5f6cdfa308509-02ea8b81-a825eea3 [none]
[debug] [2023-03-13T20:36:06.381Z] <<< [apiv2][status] GET https://cloudfunctions.googleapis.com/v2/projects/trucky-4ab43/locations/europe-west1/operations/operation-1678739409765-5f6cdfa308509-02ea8b81-a825eea3 200
[debug] [2023-03-13T20:36:06.381Z] <<< [apiv2][body] GET https://cloudfunctions.googleapis.com/v2/projects/trucky-4ab43/locations/europe-west1/operations/operation-1678739409765-5f6cdfa308509-02ea8b81-a825eea3 {"name":"projects/trucky-4ab43/locations/europe-west1/operations/operation-1678739409765-5f6cdfa308509-02ea8b81-a825eea3","metadata":{"@type":"type.googleapis.com/google.cloud.functions.v2.OperationMetadata","createTime":"2023-03-13T20:30:11.931962890Z","target":"projects/trucky-4ab43/locations/europe-west1/functions/ssrtrucky4ab43","verb":"create","cancelRequested":false,"apiVersion":"v2","requestResource":{"@type":"type.googleapis.com/google.cloud.functions.v2.Function","name":"projects/trucky-4ab43/locations/europe-west1/functions/ssrtrucky4ab43","buildConfig":{"runtime":"nodejs18","entryPoint":"ssrtrucky4ab43","source":{"storageSource":{"bucket":"gcf-v2-sources-852668909766-europe-west1","object":"ssrtrucky4ab43/function-source.zip"}}},"serviceConfig":{"service":"projects/trucky-4ab43/locations/europe-west1/services/ssrtrucky4ab43","timeoutSeconds":60,"environmentVariables":{"TRUCKY_API_KEY":"AIzaSyBlwcJwGtOvk9NHLpnBfxoPeANEpibye-g","TRUCKY_AUTH_DOMAIN":"trucky-4ab43.firebaseapp.com","TRUCKY_PROJECT_ID":"trucky-4ab43","TRUCKY_STORAGE_BUCKET":"trucky-4ab43.appspot.com","TRUCKY_MESSAGING_SENDER_ID":"852668909766","TRUCKY_APP_ID":"1:852668909766:web:e0a316cd85505945426fc7","TRUCKY_MEASUREMENT_ID":"G-2PT7BKQCW9","TRUCKY_DATABASE_URL":"https://trucky-4ab43-default-rtdb.europe-west1.firebasedatabase.app","__FIREBASE_FRAMEWORKS_ENTRY__":"next.js","__FIREBASE_DEFAULTS__":"{\"config\":{\"projectId\":\"trucky-4ab43\",\"appId\":\"1:852668909766:web:e0a316cd85505945426fc7\",\"databaseURL\":\"https://trucky-4ab43-default-rtdb.europe-west1.firebasedatabase.app\",\"storageBucket\":\"trucky-4ab43.appspot.com\",\"locationId\":\"europe-west\",\"apiKey\":\"AIzaSyBlwcJwGtOvk9NHLpnBfxoPeANEpibye-g\",\"authDomain\":\"trucky-4ab43.firebaseapp.com\",\"messagingSenderId\":\"852668909766\",\"measurementId\":\"G-2PT7BKQCW9\"},\"_authTokenSyncURL\":\"/__session\"}","FIREBASE_CONFIG":"{\"projectId\":\"trucky-4ab43\",\"databaseURL\":\"https://trucky-4ab43-default-rtdb.europe-west1.firebasedatabase.app\",\"storageBucket\":\"trucky-4ab43.appspot.com\",\"locationId\":\"europe-west\"}","GCLOUD_PROJECT":"trucky-4ab43","EVENTARC_CLOUD_EVENT_SOURCE":"projects/trucky-4ab43/locations/europe-west1/services/ssrtrucky4ab43"},"maxInstanceCount":100,"ingressSettings":"ALLOW_ALL","serviceAccountEmail":"852668909766-compute@developer.gserviceaccount.com","availableMemory":"256Mi","maxInstanceRequestConcurrency":1},"labels":{"deployment-tool":"cli-firebase","firebase-functions-codebase":"firebase-frameworks-trucky-4ab43","firebase-functions-hash":"e8ef7013e972022e97221525c4a22556ed0ffd16"},"environment":"GEN_2"},"stages":[{"name":"BUILD","message":"Creating build","state":"IN_PROGRESS","resource":"projects/852668909766/locations/europe-west1/builds/018c36e4-0571-4764-87e9-5432f911f2f4","resourceUri":"https://console.cloud.google.com/cloud-build/builds;region=europe-west1/018c36e4-0571-4764-87e9-5432f911f2f4?project=852668909766"},{"name":"SERVICE","state":"NOT_STARTED"}]},"done":false}
[debug] [2023-03-13T20:36:16.381Z] [create-firebase-frameworks-trucky-4ab43-europe-west1-ssrtrucky4ab43] Retrying task index 0
[debug] [2023-03-13T20:36:16.382Z] >>> [apiv2][query] GET https://cloudfunctions.googleapis.com/v2/projects/trucky-4ab43/locations/europe-west1/operations/operation-1678739409765-5f6cdfa308509-02ea8b81-a825eea3 [none]
[debug] [2023-03-13T20:36:16.604Z] <<< [apiv2][status] GET https://cloudfunctions.googleapis.com/v2/projects/trucky-4ab43/locations/europe-west1/operations/operation-1678739409765-5f6cdfa308509-02ea8b81-a825eea3 200
[debug] [2023-03-13T20:36:16.604Z] <<< [apiv2][body] GET https://cloudfunctions.googleapis.com/v2/projects/trucky-4ab43/locations/europe-west1/operations/operation-1678739409765-5f6cdfa308509-02ea8b81-a825eea3 {"name":"projects/trucky-4ab43/locations/europe-west1/operations/operation-1678739409765-5f6cdfa308509-02ea8b81-a825eea3","metadata":{"@type":"type.googleapis.com/google.cloud.functions.v2.OperationMetadata","createTime":"2023-03-13T20:30:11.931962890Z","target":"projects/trucky-4ab43/locations/europe-west1/functions/ssrtrucky4ab43","verb":"create","cancelRequested":false,"apiVersion":"v2","requestResource":{"@type":"type.googleapis.com/google.cloud.functions.v2.Function","name":"projects/trucky-4ab43/locations/europe-west1/functions/ssrtrucky4ab43","buildConfig":{"runtime":"nodejs18","entryPoint":"ssrtrucky4ab43","source":{"storageSource":{"bucket":"gcf-v2-sources-852668909766-europe-west1","object":"ssrtrucky4ab43/function-source.zip"}}},"serviceConfig":{"service":"projects/trucky-4ab43/locations/europe-west1/services/ssrtrucky4ab43","timeoutSeconds":60,"environmentVariables":{"TRUCKY_API_KEY":"AIzaSyBlwcJwGtOvk9NHLpnBfxoPeANEpibye-g","TRUCKY_AUTH_DOMAIN":"trucky-4ab43.firebaseapp.com","TRUCKY_PROJECT_ID":"trucky-4ab43","TRUCKY_STORAGE_BUCKET":"trucky-4ab43.appspot.com","TRUCKY_MESSAGING_SENDER_ID":"852668909766","TRUCKY_APP_ID":"1:852668909766:web:e0a316cd85505945426fc7","TRUCKY_MEASUREMENT_ID":"G-2PT7BKQCW9","TRUCKY_DATABASE_URL":"https://trucky-4ab43-default-rtdb.europe-west1.firebasedatabase.app","__FIREBASE_FRAMEWORKS_ENTRY__":"next.js","__FIREBASE_DEFAULTS__":"{\"config\":{\"projectId\":\"trucky-4ab43\",\"appId\":\"1:852668909766:web:e0a316cd85505945426fc7\",\"databaseURL\":\"https://trucky-4ab43-default-rtdb.europe-west1.firebasedatabase.app\",\"storageBucket\":\"trucky-4ab43.appspot.com\",\"locationId\":\"europe-west\",\"apiKey\":\"AIzaSyBlwcJwGtOvk9NHLpnBfxoPeANEpibye-g\",\"authDomain\":\"trucky-4ab43.firebaseapp.com\",\"messagingSenderId\":\"852668909766\",\"measurementId\":\"G-2PT7BKQCW9\"},\"_authTokenSyncURL\":\"/__session\"}","FIREBASE_CONFIG":"{\"projectId\":\"trucky-4ab43\",\"databaseURL\":\"https://trucky-4ab43-default-rtdb.europe-west1.firebasedatabase.app\",\"storageBucket\":\"trucky-4ab43.appspot.com\",\"locationId\":\"europe-west\"}","GCLOUD_PROJECT":"trucky-4ab43","EVENTARC_CLOUD_EVENT_SOURCE":"projects/trucky-4ab43/locations/europe-west1/services/ssrtrucky4ab43"},"maxInstanceCount":100,"ingressSettings":"ALLOW_ALL","serviceAccountEmail":"852668909766-compute@developer.gserviceaccount.com","availableMemory":"256Mi","maxInstanceRequestConcurrency":1},"labels":{"deployment-tool":"cli-firebase","firebase-functions-codebase":"firebase-frameworks-trucky-4ab43","firebase-functions-hash":"e8ef7013e972022e97221525c4a22556ed0ffd16"},"environment":"GEN_2"},"stages":[{"name":"BUILD","message":"Creating build","state":"IN_PROGRESS","resource":"projects/852668909766/locations/europe-west1/builds/018c36e4-0571-4764-87e9-5432f911f2f4","resourceUri":"https://console.cloud.google.com/cloud-build/builds;region=europe-west1/018c36e4-0571-4764-87e9-5432f911f2f4?project=852668909766"},{"name":"SERVICE","state":"NOT_STARTED"}]},"done":false}
[debug] [2023-03-13T20:36:26.604Z] [create-firebase-frameworks-trucky-4ab43-europe-west1-ssrtrucky4ab43] Retrying task index 0
[debug] [2023-03-13T20:36:26.605Z] >>> [apiv2][query] GET https://cloudfunctions.googleapis.com/v2/projects/trucky-4ab43/locations/europe-west1/operations/operation-1678739409765-5f6cdfa308509-02ea8b81-a825eea3 [none]
[debug] [2023-03-13T20:36:26.882Z] <<< [apiv2][status] GET https://cloudfunctions.googleapis.com/v2/projects/trucky-4ab43/locations/europe-west1/operations/operation-1678739409765-5f6cdfa308509-02ea8b81-a825eea3 200
[debug] [2023-03-13T20:36:26.882Z] <<< [apiv2][body] GET https://cloudfunctions.googleapis.com/v2/projects/trucky-4ab43/locations/europe-west1/operations/operation-1678739409765-5f6cdfa308509-02ea8b81-a825eea3 {"name":"projects/trucky-4ab43/locations/europe-west1/operations/operation-1678739409765-5f6cdfa308509-02ea8b81-a825eea3","metadata":{"@type":"type.googleapis.com/google.cloud.functions.v2.OperationMetadata","createTime":"2023-03-13T20:30:11.931962890Z","target":"projects/trucky-4ab43/locations/europe-west1/functions/ssrtrucky4ab43","verb":"create","cancelRequested":false,"apiVersion":"v2","requestResource":{"@type":"type.googleapis.com/google.cloud.functions.v2.Function","name":"projects/trucky-4ab43/locations/europe-west1/functions/ssrtrucky4ab43","buildConfig":{"runtime":"nodejs18","entryPoint":"ssrtrucky4ab43","source":{"storageSource":{"bucket":"gcf-v2-sources-852668909766-europe-west1","object":"ssrtrucky4ab43/function-source.zip"}}},"serviceConfig":{"service":"projects/trucky-4ab43/locations/europe-west1/services/ssrtrucky4ab43","timeoutSeconds":60,"environmentVariables":{"TRUCKY_API_KEY":"AIzaSyBlwcJwGtOvk9NHLpnBfxoPeANEpibye-g","TRUCKY_AUTH_DOMAIN":"trucky-4ab43.firebaseapp.com","TRUCKY_PROJECT_ID":"trucky-4ab43","TRUCKY_STORAGE_BUCKET":"trucky-4ab43.appspot.com","TRUCKY_MESSAGING_SENDER_ID":"852668909766","TRUCKY_APP_ID":"1:852668909766:web:e0a316cd85505945426fc7","TRUCKY_MEASUREMENT_ID":"G-2PT7BKQCW9","TRUCKY_DATABASE_URL":"https://trucky-4ab43-default-rtdb.europe-west1.firebasedatabase.app","__FIREBASE_FRAMEWORKS_ENTRY__":"next.js","__FIREBASE_DEFAULTS__":"{\"config\":{\"projectId\":\"trucky-4ab43\",\"appId\":\"1:852668909766:web:e0a316cd85505945426fc7\",\"databaseURL\":\"https://trucky-4ab43-default-rtdb.europe-west1.firebasedatabase.app\",\"storageBucket\":\"trucky-4ab43.appspot.com\",\"locationId\":\"europe-west\",\"apiKey\":\"AIzaSyBlwcJwGtOvk9NHLpnBfxoPeANEpibye-g\",\"authDomain\":\"trucky-4ab43.firebaseapp.com\",\"messagingSenderId\":\"852668909766\",\"measurementId\":\"G-2PT7BKQCW9\"},\"_authTokenSyncURL\":\"/__session\"}","FIREBASE_CONFIG":"{\"projectId\":\"trucky-4ab43\",\"databaseURL\":\"https://trucky-4ab43-default-rtdb.europe-west1.firebasedatabase.app\",\"storageBucket\":\"trucky-4ab43.appspot.com\",\"locationId\":\"europe-west\"}","GCLOUD_PROJECT":"trucky-4ab43","EVENTARC_CLOUD_EVENT_SOURCE":"projects/trucky-4ab43/locations/europe-west1/services/ssrtrucky4ab43"},"maxInstanceCount":100,"ingressSettings":"ALLOW_ALL","serviceAccountEmail":"852668909766-compute@developer.gserviceaccount.com","availableMemory":"256Mi","maxInstanceRequestConcurrency":1},"labels":{"deployment-tool":"cli-firebase","firebase-functions-codebase":"firebase-frameworks-trucky-4ab43","firebase-functions-hash":"e8ef7013e972022e97221525c4a22556ed0ffd16"},"environment":"GEN_2"},"stages":[{"name":"BUILD","message":"Creating build","state":"IN_PROGRESS","resource":"projects/852668909766/locations/europe-west1/builds/018c36e4-0571-4764-87e9-5432f911f2f4","resourceUri":"https://console.cloud.google.com/cloud-build/builds;region=europe-west1/018c36e4-0571-4764-87e9-5432f911f2f4?project=852668909766"},{"name":"SERVICE","state":"NOT_STARTED"}]},"done":false}
[debug] [2023-03-13T20:36:36.882Z] [create-firebase-frameworks-trucky-4ab43-europe-west1-ssrtrucky4ab43] Retrying task index 0
[debug] [2023-03-13T20:36:36.883Z] >>> [apiv2][query] GET https://cloudfunctions.googleapis.com/v2/projects/trucky-4ab43/locations/europe-west1/operations/operation-1678739409765-5f6cdfa308509-02ea8b81-a825eea3 [none]
[debug] [2023-03-13T20:36:37.202Z] <<< [apiv2][status] GET https://cloudfunctions.googleapis.com/v2/projects/trucky-4ab43/locations/europe-west1/operations/operation-1678739409765-5f6cdfa308509-02ea8b81-a825eea3 200
[debug] [2023-03-13T20:36:37.202Z] <<< [apiv2][body] GET https://cloudfunctions.googleapis.com/v2/projects/trucky-4ab43/locations/europe-west1/operations/operation-1678739409765-5f6cdfa308509-02ea8b81-a825eea3 {"name":"projects/trucky-4ab43/locations/europe-west1/operations/operation-1678739409765-5f6cdfa308509-02ea8b81-a825eea3","metadata":{"@type":"type.googleapis.com/google.cloud.functions.v2.OperationMetadata","createTime":"2023-03-13T20:30:11.931962890Z","target":"projects/trucky-4ab43/locations/europe-west1/functions/ssrtrucky4ab43","verb":"create","cancelRequested":false,"apiVersion":"v2","requestResource":{"@type":"type.googleapis.com/google.cloud.functions.v2.Function","name":"projects/trucky-4ab43/locations/europe-west1/functions/ssrtrucky4ab43","buildConfig":{"runtime":"nodejs18","entryPoint":"ssrtrucky4ab43","source":{"storageSource":{"bucket":"gcf-v2-sources-852668909766-europe-west1","object":"ssrtrucky4ab43/function-source.zip"}}},"serviceConfig":{"service":"projects/trucky-4ab43/locations/europe-west1/services/ssrtrucky4ab43","timeoutSeconds":60,"environmentVariables":{"TRUCKY_API_KEY":"AIzaSyBlwcJwGtOvk9NHLpnBfxoPeANEpibye-g","TRUCKY_AUTH_DOMAIN":"trucky-4ab43.firebaseapp.com","TRUCKY_PROJECT_ID":"trucky-4ab43","TRUCKY_STORAGE_BUCKET":"trucky-4ab43.appspot.com","TRUCKY_MESSAGING_SENDER_ID":"852668909766","TRUCKY_APP_ID":"1:852668909766:web:e0a316cd85505945426fc7","TRUCKY_MEASUREMENT_ID":"G-2PT7BKQCW9","TRUCKY_DATABASE_URL":"https://trucky-4ab43-default-rtdb.europe-west1.firebasedatabase.app","__FIREBASE_FRAMEWORKS_ENTRY__":"next.js","__FIREBASE_DEFAULTS__":"{\"config\":{\"projectId\":\"trucky-4ab43\",\"appId\":\"1:852668909766:web:e0a316cd85505945426fc7\",\"databaseURL\":\"https://trucky-4ab43-default-rtdb.europe-west1.firebasedatabase.app\",\"storageBucket\":\"trucky-4ab43.appspot.com\",\"locationId\":\"europe-west\",\"apiKey\":\"AIzaSyBlwcJwGtOvk9NHLpnBfxoPeANEpibye-g\",\"authDomain\":\"trucky-4ab43.firebaseapp.com\",\"messagingSenderId\":\"852668909766\",\"measurementId\":\"G-2PT7BKQCW9\"},\"_authTokenSyncURL\":\"/__session\"}","FIREBASE_CONFIG":"{\"projectId\":\"trucky-4ab43\",\"databaseURL\":\"https://trucky-4ab43-default-rtdb.europe-west1.firebasedatabase.app\",\"storageBucket\":\"trucky-4ab43.appspot.com\",\"locationId\":\"europe-west\"}","GCLOUD_PROJECT":"trucky-4ab43","EVENTARC_CLOUD_EVENT_SOURCE":"projects/trucky-4ab43/locations/europe-west1/services/ssrtrucky4ab43"},"maxInstanceCount":100,"ingressSettings":"ALLOW_ALL","serviceAccountEmail":"852668909766-compute@developer.gserviceaccount.com","availableMemory":"256Mi","maxInstanceRequestConcurrency":1},"labels":{"deployment-tool":"cli-firebase","firebase-functions-codebase":"firebase-frameworks-trucky-4ab43","firebase-functions-hash":"e8ef7013e972022e97221525c4a22556ed0ffd16"},"environment":"GEN_2"},"stages":[{"name":"BUILD","message":"Creating build","state":"IN_PROGRESS","resource":"projects/852668909766/locations/europe-west1/builds/018c36e4-0571-4764-87e9-5432f911f2f4","resourceUri":"https://console.cloud.google.com/cloud-build/builds;region=europe-west1/018c36e4-0571-4764-87e9-5432f911f2f4?project=852668909766"},{"name":"SERVICE","state":"NOT_STARTED"}]},"done":false}
[debug] [2023-03-13T20:36:47.203Z] [create-firebase-frameworks-trucky-4ab43-europe-west1-ssrtrucky4ab43] Retrying task index 0
[debug] [2023-03-13T20:36:47.204Z] >>> [apiv2][query] GET https://cloudfunctions.googleapis.com/v2/projects/trucky-4ab43/locations/europe-west1/operations/operation-1678739409765-5f6cdfa308509-02ea8b81-a825eea3 [none]
[debug] [2023-03-13T20:36:47.497Z] <<< [apiv2][status] GET https://cloudfunctions.googleapis.com/v2/projects/trucky-4ab43/locations/europe-west1/operations/operation-1678739409765-5f6cdfa308509-02ea8b81-a825eea3 200
[debug] [2023-03-13T20:36:47.497Z] <<< [apiv2][body] GET https://cloudfunctions.googleapis.com/v2/projects/trucky-4ab43/locations/europe-west1/operations/operation-1678739409765-5f6cdfa308509-02ea8b81-a825eea3 {"name":"projects/trucky-4ab43/locations/europe-west1/operations/operation-1678739409765-5f6cdfa308509-02ea8b81-a825eea3","metadata":{"@type":"type.googleapis.com/google.cloud.functions.v2.OperationMetadata","createTime":"2023-03-13T20:30:11.931962890Z","target":"projects/trucky-4ab43/locations/europe-west1/functions/ssrtrucky4ab43","verb":"create","cancelRequested":false,"apiVersion":"v2","requestResource":{"@type":"type.googleapis.com/google.cloud.functions.v2.Function","name":"projects/trucky-4ab43/locations/europe-west1/functions/ssrtrucky4ab43","buildConfig":{"runtime":"nodejs18","entryPoint":"ssrtrucky4ab43","source":{"storageSource":{"bucket":"gcf-v2-sources-852668909766-europe-west1","object":"ssrtrucky4ab43/function-source.zip"}}},"serviceConfig":{"service":"projects/trucky-4ab43/locations/europe-west1/services/ssrtrucky4ab43","timeoutSeconds":60,"environmentVariables":{"TRUCKY_API_KEY":"AIzaSyBlwcJwGtOvk9NHLpnBfxoPeANEpibye-g","TRUCKY_AUTH_DOMAIN":"trucky-4ab43.firebaseapp.com","TRUCKY_PROJECT_ID":"trucky-4ab43","TRUCKY_STORAGE_BUCKET":"trucky-4ab43.appspot.com","TRUCKY_MESSAGING_SENDER_ID":"852668909766","TRUCKY_APP_ID":"1:852668909766:web:e0a316cd85505945426fc7","TRUCKY_MEASUREMENT_ID":"G-2PT7BKQCW9","TRUCKY_DATABASE_URL":"https://trucky-4ab43-default-rtdb.europe-west1.firebasedatabase.app","__FIREBASE_FRAMEWORKS_ENTRY__":"next.js","__FIREBASE_DEFAULTS__":"{\"config\":{\"projectId\":\"trucky-4ab43\",\"appId\":\"1:852668909766:web:e0a316cd85505945426fc7\",\"databaseURL\":\"https://trucky-4ab43-default-rtdb.europe-west1.firebasedatabase.app\",\"storageBucket\":\"trucky-4ab43.appspot.com\",\"locationId\":\"europe-west\",\"apiKey\":\"AIzaSyBlwcJwGtOvk9NHLpnBfxoPeANEpibye-g\",\"authDomain\":\"trucky-4ab43.firebaseapp.com\",\"messagingSenderId\":\"852668909766\",\"measurementId\":\"G-2PT7BKQCW9\"},\"_authTokenSyncURL\":\"/__session\"}","FIREBASE_CONFIG":"{\"projectId\":\"trucky-4ab43\",\"databaseURL\":\"https://trucky-4ab43-default-rtdb.europe-west1.firebasedatabase.app\",\"storageBucket\":\"trucky-4ab43.appspot.com\",\"locationId\":\"europe-west\"}","GCLOUD_PROJECT":"trucky-4ab43","EVENTARC_CLOUD_EVENT_SOURCE":"projects/trucky-4ab43/locations/europe-west1/services/ssrtrucky4ab43"},"maxInstanceCount":100,"ingressSettings":"ALLOW_ALL","serviceAccountEmail":"852668909766-compute@developer.gserviceaccount.com","availableMemory":"256Mi","maxInstanceRequestConcurrency":1},"labels":{"deployment-tool":"cli-firebase","firebase-functions-codebase":"firebase-frameworks-trucky-4ab43","firebase-functions-hash":"e8ef7013e972022e97221525c4a22556ed0ffd16"},"environment":"GEN_2"},"stages":[{"name":"BUILD","message":"Creating build","state":"IN_PROGRESS","resource":"projects/852668909766/locations/europe-west1/builds/018c36e4-0571-4764-87e9-5432f911f2f4","resourceUri":"https://console.cloud.google.com/cloud-build/builds;region=europe-west1/018c36e4-0571-4764-87e9-5432f911f2f4?project=852668909766"},{"name":"SERVICE","state":"NOT_STARTED"}]},"done":false}
[debug] [2023-03-13T20:36:57.498Z] [create-firebase-frameworks-trucky-4ab43-europe-west1-ssrtrucky4ab43] Retrying task index 0
[debug] [2023-03-13T20:36:57.499Z] >>> [apiv2][query] GET https://cloudfunctions.googleapis.com/v2/projects/trucky-4ab43/locations/europe-west1/operations/operation-1678739409765-5f6cdfa308509-02ea8b81-a825eea3 [none]
[debug] [2023-03-13T20:36:57.810Z] <<< [apiv2][status] GET https://cloudfunctions.googleapis.com/v2/projects/trucky-4ab43/locations/europe-west1/operations/operation-1678739409765-5f6cdfa308509-02ea8b81-a825eea3 200
[debug] [2023-03-13T20:36:57.810Z] <<< [apiv2][body] GET https://cloudfunctions.googleapis.com/v2/projects/trucky-4ab43/locations/europe-west1/operations/operation-1678739409765-5f6cdfa308509-02ea8b81-a825eea3 {"name":"projects/trucky-4ab43/locations/europe-west1/operations/operation-1678739409765-5f6cdfa308509-02ea8b81-a825eea3","metadata":{"@type":"type.googleapis.com/google.cloud.functions.v2.OperationMetadata","createTime":"2023-03-13T20:30:11.931962890Z","target":"projects/trucky-4ab43/locations/europe-west1/functions/ssrtrucky4ab43","verb":"create","cancelRequested":false,"apiVersion":"v2","requestResource":{"@type":"type.googleapis.com/google.cloud.functions.v2.Function","name":"projects/trucky-4ab43/locations/europe-west1/functions/ssrtrucky4ab43","buildConfig":{"runtime":"nodejs18","entryPoint":"ssrtrucky4ab43","source":{"storageSource":{"bucket":"gcf-v2-sources-852668909766-europe-west1","object":"ssrtrucky4ab43/function-source.zip"}}},"serviceConfig":{"service":"projects/trucky-4ab43/locations/europe-west1/services/ssrtrucky4ab43","timeoutSeconds":60,"environmentVariables":{"TRUCKY_API_KEY":"AIzaSyBlwcJwGtOvk9NHLpnBfxoPeANEpibye-g","TRUCKY_AUTH_DOMAIN":"trucky-4ab43.firebaseapp.com","TRUCKY_PROJECT_ID":"trucky-4ab43","TRUCKY_STORAGE_BUCKET":"trucky-4ab43.appspot.com","TRUCKY_MESSAGING_SENDER_ID":"852668909766","TRUCKY_APP_ID":"1:852668909766:web:e0a316cd85505945426fc7","TRUCKY_MEASUREMENT_ID":"G-2PT7BKQCW9","TRUCKY_DATABASE_URL":"https://trucky-4ab43-default-rtdb.europe-west1.firebasedatabase.app","__FIREBASE_FRAMEWORKS_ENTRY__":"next.js","__FIREBASE_DEFAULTS__":"{\"config\":{\"projectId\":\"trucky-4ab43\",\"appId\":\"1:852668909766:web:e0a316cd85505945426fc7\",\"databaseURL\":\"https://trucky-4ab43-default-rtdb.europe-west1.firebasedatabase.app\",\"storageBucket\":\"trucky-4ab43.appspot.com\",\"locationId\":\"europe-west\",\"apiKey\":\"AIzaSyBlwcJwGtOvk9NHLpnBfxoPeANEpibye-g\",\"authDomain\":\"trucky-4ab43.firebaseapp.com\",\"messagingSenderId\":\"852668909766\",\"measurementId\":\"G-2PT7BKQCW9\"},\"_authTokenSyncURL\":\"/__session\"}","FIREBASE_CONFIG":"{\"projectId\":\"trucky-4ab43\",\"databaseURL\":\"https://trucky-4ab43-default-rtdb.europe-west1.firebasedatabase.app\",\"storageBucket\":\"trucky-4ab43.appspot.com\",\"locationId\":\"europe-west\"}","GCLOUD_PROJECT":"trucky-4ab43","EVENTARC_CLOUD_EVENT_SOURCE":"projects/trucky-4ab43/locations/europe-west1/services/ssrtrucky4ab43"},"maxInstanceCount":100,"ingressSettings":"ALLOW_ALL","serviceAccountEmail":"852668909766-compute@developer.gserviceaccount.com","availableMemory":"256Mi","maxInstanceRequestConcurrency":1},"labels":{"deployment-tool":"cli-firebase","firebase-functions-codebase":"firebase-frameworks-trucky-4ab43","firebase-functions-hash":"e8ef7013e972022e97221525c4a22556ed0ffd16"},"environment":"GEN_2"},"stages":[{"name":"BUILD","message":"Creating build","state":"COMPLETE","resource":"projects/852668909766/locations/europe-west1/builds/018c36e4-0571-4764-87e9-5432f911f2f4","resourceUri":"https://console.cloud.google.com/cloud-build/builds;region=europe-west1/018c36e4-0571-4764-87e9-5432f911f2f4?project=852668909766"},{"name":"SERVICE","message":"Creating Cloud Run service","state":"IN_PROGRESS","resource":"projects/trucky-4ab43/locations/europe-west1/services/ssrtrucky4ab43","resourceUri":"https://console.cloud.google.com/run/detail/europe-west1/ssrtrucky4ab43?project=trucky-4ab43"}]},"done":false}
[debug] [2023-03-13T20:37:07.811Z] [create-firebase-frameworks-trucky-4ab43-europe-west1-ssrtrucky4ab43] Retrying task index 0
[debug] [2023-03-13T20:37:07.812Z] >>> [apiv2][query] GET https://cloudfunctions.googleapis.com/v2/projects/trucky-4ab43/locations/europe-west1/operations/operation-1678739409765-5f6cdfa308509-02ea8b81-a825eea3 [none]
[debug] [2023-03-13T20:37:08.125Z] <<< [apiv2][status] GET https://cloudfunctions.googleapis.com/v2/projects/trucky-4ab43/locations/europe-west1/operations/operation-1678739409765-5f6cdfa308509-02ea8b81-a825eea3 200
[debug] [2023-03-13T20:37:08.125Z] <<< [apiv2][body] GET https://cloudfunctions.googleapis.com/v2/projects/trucky-4ab43/locations/europe-west1/operations/operation-1678739409765-5f6cdfa308509-02ea8b81-a825eea3 {"name":"projects/trucky-4ab43/locations/europe-west1/operations/operation-1678739409765-5f6cdfa308509-02ea8b81-a825eea3","metadata":{"@type":"type.googleapis.com/google.cloud.functions.v2.OperationMetadata","createTime":"2023-03-13T20:30:11.931962890Z","target":"projects/trucky-4ab43/locations/europe-west1/functions/ssrtrucky4ab43","verb":"create","cancelRequested":false,"apiVersion":"v2","requestResource":{"@type":"type.googleapis.com/google.cloud.functions.v2.Function","name":"projects/trucky-4ab43/locations/europe-west1/functions/ssrtrucky4ab43","buildConfig":{"runtime":"nodejs18","entryPoint":"ssrtrucky4ab43","source":{"storageSource":{"bucket":"gcf-v2-sources-852668909766-europe-west1","object":"ssrtrucky4ab43/function-source.zip"}}},"serviceConfig":{"service":"projects/trucky-4ab43/locations/europe-west1/services/ssrtrucky4ab43","timeoutSeconds":60,"environmentVariables":{"TRUCKY_API_KEY":"AIzaSyBlwcJwGtOvk9NHLpnBfxoPeANEpibye-g","TRUCKY_AUTH_DOMAIN":"trucky-4ab43.firebaseapp.com","TRUCKY_PROJECT_ID":"trucky-4ab43","TRUCKY_STORAGE_BUCKET":"trucky-4ab43.appspot.com","TRUCKY_MESSAGING_SENDER_ID":"852668909766","TRUCKY_APP_ID":"1:852668909766:web:e0a316cd85505945426fc7","TRUCKY_MEASUREMENT_ID":"G-2PT7BKQCW9","TRUCKY_DATABASE_URL":"https://trucky-4ab43-default-rtdb.europe-west1.firebasedatabase.app","__FIREBASE_FRAMEWORKS_ENTRY__":"next.js","__FIREBASE_DEFAULTS__":"{\"config\":{\"projectId\":\"trucky-4ab43\",\"appId\":\"1:852668909766:web:e0a316cd85505945426fc7\",\"databaseURL\":\"https://trucky-4ab43-default-rtdb.europe-west1.firebasedatabase.app\",\"storageBucket\":\"trucky-4ab43.appspot.com\",\"locationId\":\"europe-west\",\"apiKey\":\"AIzaSyBlwcJwGtOvk9NHLpnBfxoPeANEpibye-g\",\"authDomain\":\"trucky-4ab43.firebaseapp.com\",\"messagingSenderId\":\"852668909766\",\"measurementId\":\"G-2PT7BKQCW9\"},\"_authTokenSyncURL\":\"/__session\"}","FIREBASE_CONFIG":"{\"projectId\":\"trucky-4ab43\",\"databaseURL\":\"https://trucky-4ab43-default-rtdb.europe-west1.firebasedatabase.app\",\"storageBucket\":\"trucky-4ab43.appspot.com\",\"locationId\":\"europe-west\"}","GCLOUD_PROJECT":"trucky-4ab43","EVENTARC_CLOUD_EVENT_SOURCE":"projects/trucky-4ab43/locations/europe-west1/services/ssrtrucky4ab43"},"maxInstanceCount":100,"ingressSettings":"ALLOW_ALL","serviceAccountEmail":"852668909766-compute@developer.gserviceaccount.com","availableMemory":"256Mi","maxInstanceRequestConcurrency":1},"labels":{"deployment-tool":"cli-firebase","firebase-functions-codebase":"firebase-frameworks-trucky-4ab43","firebase-functions-hash":"e8ef7013e972022e97221525c4a22556ed0ffd16"},"environment":"GEN_2"},"stages":[{"name":"BUILD","message":"Creating build","state":"COMPLETE","resource":"projects/852668909766/locations/europe-west1/builds/018c36e4-0571-4764-87e9-5432f911f2f4","resourceUri":"https://console.cloud.google.com/cloud-build/builds;region=europe-west1/018c36e4-0571-4764-87e9-5432f911f2f4?project=852668909766"},{"name":"SERVICE","message":"Creating Cloud Run service","state":"IN_PROGRESS","resource":"projects/trucky-4ab43/locations/europe-west1/services/ssrtrucky4ab43","resourceUri":"https://console.cloud.google.com/run/detail/europe-west1/ssrtrucky4ab43?project=trucky-4ab43"}]},"done":false}
[debug] [2023-03-13T20:37:18.126Z] [create-firebase-frameworks-trucky-4ab43-europe-west1-ssrtrucky4ab43] Retrying task index 0
[debug] [2023-03-13T20:37:18.127Z] >>> [apiv2][query] GET https://cloudfunctions.googleapis.com/v2/projects/trucky-4ab43/locations/europe-west1/operations/operation-1678739409765-5f6cdfa308509-02ea8b81-a825eea3 [none]
[debug] [2023-03-13T20:37:18.431Z] <<< [apiv2][status] GET https://cloudfunctions.googleapis.com/v2/projects/trucky-4ab43/locations/europe-west1/operations/operation-1678739409765-5f6cdfa308509-02ea8b81-a825eea3 200
[debug] [2023-03-13T20:37:18.432Z] <<< [apiv2][body] GET https://cloudfunctions.googleapis.com/v2/projects/trucky-4ab43/locations/europe-west1/operations/operation-1678739409765-5f6cdfa308509-02ea8b81-a825eea3 {"name":"projects/trucky-4ab43/locations/europe-west1/operations/operation-1678739409765-5f6cdfa308509-02ea8b81-a825eea3","metadata":{"@type":"type.googleapis.com/google.cloud.functions.v2.OperationMetadata","createTime":"2023-03-13T20:30:11.931962890Z","target":"projects/trucky-4ab43/locations/europe-west1/functions/ssrtrucky4ab43","verb":"create","cancelRequested":false,"apiVersion":"v2","requestResource":{"@type":"type.googleapis.com/google.cloud.functions.v2.Function","name":"projects/trucky-4ab43/locations/europe-west1/functions/ssrtrucky4ab43","buildConfig":{"runtime":"nodejs18","entryPoint":"ssrtrucky4ab43","source":{"storageSource":{"bucket":"gcf-v2-sources-852668909766-europe-west1","object":"ssrtrucky4ab43/function-source.zip"}}},"serviceConfig":{"service":"projects/trucky-4ab43/locations/europe-west1/services/ssrtrucky4ab43","timeoutSeconds":60,"environmentVariables":{"TRUCKY_API_KEY":"AIzaSyBlwcJwGtOvk9NHLpnBfxoPeANEpibye-g","TRUCKY_AUTH_DOMAIN":"trucky-4ab43.firebaseapp.com","TRUCKY_PROJECT_ID":"trucky-4ab43","TRUCKY_STORAGE_BUCKET":"trucky-4ab43.appspot.com","TRUCKY_MESSAGING_SENDER_ID":"852668909766","TRUCKY_APP_ID":"1:852668909766:web:e0a316cd85505945426fc7","TRUCKY_MEASUREMENT_ID":"G-2PT7BKQCW9","TRUCKY_DATABASE_URL":"https://trucky-4ab43-default-rtdb.europe-west1.firebasedatabase.app","__FIREBASE_FRAMEWORKS_ENTRY__":"next.js","__FIREBASE_DEFAULTS__":"{\"config\":{\"projectId\":\"trucky-4ab43\",\"appId\":\"1:852668909766:web:e0a316cd85505945426fc7\",\"databaseURL\":\"https://trucky-4ab43-default-rtdb.europe-west1.firebasedatabase.app\",\"storageBucket\":\"trucky-4ab43.appspot.com\",\"locationId\":\"europe-west\",\"apiKey\":\"AIzaSyBlwcJwGtOvk9NHLpnBfxoPeANEpibye-g\",\"authDomain\":\"trucky-4ab43.firebaseapp.com\",\"messagingSenderId\":\"852668909766\",\"measurementId\":\"G-2PT7BKQCW9\"},\"_authTokenSyncURL\":\"/__session\"}","FIREBASE_CONFIG":"{\"projectId\":\"trucky-4ab43\",\"databaseURL\":\"https://trucky-4ab43-default-rtdb.europe-west1.firebasedatabase.app\",\"storageBucket\":\"trucky-4ab43.appspot.com\",\"locationId\":\"europe-west\"}","GCLOUD_PROJECT":"trucky-4ab43","EVENTARC_CLOUD_EVENT_SOURCE":"projects/trucky-4ab43/locations/europe-west1/services/ssrtrucky4ab43"},"maxInstanceCount":100,"ingressSettings":"ALLOW_ALL","serviceAccountEmail":"852668909766-compute@developer.gserviceaccount.com","availableMemory":"256Mi","maxInstanceRequestConcurrency":1},"labels":{"deployment-tool":"cli-firebase","firebase-functions-codebase":"firebase-frameworks-trucky-4ab43","firebase-functions-hash":"e8ef7013e972022e97221525c4a22556ed0ffd16"},"environment":"GEN_2"},"stages":[{"name":"BUILD","message":"Creating build","state":"COMPLETE","resource":"projects/852668909766/locations/europe-west1/builds/018c36e4-0571-4764-87e9-5432f911f2f4","resourceUri":"https://console.cloud.google.com/cloud-build/builds;region=europe-west1/018c36e4-0571-4764-87e9-5432f911f2f4?project=852668909766"},{"name":"SERVICE","message":"Creating Cloud Run service","state":"IN_PROGRESS","resource":"projects/trucky-4ab43/locations/europe-west1/services/ssrtrucky4ab43","resourceUri":"https://console.cloud.google.com/run/detail/europe-west1/ssrtrucky4ab43?project=trucky-4ab43"}]},"done":false}
[debug] [2023-03-13T20:37:28.433Z] [create-firebase-frameworks-trucky-4ab43-europe-west1-ssrtrucky4ab43] Retrying task index 0
[debug] [2023-03-13T20:37:28.434Z] >>> [apiv2][query] GET https://cloudfunctions.googleapis.com/v2/projects/trucky-4ab43/locations/europe-west1/operations/operation-1678739409765-5f6cdfa308509-02ea8b81-a825eea3 [none]
[debug] [2023-03-13T20:37:28.701Z] <<< [apiv2][status] GET https://cloudfunctions.googleapis.com/v2/projects/trucky-4ab43/locations/europe-west1/operations/operation-1678739409765-5f6cdfa308509-02ea8b81-a825eea3 200
[debug] [2023-03-13T20:37:28.701Z] <<< [apiv2][body] GET https://cloudfunctions.googleapis.com/v2/projects/trucky-4ab43/locations/europe-west1/operations/operation-1678739409765-5f6cdfa308509-02ea8b81-a825eea3 {"name":"projects/trucky-4ab43/locations/europe-west1/operations/operation-1678739409765-5f6cdfa308509-02ea8b81-a825eea3","metadata":{"@type":"type.googleapis.com/google.cloud.functions.v2.OperationMetadata","createTime":"2023-03-13T20:30:11.931962890Z","target":"projects/trucky-4ab43/locations/europe-west1/functions/ssrtrucky4ab43","verb":"create","cancelRequested":false,"apiVersion":"v2","requestResource":{"@type":"type.googleapis.com/google.cloud.functions.v2.Function","name":"projects/trucky-4ab43/locations/europe-west1/functions/ssrtrucky4ab43","buildConfig":{"runtime":"nodejs18","entryPoint":"ssrtrucky4ab43","source":{"storageSource":{"bucket":"gcf-v2-sources-852668909766-europe-west1","object":"ssrtrucky4ab43/function-source.zip"}}},"serviceConfig":{"service":"projects/trucky-4ab43/locations/europe-west1/services/ssrtrucky4ab43","timeoutSeconds":60,"environmentVariables":{"TRUCKY_API_KEY":"AIzaSyBlwcJwGtOvk9NHLpnBfxoPeANEpibye-g","TRUCKY_AUTH_DOMAIN":"trucky-4ab43.firebaseapp.com","TRUCKY_PROJECT_ID":"trucky-4ab43","TRUCKY_STORAGE_BUCKET":"trucky-4ab43.appspot.com","TRUCKY_MESSAGING_SENDER_ID":"852668909766","TRUCKY_APP_ID":"1:852668909766:web:e0a316cd85505945426fc7","TRUCKY_MEASUREMENT_ID":"G-2PT7BKQCW9","TRUCKY_DATABASE_URL":"https://trucky-4ab43-default-rtdb.europe-west1.firebasedatabase.app","__FIREBASE_FRAMEWORKS_ENTRY__":"next.js","__FIREBASE_DEFAULTS__":"{\"config\":{\"projectId\":\"trucky-4ab43\",\"appId\":\"1:852668909766:web:e0a316cd85505945426fc7\",\"databaseURL\":\"https://trucky-4ab43-default-rtdb.europe-west1.firebasedatabase.app\",\"storageBucket\":\"trucky-4ab43.appspot.com\",\"locationId\":\"europe-west\",\"apiKey\":\"AIzaSyBlwcJwGtOvk9NHLpnBfxoPeANEpibye-g\",\"authDomain\":\"trucky-4ab43.firebaseapp.com\",\"messagingSenderId\":\"852668909766\",\"measurementId\":\"G-2PT7BKQCW9\"},\"_authTokenSyncURL\":\"/__session\"}","FIREBASE_CONFIG":"{\"projectId\":\"trucky-4ab43\",\"databaseURL\":\"https://trucky-4ab43-default-rtdb.europe-west1.firebasedatabase.app\",\"storageBucket\":\"trucky-4ab43.appspot.com\",\"locationId\":\"europe-west\"}","GCLOUD_PROJECT":"trucky-4ab43","EVENTARC_CLOUD_EVENT_SOURCE":"projects/trucky-4ab43/locations/europe-west1/services/ssrtrucky4ab43"},"maxInstanceCount":100,"ingressSettings":"ALLOW_ALL","serviceAccountEmail":"852668909766-compute@developer.gserviceaccount.com","availableMemory":"256Mi","maxInstanceRequestConcurrency":1},"labels":{"deployment-tool":"cli-firebase","firebase-functions-codebase":"firebase-frameworks-trucky-4ab43","firebase-functions-hash":"e8ef7013e972022e97221525c4a22556ed0ffd16"},"environment":"GEN_2"},"stages":[{"name":"BUILD","message":"Creating build","state":"COMPLETE","resource":"projects/852668909766/locations/europe-west1/builds/018c36e4-0571-4764-87e9-5432f911f2f4","resourceUri":"https://console.cloud.google.com/cloud-build/builds;region=europe-west1/018c36e4-0571-4764-87e9-5432f911f2f4?project=852668909766"},{"name":"SERVICE","message":"Creating Cloud Run service","state":"IN_PROGRESS","resource":"projects/trucky-4ab43/locations/europe-west1/services/ssrtrucky4ab43","resourceUri":"https://console.cloud.google.com/run/detail/europe-west1/ssrtrucky4ab43?project=trucky-4ab43"}]},"done":false}
[debug] [2023-03-13T20:37:38.701Z] [create-firebase-frameworks-trucky-4ab43-europe-west1-ssrtrucky4ab43] Retrying task index 0
[debug] [2023-03-13T20:37:38.702Z] >>> [apiv2][query] GET https://cloudfunctions.googleapis.com/v2/projects/trucky-4ab43/locations/europe-west1/operations/operation-1678739409765-5f6cdfa308509-02ea8b81-a825eea3 [none]
[debug] [2023-03-13T20:37:39.052Z] <<< [apiv2][status] GET https://cloudfunctions.googleapis.com/v2/projects/trucky-4ab43/locations/europe-west1/operations/operation-1678739409765-5f6cdfa308509-02ea8b81-a825eea3 200
[debug] [2023-03-13T20:37:39.052Z] <<< [apiv2][body] GET https://cloudfunctions.googleapis.com/v2/projects/trucky-4ab43/locations/europe-west1/operations/operation-1678739409765-5f6cdfa308509-02ea8b81-a825eea3 {"name":"projects/trucky-4ab43/locations/europe-west1/operations/operation-1678739409765-5f6cdfa308509-02ea8b81-a825eea3","metadata":{"@type":"type.googleapis.com/google.cloud.functions.v2.OperationMetadata","createTime":"2023-03-13T20:30:11.931962890Z","target":"projects/trucky-4ab43/locations/europe-west1/functions/ssrtrucky4ab43","verb":"create","cancelRequested":false,"apiVersion":"v2","requestResource":{"@type":"type.googleapis.com/google.cloud.functions.v2.Function","name":"projects/trucky-4ab43/locations/europe-west1/functions/ssrtrucky4ab43","buildConfig":{"runtime":"nodejs18","entryPoint":"ssrtrucky4ab43","source":{"storageSource":{"bucket":"gcf-v2-sources-852668909766-europe-west1","object":"ssrtrucky4ab43/function-source.zip"}}},"serviceConfig":{"service":"projects/trucky-4ab43/locations/europe-west1/services/ssrtrucky4ab43","timeoutSeconds":60,"environmentVariables":{"TRUCKY_API_KEY":"AIzaSyBlwcJwGtOvk9NHLpnBfxoPeANEpibye-g","TRUCKY_AUTH_DOMAIN":"trucky-4ab43.firebaseapp.com","TRUCKY_PROJECT_ID":"trucky-4ab43","TRUCKY_STORAGE_BUCKET":"trucky-4ab43.appspot.com","TRUCKY_MESSAGING_SENDER_ID":"852668909766","TRUCKY_APP_ID":"1:852668909766:web:e0a316cd85505945426fc7","TRUCKY_MEASUREMENT_ID":"G-2PT7BKQCW9","TRUCKY_DATABASE_URL":"https://trucky-4ab43-default-rtdb.europe-west1.firebasedatabase.app","__FIREBASE_FRAMEWORKS_ENTRY__":"next.js","__FIREBASE_DEFAULTS__":"{\"config\":{\"projectId\":\"trucky-4ab43\",\"appId\":\"1:852668909766:web:e0a316cd85505945426fc7\",\"databaseURL\":\"https://trucky-4ab43-default-rtdb.europe-west1.firebasedatabase.app\",\"storageBucket\":\"trucky-4ab43.appspot.com\",\"locationId\":\"europe-west\",\"apiKey\":\"AIzaSyBlwcJwGtOvk9NHLpnBfxoPeANEpibye-g\",\"authDomain\":\"trucky-4ab43.firebaseapp.com\",\"messagingSenderId\":\"852668909766\",\"measurementId\":\"G-2PT7BKQCW9\"},\"_authTokenSyncURL\":\"/__session\"}","FIREBASE_CONFIG":"{\"projectId\":\"trucky-4ab43\",\"databaseURL\":\"https://trucky-4ab43-default-rtdb.europe-west1.firebasedatabase.app\",\"storageBucket\":\"trucky-4ab43.appspot.com\",\"locationId\":\"europe-west\"}","GCLOUD_PROJECT":"trucky-4ab43","EVENTARC_CLOUD_EVENT_SOURCE":"projects/trucky-4ab43/locations/europe-west1/services/ssrtrucky4ab43"},"maxInstanceCount":100,"ingressSettings":"ALLOW_ALL","serviceAccountEmail":"852668909766-compute@developer.gserviceaccount.com","availableMemory":"256Mi","maxInstanceRequestConcurrency":1},"labels":{"deployment-tool":"cli-firebase","firebase-functions-codebase":"firebase-frameworks-trucky-4ab43","firebase-functions-hash":"e8ef7013e972022e97221525c4a22556ed0ffd16"},"environment":"GEN_2"},"stages":[{"name":"BUILD","message":"Creating build","state":"COMPLETE","resource":"projects/852668909766/locations/europe-west1/builds/018c36e4-0571-4764-87e9-5432f911f2f4","resourceUri":"https://console.cloud.google.com/cloud-build/builds;region=europe-west1/018c36e4-0571-4764-87e9-5432f911f2f4?project=852668909766"},{"name":"SERVICE","message":"Creating Cloud Run service","state":"IN_PROGRESS","resource":"projects/trucky-4ab43/locations/europe-west1/services/ssrtrucky4ab43","resourceUri":"https://console.cloud.google.com/run/detail/europe-west1/ssrtrucky4ab43?project=trucky-4ab43"}]},"done":false}
[debug] [2023-03-13T20:37:49.053Z] [create-firebase-frameworks-trucky-4ab43-europe-west1-ssrtrucky4ab43] Retrying task index 0
[debug] [2023-03-13T20:37:49.054Z] >>> [apiv2][query] GET https://cloudfunctions.googleapis.com/v2/projects/trucky-4ab43/locations/europe-west1/operations/operation-1678739409765-5f6cdfa308509-02ea8b81-a825eea3 [none]
[debug] [2023-03-13T20:37:49.609Z] <<< [apiv2][status] GET https://cloudfunctions.googleapis.com/v2/projects/trucky-4ab43/locations/europe-west1/operations/operation-1678739409765-5f6cdfa308509-02ea8b81-a825eea3 200
[debug] [2023-03-13T20:37:49.609Z] <<< [apiv2][body] GET https://cloudfunctions.googleapis.com/v2/projects/trucky-4ab43/locations/europe-west1/operations/operation-1678739409765-5f6cdfa308509-02ea8b81-a825eea3 {"name":"projects/trucky-4ab43/locations/europe-west1/operations/operation-1678739409765-5f6cdfa308509-02ea8b81-a825eea3","metadata":{"@type":"type.googleapis.com/google.cloud.functions.v2.OperationMetadata","createTime":"2023-03-13T20:30:11.931962890Z","endTime":"2023-03-13T20:37:44.474656653Z","target":"projects/trucky-4ab43/locations/europe-west1/functions/ssrtrucky4ab43","verb":"create","cancelRequested":false,"apiVersion":"v2","requestResource":{"@type":"type.googleapis.com/google.cloud.functions.v2.Function","name":"projects/trucky-4ab43/locations/europe-west1/functions/ssrtrucky4ab43","buildConfig":{"runtime":"nodejs18","entryPoint":"ssrtrucky4ab43","source":{"storageSource":{"bucket":"gcf-v2-sources-852668909766-europe-west1","object":"ssrtrucky4ab43/function-source.zip"}}},"serviceConfig":{"service":"projects/trucky-4ab43/locations/europe-west1/services/ssrtrucky4ab43","timeoutSeconds":60,"environmentVariables":{"TRUCKY_API_KEY":"AIzaSyBlwcJwGtOvk9NHLpnBfxoPeANEpibye-g","TRUCKY_AUTH_DOMAIN":"trucky-4ab43.firebaseapp.com","TRUCKY_PROJECT_ID":"trucky-4ab43","TRUCKY_STORAGE_BUCKET":"trucky-4ab43.appspot.com","TRUCKY_MESSAGING_SENDER_ID":"852668909766","TRUCKY_APP_ID":"1:852668909766:web:e0a316cd85505945426fc7","TRUCKY_MEASUREMENT_ID":"G-2PT7BKQCW9","TRUCKY_DATABASE_URL":"https://trucky-4ab43-default-rtdb.europe-west1.firebasedatabase.app","__FIREBASE_FRAMEWORKS_ENTRY__":"next.js","__FIREBASE_DEFAULTS__":"{\"config\":{\"projectId\":\"trucky-4ab43\",\"appId\":\"1:852668909766:web:e0a316cd85505945426fc7\",\"databaseURL\":\"https://trucky-4ab43-default-rtdb.europe-west1.firebasedatabase.app\",\"storageBucket\":\"trucky-4ab43.appspot.com\",\"locationId\":\"europe-west\",\"apiKey\":\"AIzaSyBlwcJwGtOvk9NHLpnBfxoPeANEpibye-g\",\"authDomain\":\"trucky-4ab43.firebaseapp.com\",\"messagingSenderId\":\"852668909766\",\"measurementId\":\"G-2PT7BKQCW9\"},\"_authTokenSyncURL\":\"/__session\"}","FIREBASE_CONFIG":"{\"projectId\":\"trucky-4ab43\",\"databaseURL\":\"https://trucky-4ab43-default-rtdb.europe-west1.firebasedatabase.app\",\"storageBucket\":\"trucky-4ab43.appspot.com\",\"locationId\":\"europe-west\"}","GCLOUD_PROJECT":"trucky-4ab43","EVENTARC_CLOUD_EVENT_SOURCE":"projects/trucky-4ab43/locations/europe-west1/services/ssrtrucky4ab43"},"maxInstanceCount":100,"ingressSettings":"ALLOW_ALL","serviceAccountEmail":"852668909766-compute@developer.gserviceaccount.com","availableMemory":"256Mi","maxInstanceRequestConcurrency":1},"labels":{"deployment-tool":"cli-firebase","firebase-functions-codebase":"firebase-frameworks-trucky-4ab43","firebase-functions-hash":"e8ef7013e972022e97221525c4a22556ed0ffd16"},"environment":"GEN_2"},"stages":[{"name":"BUILD","message":"Creating build","state":"COMPLETE","resource":"projects/852668909766/locations/europe-west1/builds/018c36e4-0571-4764-87e9-5432f911f2f4","resourceUri":"https://console.cloud.google.com/cloud-build/builds;region=europe-west1/018c36e4-0571-4764-87e9-5432f911f2f4?project=852668909766"},{"name":"SERVICE","message":"Creating Cloud Run service","state":"COMPLETE","resource":"projects/trucky-4ab43/locations/europe-west1/services/ssrtrucky4ab43","resourceUri":"https://console.cloud.google.com/run/detail/europe-west1/ssrtrucky4ab43?project=trucky-4ab43"}]},"done":true,"response":{"@type":"type.googleapis.com/google.cloud.functions.v2.Function","name":"projects/trucky-4ab43/locations/europe-west1/functions/ssrtrucky4ab43","buildConfig":{"build":"projects/852668909766/locations/europe-west1/builds/018c36e4-0571-4764-87e9-5432f911f2f4","runtime":"nodejs18","entryPoint":"ssrtrucky4ab43","source":{"storageSource":{"bucket":"gcf-v2-sources-852668909766-europe-west1","object":"ssrtrucky4ab43/function-source.zip"}},"sourceProvenance":{"resolvedStorageSource":{"bucket":"gcf-v2-sources-852668909766-europe-west1","object":"ssrtrucky4ab43/function-source.zip","generation":"1678739411478814"}}},"serviceConfig":{"service":"projects/trucky-4ab43/locations/europe-west1/services/ssrtrucky4ab43","timeoutSeconds":60,"environmentVariables":{"TRUCKY_API_KEY":"AIzaSyBlwcJwGtOvk9NHLpnBfxoPeANEpibye-g","TRUCKY_AUTH_DOMAIN":"trucky-4ab43.firebaseapp.com","TRUCKY_PROJECT_ID":"trucky-4ab43","TRUCKY_STORAGE_BUCKET":"trucky-4ab43.appspot.com","TRUCKY_MESSAGING_SENDER_ID":"852668909766","TRUCKY_APP_ID":"1:852668909766:web:e0a316cd85505945426fc7","TRUCKY_MEASUREMENT_ID":"G-2PT7BKQCW9","TRUCKY_DATABASE_URL":"https://trucky-4ab43-default-rtdb.europe-west1.firebasedatabase.app","__FIREBASE_FRAMEWORKS_ENTRY__":"next.js","__FIREBASE_DEFAULTS__":"{\"config\":{\"projectId\":\"trucky-4ab43\",\"appId\":\"1:852668909766:web:e0a316cd85505945426fc7\",\"databaseURL\":\"https://trucky-4ab43-default-rtdb.europe-west1.firebasedatabase.app\",\"storageBucket\":\"trucky-4ab43.appspot.com\",\"locationId\":\"europe-west\",\"apiKey\":\"AIzaSyBlwcJwGtOvk9NHLpnBfxoPeANEpibye-g\",\"authDomain\":\"trucky-4ab43.firebaseapp.com\",\"messagingSenderId\":\"852668909766\",\"measurementId\":\"G-2PT7BKQCW9\"},\"_authTokenSyncURL\":\"/__session\"}","FIREBASE_CONFIG":"{\"projectId\":\"trucky-4ab43\",\"databaseURL\":\"https://trucky-4ab43-default-rtdb.europe-west1.firebasedatabase.app\",\"storageBucket\":\"trucky-4ab43.appspot.com\",\"locationId\":\"europe-west\"}","GCLOUD_PROJECT":"trucky-4ab43","EVENTARC_CLOUD_EVENT_SOURCE":"projects/trucky-4ab43/locations/europe-west1/services/ssrtrucky4ab43"},"maxInstanceCount":100,"ingressSettings":"ALLOW_ALL","uri":"https://ssrtrucky4ab43-fd6keqf4cq-ew.a.run.app","serviceAccountEmail":"852668909766-compute@developer.gserviceaccount.com","availableMemory":"256Mi","allTrafficOnLatestRevision":true,"revision":"ssrtrucky4ab43-00001-pic","maxInstanceRequestConcurrency":1,"availableCpu":"0.1666"},"state":"ACTIVE","updateTime":"2023-03-13T20:30:11.928274560Z","labels":{"firebase-functions-codebase":"firebase-frameworks-trucky-4ab43","firebase-functions-hash":"e8ef7013e972022e97221525c4a22556ed0ffd16","deployment-tool":"cli-firebase"},"environment":"GEN_2"}}
[debug] [2023-03-13T20:37:49.610Z] >>> [apiv2][query] POST https://run.googleapis.com/v1/projects/trucky-4ab43/locations/europe-west1/services/ssrtrucky4ab43:setIamPolicy [none]
[debug] [2023-03-13T20:37:49.610Z] >>> [apiv2][body] POST https://run.googleapis.com/v1/projects/trucky-4ab43/locations/europe-west1/services/ssrtrucky4ab43:setIamPolicy {"policy":{"bindings":[{"role":"roles/run.invoker","members":["allUsers"]}],"etag":"","version":3},"updateMask":"bindings,etag,version"}
[debug] [2023-03-13T20:37:50.419Z] <<< [apiv2][status] POST https://run.googleapis.com/v1/projects/trucky-4ab43/locations/europe-west1/services/ssrtrucky4ab43:setIamPolicy 200
[debug] [2023-03-13T20:37:50.419Z] <<< [apiv2][body] POST https://run.googleapis.com/v1/projects/trucky-4ab43/locations/europe-west1/services/ssrtrucky4ab43:setIamPolicy {"version":1,"etag":"BwX2zhWkaOE=","bindings":[{"role":"roles/run.invoker","members":["allUsers"]}]}
[debug] [2023-03-13T20:37:50.420Z] >>> [apiv2][query] GET https://run.googleapis.com/v1/projects/trucky-4ab43/locations/europe-west1/services/ssrtrucky4ab43 [none]
[debug] [2023-03-13T20:37:50.711Z] <<< [apiv2][status] GET https://run.googleapis.com/v1/projects/trucky-4ab43/locations/europe-west1/services/ssrtrucky4ab43 200
[debug] [2023-03-13T20:37:50.711Z] <<< [apiv2][body] GET https://run.googleapis.com/v1/projects/trucky-4ab43/locations/europe-west1/services/ssrtrucky4ab43 {"apiVersion":"serving.knative.dev/v1","kind":"Service","metadata":{"name":"ssrtrucky4ab43","namespace":"852668909766","selfLink":"/apis/serving.knative.dev/v1/namespaces/852668909766/services/ssrtrucky4ab43","uid":"7bf50ace-6301-49d1-8c65-e96a360e585a","resourceVersion":"AAX2zhUf29M","generation":1,"labels":{"goog-managed-by":"cloudfunctions","goog-cloudfunctions-runtime":"nodejs18","cloud.googleapis.com/location":"europe-west1"},"annotations":{"run.googleapis.com/client-name":"cli-firebase","serving.knative.dev/creator":"service-852668909766@gcf-admin-robot.iam.gserviceaccount.com","serving.knative.dev/lastModifier":"service-852668909766@gcf-admin-robot.iam.gserviceaccount.com","client.knative.dev/user-image":"europe-west1-docker.pkg.dev/trucky-4ab43/gcf-artifacts/ssrtrucky4ab43:version_1","run.googleapis.com/operation-id":"2455c17d-2219-4991-9bd6-ccbd26e63a6c","run.googleapis.com/ingress":"all","run.googleapis.com/ingress-status":"all","cloudfunctions.googleapis.com/function-id":"ssrtrucky4ab43"},"creationTimestamp":"2023-03-13T20:36:53.449149Z"},"spec":{"template":{"metadata":{"name":"ssrtrucky4ab43-00001-pic","annotations":{"run.googleapis.com/client-name":"cli-firebase","cloudfunctions.googleapis.com/trigger-type":"HTTP_TRIGGER","client.knative.dev/user-image":"europe-west1-docker.pkg.dev/trucky-4ab43/gcf-artifacts/ssrtrucky4ab43:version_1","autoscaling.knative.dev/maxScale":"100","run.googleapis.com/cpu-throttling":"true","run.googleapis.com/startup-cpu-boost":"true"}},"spec":{"containerConcurrency":1,"timeoutSeconds":60,"serviceAccountName":"852668909766-compute@developer.gserviceaccount.com","containers":[{"image":"europe-west1-docker.pkg.dev/trucky-4ab43/gcf-artifacts/ssrtrucky4ab43:version_1","env":[{"name":"TRUCKY_API_KEY","value":"AIzaSyBlwcJwGtOvk9NHLpnBfxoPeANEpibye-g"},{"name":"TRUCKY_AUTH_DOMAIN","value":"trucky-4ab43.firebaseapp.com"},{"name":"TRUCKY_PROJECT_ID","value":"trucky-4ab43"},{"name":"TRUCKY_STORAGE_BUCKET","value":"trucky-4ab43.appspot.com"},{"name":"TRUCKY_MESSAGING_SENDER_ID","value":"852668909766"},{"name":"TRUCKY_APP_ID","value":"1:852668909766:web:e0a316cd85505945426fc7"},{"name":"TRUCKY_MEASUREMENT_ID","value":"G-2PT7BKQCW9"},{"name":"TRUCKY_DATABASE_URL","value":"https://trucky-4ab43-default-rtdb.europe-west1.firebasedatabase.app"},{"name":"__FIREBASE_FRAMEWORKS_ENTRY__","value":"next.js"},{"name":"__FIREBASE_DEFAULTS__","value":"{\"config\":{\"projectId\":\"trucky-4ab43\",\"appId\":\"1:852668909766:web:e0a316cd85505945426fc7\",\"databaseURL\":\"https://trucky-4ab43-default-rtdb.europe-west1.firebasedatabase.app\",\"storageBucket\":\"trucky-4ab43.appspot.com\",\"locationId\":\"europe-west\",\"apiKey\":\"AIzaSyBlwcJwGtOvk9NHLpnBfxoPeANEpibye-g\",\"authDomain\":\"trucky-4ab43.firebaseapp.com\",\"messagingSenderId\":\"852668909766\",\"measurementId\":\"G-2PT7BKQCW9\"},\"_authTokenSyncURL\":\"/__session\"}"},{"name":"FIREBASE_CONFIG","value":"{\"projectId\":\"trucky-4ab43\",\"databaseURL\":\"https://trucky-4ab43-default-rtdb.europe-west1.firebasedatabase.app\",\"storageBucket\":\"trucky-4ab43.appspot.com\",\"locationId\":\"europe-west\"}"},{"name":"GCLOUD_PROJECT","value":"trucky-4ab43"},{"name":"EVENTARC_CLOUD_EVENT_SOURCE","value":"projects/trucky-4ab43/locations/europe-west1/services/ssrtrucky4ab43"}],"resources":{"limits":{"cpu":"0.1666","memory":"256Mi"}},"ports":[{"name":"http1","containerPort":8080}]}]}},"traffic":[{"percent":100,"latestRevision":true}]},"status":{"observedGeneration":1,"conditions":[{"type":"Ready","status":"True","lastTransitionTime":"2023-03-13T20:37:41.658579Z"},{"type":"ConfigurationsReady","status":"True","lastTransitionTime":"2023-03-13T20:37:39.360523Z"},{"type":"RoutesReady","status":"True","lastTransitionTime":"2023-03-13T20:37:41.658579Z"}],"latestReadyRevisionName":"ssrtrucky4ab43-00001-pic","latestCreatedRevisionName":"ssrtrucky4ab43-00001-pic","traffic":[{"revisionName":"ssrtrucky4ab43-00001-pic","percent":100,"latestRevision":true}],"url":"https://ssrtrucky4ab43-fd6keqf4cq-ew.a.run.app","address":{"url":"https://ssrtrucky4ab43-fd6keqf4cq-ew.a.run.app"}}}
[debug] [2023-03-13T20:37:50.712Z] >>> [apiv2][query] PUT https://run.googleapis.com/v1/projects/trucky-4ab43/locations/europe-west1/services/ssrtrucky4ab43 [none]
[debug] [2023-03-13T20:37:50.712Z] >>> [apiv2][body] PUT https://run.googleapis.com/v1/projects/trucky-4ab43/locations/europe-west1/services/ssrtrucky4ab43 {"apiVersion":"serving.knative.dev/v1","kind":"Service","metadata":{"name":"ssrtrucky4ab43","namespace":"852668909766","selfLink":"/apis/serving.knative.dev/v1/namespaces/852668909766/services/ssrtrucky4ab43","uid":"7bf50ace-6301-49d1-8c65-e96a360e585a","resourceVersion":"AAX2zhUf29M","generation":1,"labels":{"goog-managed-by":"cloudfunctions","goog-cloudfunctions-runtime":"nodejs18","cloud.googleapis.com/location":"europe-west1"},"annotations":{"run.googleapis.com/client-name":"cli-firebase","serving.knative.dev/creator":"service-852668909766@gcf-admin-robot.iam.gserviceaccount.com","serving.knative.dev/lastModifier":"service-852668909766@gcf-admin-robot.iam.gserviceaccount.com","client.knative.dev/user-image":"europe-west1-docker.pkg.dev/trucky-4ab43/gcf-artifacts/ssrtrucky4ab43:version_1","run.googleapis.com/operation-id":"2455c17d-2219-4991-9bd6-ccbd26e63a6c","run.googleapis.com/ingress":"all","run.googleapis.com/ingress-status":"all","cloudfunctions.googleapis.com/function-id":"ssrtrucky4ab43"},"creationTimestamp":"2023-03-13T20:36:53.449149Z"},"spec":{"template":{"metadata":{"annotations":{"run.googleapis.com/client-name":"cli-firebase","cloudfunctions.googleapis.com/trigger-type":"HTTP_TRIGGER","client.knative.dev/user-image":"europe-west1-docker.pkg.dev/trucky-4ab43/gcf-artifacts/ssrtrucky4ab43:version_1","autoscaling.knative.dev/maxScale":"100","run.googleapis.com/cpu-throttling":"true","run.googleapis.com/startup-cpu-boost":"true"}},"spec":{"containerConcurrency":80,"timeoutSeconds":60,"serviceAccountName":"852668909766-compute@developer.gserviceaccount.com","containers":[{"image":"europe-west1-docker.pkg.dev/trucky-4ab43/gcf-artifacts/ssrtrucky4ab43:version_1","env":[{"name":"TRUCKY_API_KEY","value":"AIzaSyBlwcJwGtOvk9NHLpnBfxoPeANEpibye-g"},{"name":"TRUCKY_AUTH_DOMAIN","value":"trucky-4ab43.firebaseapp.com"},{"name":"TRUCKY_PROJECT_ID","value":"trucky-4ab43"},{"name":"TRUCKY_STORAGE_BUCKET","value":"trucky-4ab43.appspot.com"},{"name":"TRUCKY_MESSAGING_SENDER_ID","value":"852668909766"},{"name":"TRUCKY_APP_ID","value":"1:852668909766:web:e0a316cd85505945426fc7"},{"name":"TRUCKY_MEASUREMENT_ID","value":"G-2PT7BKQCW9"},{"name":"TRUCKY_DATABASE_URL","value":"https://trucky-4ab43-default-rtdb.europe-west1.firebasedatabase.app"},{"name":"__FIREBASE_FRAMEWORKS_ENTRY__","value":"next.js"},{"name":"__FIREBASE_DEFAULTS__","value":"{\"config\":{\"projectId\":\"trucky-4ab43\",\"appId\":\"1:852668909766:web:e0a316cd85505945426fc7\",\"databaseURL\":\"https://trucky-4ab43-default-rtdb.europe-west1.firebasedatabase.app\",\"storageBucket\":\"trucky-4ab43.appspot.com\",\"locationId\":\"europe-west\",\"apiKey\":\"AIzaSyBlwcJwGtOvk9NHLpnBfxoPeANEpibye-g\",\"authDomain\":\"trucky-4ab43.firebaseapp.com\",\"messagingSenderId\":\"852668909766\",\"measurementId\":\"G-2PT7BKQCW9\"},\"_authTokenSyncURL\":\"/__session\"}"},{"name":"FIREBASE_CONFIG","value":"{\"projectId\":\"trucky-4ab43\",\"databaseURL\":\"https://trucky-4ab43-default-rtdb.europe-west1.firebasedatabase.app\",\"storageBucket\":\"trucky-4ab43.appspot.com\",\"locationId\":\"europe-west\"}"},{"name":"GCLOUD_PROJECT","value":"trucky-4ab43"},{"name":"EVENTARC_CLOUD_EVENT_SOURCE","value":"projects/trucky-4ab43/locations/europe-west1/services/ssrtrucky4ab43"}],"resources":{"limits":{"cpu":"1","memory":"256Mi"}},"ports":[{"name":"http1","containerPort":8080}]}]}},"traffic":[{"percent":100,"latestRevision":true}]}}
[debug] [2023-03-13T20:37:51.323Z] <<< [apiv2][status] PUT https://run.googleapis.com/v1/projects/trucky-4ab43/locations/europe-west1/services/ssrtrucky4ab43 400
[debug] [2023-03-13T20:37:51.323Z] <<< [apiv2][body] PUT https://run.googleapis.com/v1/projects/trucky-4ab43/locations/europe-west1/services/ssrtrucky4ab43 {"error":{"code":400,"message":"spec.template.spec.containers.resources.limits.cpu: Invalid value specified for cpu. For the specified value, maxScale may not exceed 30.\nConsider running your workload in a region with greater capacity, decreasing your requested cpu-per-instance, or requesting an increase in quota for this region if you are seeing sustained usage near this limit, see https://cloud.google.com/run/quotas. Your project may gain access to further scaling by adding billing information to your account.","status":"INVALID_ARGUMENT","details":[{"@type":"type.googleapis.com/google.rpc.BadRequest","fieldViolations":[{"field":"spec.template.spec.containers.resources.limits.cpu","description":"Invalid value specified for cpu. For the specified value, maxScale may not exceed 30.\nConsider running your workload in a region with greater capacity, decreasing your requested cpu-per-instance, or requesting an increase in quota for this region if you are seeing sustained usage near this limit, see https://cloud.google.com/run/quotas. Your project may gain access to further scaling by adding billing information to your account."}]}]}}
[error] Failed to replace Run service projects/trucky-4ab43/locations/europe-west1/services/ssrtrucky4ab43
[debug] [2023-03-13T20:37:51.332Z] Total Function Deployment time: 462023
[debug] [2023-03-13T20:37:51.332Z] 1 Functions Deployed
[debug] [2023-03-13T20:37:51.332Z] 1 Functions Errored
[debug] [2023-03-13T20:37:51.332Z] 0 Function Deployments Aborted
[debug] [2023-03-13T20:37:51.332Z] Average Function Deployment time: 462020
[info] 
[info] Functions deploy had errors with the following functions:
	firebase-frameworks-trucky-4ab43:ssrtrucky4ab43(europe-west1)
[info] Function URL (firebase-frameworks-trucky-4ab43:ssrtrucky4ab43(europe-west1)): https://ssrtrucky4ab43-fd6keqf4cq-ew.a.run.app
[info] i  functions: cleaning up build files... 
[debug] [2023-03-13T20:37:51.603Z] >>> [apiv2][query] DELETE https://artifactregistry.googleapis.com/v1beta2/projects/trucky-4ab43/locations/europe-west1/repositories/gcf-artifacts/packages/ssrtrucky4ab43 [none]
[debug] [2023-03-13T20:37:51.604Z] >>> [apiv2][query] GET https://eu.gcr.io/v2/trucky-4ab43/gcf/europe-west1/tags/list [none]
[debug] [2023-03-13T20:37:51.987Z] <<< [apiv2][status] DELETE https://artifactregistry.googleapis.com/v1beta2/projects/trucky-4ab43/locations/europe-west1/repositories/gcf-artifacts/packages/ssrtrucky4ab43 200
[debug] [2023-03-13T20:37:51.987Z] <<< [apiv2][body] DELETE https://artifactregistry.googleapis.com/v1beta2/projects/trucky-4ab43/locations/europe-west1/repositories/gcf-artifacts/packages/ssrtrucky4ab43 {"name":"projects/trucky-4ab43/locations/europe-west1/operations/54250e3f-3928-4075-99fc-0c1a6785b27b","metadata":{"@type":"type.googleapis.com/google.devtools.artifactregistry.v1beta2.OperationMetadata"}}
[debug] [2023-03-13T20:37:51.988Z] >>> [apiv2][query] GET https://artifactregistry.googleapis.com/v1beta2/projects/trucky-4ab43/locations/europe-west1/operations/54250e3f-3928-4075-99fc-0c1a6785b27b [none]
[debug] [2023-03-13T20:37:52.252Z] <<< [apiv2][status] GET https://artifactregistry.googleapis.com/v1beta2/projects/trucky-4ab43/locations/europe-west1/operations/54250e3f-3928-4075-99fc-0c1a6785b27b 200
[debug] [2023-03-13T20:37:52.252Z] <<< [apiv2][body] GET https://artifactregistry.googleapis.com/v1beta2/projects/trucky-4ab43/locations/europe-west1/operations/54250e3f-3928-4075-99fc-0c1a6785b27b {"name":"projects/trucky-4ab43/locations/europe-west1/operations/54250e3f-3928-4075-99fc-0c1a6785b27b","metadata":{"@type":"type.googleapis.com/google.devtools.artifactregistry.v1beta2.OperationMetadata"},"done":true,"response":{"@type":"type.googleapis.com/google.protobuf.Empty"}}
[debug] [2023-03-13T20:37:53.790Z] <<< [apiv2][status] GET https://eu.gcr.io/v2/trucky-4ab43/gcf/europe-west1/tags/list 200
[debug] [2023-03-13T20:37:53.790Z] <<< [apiv2][body] GET https://eu.gcr.io/v2/trucky-4ab43/gcf/europe-west1/tags/list {"child":[],"manifest":{},"name":"trucky-4ab43/gcf/europe-west1","tags":[]}
[debug] [2023-03-13T20:37:53.790Z] Could not find image for function projects/trucky-4ab43/locations/europe-west1/functions/ssrtrucky4ab43
[debug] [2023-03-13T20:37:53.790Z] Functions deploy failed.
[debug] [2023-03-13T20:37:53.790Z] {
  "endpoint": {
    "id": "ssrtrucky4ab43",
    "project": "trucky-4ab43",
    "region": "europe-west1",
    "entryPoint": "ssrtrucky4ab43",
    "platform": "gcfv2",
    "runtime": "nodejs18",
    "httpsTrigger": {},
    "labels": {
      "deployment-tool": "cli-firebase"
    },
    "environmentVariables": {
      "TRUCKY_API_KEY": "AIzaSyBlwcJwGtOvk9NHLpnBfxoPeANEpibye-g",
      "TRUCKY_AUTH_DOMAIN": "trucky-4ab43.firebaseapp.com",
      "TRUCKY_PROJECT_ID": "trucky-4ab43",
      "TRUCKY_STORAGE_BUCKET": "trucky-4ab43.appspot.com",
      "TRUCKY_MESSAGING_SENDER_ID": "852668909766",
      "TRUCKY_APP_ID": "1:852668909766:web:e0a316cd85505945426fc7",
      "TRUCKY_MEASUREMENT_ID": "G-2PT7BKQCW9",
      "TRUCKY_DATABASE_URL": "https://trucky-4ab43-default-rtdb.europe-west1.firebasedatabase.app",
      "__FIREBASE_FRAMEWORKS_ENTRY__": "next.js",
      "__FIREBASE_DEFAULTS__": "{\"config\":{\"projectId\":\"trucky-4ab43\",\"appId\":\"1:852668909766:web:e0a316cd85505945426fc7\",\"databaseURL\":\"https://trucky-4ab43-default-rtdb.europe-west1.firebasedatabase.app\",\"storageBucket\":\"trucky-4ab43.appspot.com\",\"locationId\":\"europe-west\",\"apiKey\":\"AIzaSyBlwcJwGtOvk9NHLpnBfxoPeANEpibye-g\",\"authDomain\":\"trucky-4ab43.firebaseapp.com\",\"messagingSenderId\":\"852668909766\",\"measurementId\":\"G-2PT7BKQCW9\"},\"_authTokenSyncURL\":\"/__session\"}",
      "FIREBASE_CONFIG": "{\"projectId\":\"trucky-4ab43\",\"databaseURL\":\"https://trucky-4ab43-default-rtdb.europe-west1.firebasedatabase.app\",\"storageBucket\":\"trucky-4ab43.appspot.com\",\"locationId\":\"europe-west\"}",
      "GCLOUD_PROJECT": "trucky-4ab43",
      "EVENTARC_CLOUD_EVENT_SOURCE": "projects/trucky-4ab43/locations/europe-west1/services/ssrtrucky4ab43"
    },
    "codebase": "firebase-frameworks-trucky-4ab43",
    "cpu": 1,
    "concurrency": 80,
    "targetedByOnly": false,
    "hash": "e8ef7013e972022e97221525c4a22556ed0ffd16",
    "uri": "https://ssrtrucky4ab43-fd6keqf4cq-ew.a.run.app"
  },
  "op": "set concurrency",
  "original": {
    "name": "FirebaseError",
    "children": [],
    "exit": 1,
    "message": "Failed to replace Run service projects/trucky-4ab43/locations/europe-west1/services/ssrtrucky4ab43",
    "original": {
      "name": "FirebaseError",
      "children": [],
      "context": {
        "body": {
          "error": {
            "code": 400,
            "message": "spec.template.spec.containers.resources.limits.cpu: Invalid value specified for cpu. For the specified value, maxScale may not exceed 30.\nConsider running your workload in a region with greater capacity, decreasing your requested cpu-per-instance, or requesting an increase in quota for this region if you are seeing sustained usage near this limit, see https://cloud.google.com/run/quotas. Your project may gain access to further scaling by adding billing information to your account.",
            "status": "INVALID_ARGUMENT",
            "details": [
              {
                "@type": "type.googleapis.com/google.rpc.BadRequest",
                "fieldViolations": [
                  {
                    "field": "spec.template.spec.containers.resources.limits.cpu",
                    "description": "Invalid value specified for cpu. For the specified value, maxScale may not exceed 30.\nConsider running your workload in a region with greater capacity, decreasing your requested cpu-per-instance, or requesting an increase in quota for this region if you are seeing sustained usage near this limit, see https://cloud.google.com/run/quotas. Your project may gain access to further scaling by adding billing information to your account."
                  }
                ]
              }
            ]
          }
        },
        "response": {
          "statusCode": 400
        }
      },
      "exit": 1,
      "message": "HTTP Error: 400, spec.template.spec.containers.resources.limits.cpu: Invalid value specified for cpu. For the specified value, maxScale may not exceed 30.\nConsider running your workload in a region with greater capacity, decreasing your requested cpu-per-instance, or requesting an increase in quota for this region if you are seeing sustained usage near this limit, see https://cloud.google.com/run/quotas. Your project may gain access to further scaling by adding billing information to your account.",
      "status": 400
    },
    "status": 500
  }
}
[debug] [2023-03-13T20:37:54.020Z] Error: Failed to set concurrency function ssrtrucky4ab43 in region europe-west1
    at /usr/local/lib/node_modules/firebase-tools/lib/deploy/functions/release/fabricator.js:48:11
    at process.processTicksAndRejections (node:internal/process/task_queues:95:5)
    at async Fabricator.setRunTraits (/usr/local/lib/node_modules/firebase-tools/lib/deploy/functions/release/fabricator.js:430:9)
    at async Fabricator.createV2Function (/usr/local/lib/node_modules/firebase-tools/lib/deploy/functions/release/fabricator.js:322:13)
    at async Fabricator.createEndpoint (/usr/local/lib/node_modules/firebase-tools/lib/deploy/functions/release/fabricator.js:132:13)
    at async handle (/usr/local/lib/node_modules/firebase-tools/lib/deploy/functions/release/fabricator.js:85:17)
[error] 
[error] Error: There was an error deploying functions
